/*
 Navicat Premium Data Transfer

 Source Server         : 39.108.191.56
 Source Server Type    : MySQL
 Source Server Version : 80016
 Source Host           : 39.108.191.56:3306
 Source Schema         : youyd

 Target Server Type    : MySQL
 Target Server Version : 80016
 File Encoding         : 65001

 Date: 31/05/2019 00:16:07
*/

SET NAMES utf8mb4;
SET FOREIGN_KEY_CHECKS = 0;

-- ----------------------------
-- Table structure for ar_article
-- ----------------------------
DROP TABLE IF EXISTS `ar_article`;
CREATE TABLE `ar_article` (
  `id` varchar(20) CHARACTER SET utf8 COLLATE utf8_general_ci NOT NULL COMMENT 'ID',
  `category_id` varchar(20) CHARACTER SET utf8 COLLATE utf8_general_ci DEFAULT NULL COMMENT '分类ID',
  `label` varchar(1000) CHARACTER SET utf8 COLLATE utf8_general_ci DEFAULT NULL COMMENT '标签（逗号相隔多个标签）',
  `user_id` varchar(20) CHARACTER SET utf8 COLLATE utf8_general_ci DEFAULT NULL COMMENT '用户ID',
  `title` varchar(500) CHARACTER SET utf8 COLLATE utf8_general_ci DEFAULT NULL COMMENT '标题',
  `description` varchar(1000) CHARACTER SET utf8 COLLATE utf8_general_ci DEFAULT NULL COMMENT '文章描述（概述）',
  `image` varchar(2000) CHARACTER SET utf8 COLLATE utf8_general_ci DEFAULT NULL COMMENT '文章封面',
  `create_at` bigint(20) DEFAULT NULL COMMENT '发表日期',
  `update_at` bigint(20) DEFAULT NULL COMMENT '修改日期',
  `is_public` int(2) DEFAULT NULL COMMENT '是否公开（草稿）',
  `is_top` int(2) DEFAULT NULL COMMENT '是否置顶',
  `visits` int(20) DEFAULT NULL COMMENT '浏览量',
  `upvote` int(20) DEFAULT NULL COMMENT '点赞数',
  `comment` int(20) DEFAULT NULL COMMENT '评论数',
  `review_state` int(2) DEFAULT NULL COMMENT '审核状态（1:通过，2：审核中，3：拒绝）',
  `url` varchar(100) CHARACTER SET utf8 COLLATE utf8_general_ci DEFAULT NULL COMMENT 'URL',
  `type` varchar(1) CHARACTER SET utf8 COLLATE utf8_general_ci DEFAULT NULL COMMENT '类型',
  `importance` float(2,1) DEFAULT NULL COMMENT '热度',
  `keywords` varchar(200) CHARACTER SET utf8 COLLATE utf8_general_ci DEFAULT NULL COMMENT '关键字',
  `origin` int(1) DEFAULT NULL COMMENT '来源（1：原创，2：转载，3：混撰）',
  `content` text CHARACTER SET utf8 COLLATE utf8_general_ci COMMENT '文章正文',
  PRIMARY KEY (`id`) USING BTREE
) ENGINE=InnoDB DEFAULT CHARSET=utf8 ROW_FORMAT=COMPACT COMMENT='文章板块/文章管理';

-- ----------------------------
-- Records of ar_article
-- ----------------------------
BEGIN;
INSERT INTO `ar_article` VALUES ('1', '3', 'kkkk,jjjj', '12151044', '受脑认知和神经科学启发的人工智能', '大概描', 'https://ss3.bdstatic.com/70cFv8Sh_Q1YnxGkpoWK1HF6hhy/it/u=1229855747,4092679124&fm=26&gp=0.jpg', 20190129194744, 20190129194746, 1, 1, 25, 3562, 11, 1, '1', '1', 3.0, '1', 1, '<h3>第一条文章测试</h3>\n<ol>\n<li>6啊</li>\n<li>哈哈哈<img src=\"https://p.nanrenwo.net/uploads/allimg/160907/8122-160ZG10T5-50.jpg\" alt=\"&acirc;&auml;&ordm;&aring;&acirc;&ccedil;&aring;&frac34;&ccedil;&aelig;&ccedil;&acute;&cent;&ccedil;&raquo;&aelig;\" /></li>\n</ol>');
INSERT INTO `ar_article` VALUES ('1125040614373310466', '1', '言情,假的', NULL, '第三个文章哦', '第三个文章哦', NULL, 1557065559366, 1557065559366, 0, 1, 0, 0, 0, 1, NULL, NULL, 0.0, NULL, 2, '<p>第三个文章哦</p>');
INSERT INTO `ar_article` VALUES ('2', '2', '第一个标签', '2', '测试', '2', 'https://ss1.baidu.com/9vo3dSag_xI4khGko9WTAnF6hhy/image/h%3D300/sign=c8a9d4e2841363270aedc433a18fa056/11385343fbf2b2114a65cd70c48065380cd78e41.jpg', 20190130101649, 20190130101649, 2, 2, 0, 3, 11, 2, '2', '2', 2.0, '2', 1, '1');
COMMIT;

-- ----------------------------
-- Table structure for ar_article_tags
-- ----------------------------
DROP TABLE IF EXISTS `ar_article_tags`;
CREATE TABLE `ar_article_tags` (
  `id` int(20) NOT NULL COMMENT 'ID',
  `article_id` int(20) DEFAULT NULL COMMENT '文章id',
  `tags_id` int(20) DEFAULT NULL COMMENT '标签id',
  PRIMARY KEY (`id`) USING BTREE
) ENGINE=InnoDB DEFAULT CHARSET=utf8 ROW_FORMAT=COMPACT COMMENT='文章板块/文章_标签中间表';

-- ----------------------------
-- Records of ar_article_tags
-- ----------------------------
BEGIN;
INSERT INTO `ar_article_tags` VALUES (1111101, 1, 1);
INSERT INTO `ar_article_tags` VALUES (1111102, 2, 3);
INSERT INTO `ar_article_tags` VALUES (1111103, 3, 1);
COMMIT;

-- ----------------------------
-- Table structure for ar_category
-- ----------------------------
DROP TABLE IF EXISTS `ar_category`;
CREATE TABLE `ar_category` (
  `id` varchar(20) CHARACTER SET utf8 COLLATE utf8_general_ci NOT NULL COMMENT 'ID',
  `parent_id` varchar(20) CHARACTER SET utf8 COLLATE utf8_general_ci DEFAULT NULL COMMENT '父ID',
  `name` varchar(100) CHARACTER SET utf8 COLLATE utf8_general_ci DEFAULT NULL COMMENT '分类名称',
  `summary` varchar(1000) CHARACTER SET utf8 COLLATE utf8_general_ci DEFAULT NULL COMMENT '分类简介',
  `user_id` varchar(20) CHARACTER SET utf8 COLLATE utf8_general_ci DEFAULT NULL COMMENT '用户ID',
  `create_at` bigint(20) DEFAULT NULL COMMENT '创建时间',
  `state` int(2) DEFAULT NULL COMMENT '状态',
  `update_at` bigint(20) DEFAULT NULL COMMENT '更新时间',
  PRIMARY KEY (`id`) USING BTREE
) ENGINE=InnoDB DEFAULT CHARSET=utf8 ROW_FORMAT=COMPACT COMMENT='文章板块/文章分类表';

-- ----------------------------
-- Records of ar_category
-- ----------------------------
BEGIN;
INSERT INTO `ar_category` VALUES ('0', NULL, NULL, NULL, NULL, NULL, 1, NULL);
INSERT INTO `ar_category` VALUES ('1', '0', 'java', 'spring开发标签', '1151577', 1555773930915, 1, 1555773930915);
INSERT INTO `ar_category` VALUES ('1123854055171100673', '3', '121', '1212', '1151577', 1555773930915, 1, 1555773930915);
INSERT INTO `ar_category` VALUES ('1123968229603758082', '', '', '', NULL, NULL, 0, NULL);
INSERT INTO `ar_category` VALUES ('2', '0', 'javaScript', 'javaScript', '1151577', 1555773930915, 1, 1555773930915);
INSERT INTO `ar_category` VALUES ('3', '1', 'mybatis', 'mybatis', '1151577', 1555773930915, 1, 1555773930915);
COMMIT;

-- ----------------------------
-- Table structure for ar_comment
-- ----------------------------
DROP TABLE IF EXISTS `ar_comment`;
CREATE TABLE `ar_comment` (
  `id` varchar(11) CHARACTER SET utf8 COLLATE utf8_general_ci NOT NULL COMMENT '评论表id',
  `article_id` varchar(11) CHARACTER SET utf8 COLLATE utf8_general_ci DEFAULT NULL COMMENT '外键文章表ID',
  `content` varchar(255) CHARACTER SET utf8 COLLATE utf8_general_ci DEFAULT NULL COMMENT '评论内容',
  `user_id` varchar(11) CHARACTER SET utf8 COLLATE utf8_general_ci DEFAULT NULL COMMENT '评论人ID',
  `parent_id` varchar(11) CHARACTER SET utf8 COLLATE utf8_general_ci DEFAULT NULL COMMENT '父评论ID(如果为0表示文章的顶级评论,每一条评论都可以被评论)',
  `publish_date` bigint(20) DEFAULT NULL COMMENT '评论日期',
  PRIMARY KEY (`id`) USING BTREE
) ENGINE=InnoDB DEFAULT CHARSET=utf8 ROW_FORMAT=COMPACT COMMENT='文章板块/文章评论';

-- ----------------------------
-- Table structure for ar_tags
-- ----------------------------
DROP TABLE IF EXISTS `ar_tags`;
CREATE TABLE `ar_tags` (
  `id` varchar(20) CHARACTER SET utf8 COLLATE utf8_general_ci NOT NULL COMMENT 'ID',
  `name` varchar(100) CHARACTER SET utf8 COLLATE utf8_general_ci DEFAULT NULL COMMENT '标签名称',
  `slug` varchar(100) CHARACTER SET utf8 COLLATE utf8_general_ci DEFAULT NULL COMMENT '英文名称',
  `description` varchar(1000) CHARACTER SET utf8 COLLATE utf8_general_ci DEFAULT NULL COMMENT '描述',
  `icon` varchar(20) CHARACTER SET utf8 COLLATE utf8_general_ci DEFAULT NULL COMMENT '标签图标',
  `create_at` bigint(20) DEFAULT NULL COMMENT '创建时间',
  `state` varchar(1) CHARACTER SET utf8 COLLATE utf8_general_ci DEFAULT NULL COMMENT '状态',
  `update_at` bigint(20) DEFAULT NULL COMMENT '更新时间',
  PRIMARY KEY (`id`) USING BTREE
) ENGINE=InnoDB DEFAULT CHARSET=utf8 ROW_FORMAT=COMPACT COMMENT='文章板块/文章标签表';

-- ----------------------------
-- Records of ar_tags
-- ----------------------------
BEGIN;
INSERT INTO `ar_tags` VALUES ('1', '2019', '2019', '2019年标签', 'icon-math', 20190130190724, '1', 20190309021015);
INSERT INTO `ar_tags` VALUES ('2', '多肉植物', 'succulent', '多肉植物标签', 'icon-physics', 20190130190724, '1', 20190309021011);
INSERT INTO `ar_tags` VALUES ('3', 'LeetCode', 'LeetCode', 'LeetCode标签', 'icon-physics', 20190130190724, '1', 20190309020958);
COMMIT;

-- ----------------------------
-- Table structure for ba_dict
-- ----------------------------
DROP TABLE IF EXISTS `ba_dict`;
CREATE TABLE `ba_dict` (
  `id` varchar(20) CHARACTER SET utf8 COLLATE utf8_general_ci NOT NULL COMMENT '树形字典',
  `parent_id` varchar(20) CHARACTER SET utf8 COLLATE utf8_general_ci DEFAULT NULL COMMENT '父节点ID',
  `code` varchar(20) CHARACTER SET utf8 COLLATE utf8_general_ci DEFAULT NULL COMMENT '编码',
  `name` varchar(50) CHARACTER SET utf8 COLLATE utf8_general_ci DEFAULT NULL COMMENT '名称',
  `description` varchar(1000) CHARACTER SET utf8 COLLATE utf8_general_ci DEFAULT NULL COMMENT '描述',
  `state` int(2) DEFAULT NULL COMMENT '状态',
  `type` varchar(20) CHARACTER SET utf8 COLLATE utf8_general_ci DEFAULT NULL COMMENT '类型',
  `create_at` bigint(20) DEFAULT NULL COMMENT '创建时间',
  `update_at` bigint(20) DEFAULT NULL COMMENT '更新时间',
  PRIMARY KEY (`id`) USING BTREE
) ENGINE=InnoDB DEFAULT CHARSET=utf8 ROW_FORMAT=COMPACT COMMENT='基础板块/字典管理';

-- ----------------------------
-- Records of ba_dict
-- ----------------------------
BEGIN;
INSERT INTO `ba_dict` VALUES ('1133978689470599168', '1133978877252415931', '11', '北京市', '省市', 1, 'city', 1559196607257, 1559196607257);
INSERT INTO `ba_dict` VALUES ('1133978689890029568', '1133978689470599168', '110101', '东城区', '省市', 1, 'city', 1559196607361, 1559196607362);
INSERT INTO `ba_dict` VALUES ('1133978690313654272', '1133978689470599168', '110102', '西城区', '省市', 1, 'city', 1559196607431, 1559196607431);
INSERT INTO `ba_dict` VALUES ('1133978690737278976', '1133978689470599168', '110105', '朝阳区', '省市', 1, 'city', 1559196607500, 1559196607500);
INSERT INTO `ba_dict` VALUES ('1133978691156709376', '1133978689470599168', '110106', '丰台区', '省市', 1, 'city', 1559196607571, 1559196607571);
INSERT INTO `ba_dict` VALUES ('1133978691580334080', '1133978689470599168', '110107', '石景山区', '省市', 1, 'city', 1559196607642, 1559196607642);
INSERT INTO `ba_dict` VALUES ('1133978692003958784', '1133978689470599168', '110108', '海淀区', '省市', 1, 'city', 1559196607712, 1559196607712);
INSERT INTO `ba_dict` VALUES ('1133978692423389184', '1133978689470599168', '110109', '门头沟区', '省市', 1, 'city', 1559196607782, 1559196607782);
INSERT INTO `ba_dict` VALUES ('1133978692842819584', '1133978689470599168', '110111', '房山区', '省市', 1, 'city', 1559196607852, 1559196607852);
INSERT INTO `ba_dict` VALUES ('1133978693262249984', '1133978689470599168', '110112', '通州区', '省市', 1, 'city', 1559196607922, 1559196607922);
INSERT INTO `ba_dict` VALUES ('1133978693681680384', '1133978689470599168', '110113', '顺义区', '省市', 1, 'city', 1559196607993, 1559196607993);
INSERT INTO `ba_dict` VALUES ('1133978694105305088', '1133978689470599168', '110114', '昌平区', '省市', 1, 'city', 1559196608063, 1559196608063);
INSERT INTO `ba_dict` VALUES ('1133978694528929792', '1133978689470599168', '110115', '大兴区', '省市', 1, 'city', 1559196608133, 1559196608133);
INSERT INTO `ba_dict` VALUES ('1133978694948360192', '1133978689470599168', '110116', '怀柔区', '省市', 1, 'city', 1559196608202, 1559196608202);
INSERT INTO `ba_dict` VALUES ('1133978695371984896', '1133978689470599168', '110117', '平谷区', '省市', 1, 'city', 1559196608280, 1559196608280);
INSERT INTO `ba_dict` VALUES ('1133978695791415296', '1133978689470599168', '110118', '密云区', '省市', 1, 'city', 1559196608351, 1559196608351);
INSERT INTO `ba_dict` VALUES ('1133978696215040000', '1133978689470599168', '110119', '延庆区', '省市', 1, 'city', 1559196608446, 1559196608446);
INSERT INTO `ba_dict` VALUES ('1133978696215040001', '1133978877252415931', '12', '天津市', '省市', 1, 'city', 1559196608549, 1559196608549);
INSERT INTO `ba_dict` VALUES ('1133978696634470400', '1133978696215040001', '120101', '和平区', '省市', 1, 'city', 1559196608747, 1559196608747);
INSERT INTO `ba_dict` VALUES ('1133978697053900800', '1133978696215040001', '120102', '河东区', '省市', 1, 'city', 1559196608976, 1559196608976);
INSERT INTO `ba_dict` VALUES ('1133978697473331200', '1133978696215040001', '120103', '河西区', '省市', 1, 'city', 1559196609047, 1559196609047);
INSERT INTO `ba_dict` VALUES ('1133978697896955904', '1133978696215040001', '120104', '南开区', '省市', 1, 'city', 1559196609118, 1559196609118);
INSERT INTO `ba_dict` VALUES ('1133978698316386304', '1133978696215040001', '120105', '河北区', '省市', 1, 'city', 1559196609186, 1559196609186);
INSERT INTO `ba_dict` VALUES ('1133978698740011008', '1133978696215040001', '120106', '红桥区', '省市', 1, 'city', 1559196609256, 1559196609256);
INSERT INTO `ba_dict` VALUES ('1133978699163635712', '1133978696215040001', '120110', '东丽区', '省市', 1, 'city', 1559196609325, 1559196609325);
INSERT INTO `ba_dict` VALUES ('1133978699583066112', '1133978696215040001', '120111', '西青区', '省市', 1, 'city', 1559196609395, 1559196609395);
INSERT INTO `ba_dict` VALUES ('1133978700006690816', '1133978696215040001', '120112', '津南区', '省市', 1, 'city', 1559196609464, 1559196609464);
INSERT INTO `ba_dict` VALUES ('1133978700426121216', '1133978696215040001', '120113', '北辰区', '省市', 1, 'city', 1559196609534, 1559196609534);
INSERT INTO `ba_dict` VALUES ('1133978700849745920', '1133978696215040001', '120114', '武清区', '省市', 1, 'city', 1559196609605, 1559196609605);
INSERT INTO `ba_dict` VALUES ('1133978701269176320', '1133978696215040001', '120115', '宝坻区', '省市', 1, 'city', 1559196609673, 1559196609673);
INSERT INTO `ba_dict` VALUES ('1133978701696995328', '1133978696215040001', '120116', '滨海新区', '省市', 1, 'city', 1559196609742, 1559196609742);
INSERT INTO `ba_dict` VALUES ('1133978702120620032', '1133978696215040001', '120117', '宁河区', '省市', 1, 'city', 1559196609812, 1559196609812);
INSERT INTO `ba_dict` VALUES ('1133978702540050432', '1133978696215040001', '120118', '静海区', '省市', 1, 'city', 1559196609881, 1559196609881);
INSERT INTO `ba_dict` VALUES ('1133978702963675136', '1133978696215040001', '120119', '蓟州区', '省市', 1, 'city', 1559196609950, 1559196609950);
INSERT INTO `ba_dict` VALUES ('1133978702963675137', '1133978877252415931', '13', '河北省', '省市', 1, 'city', 1559196610020, 1559196610020);
INSERT INTO `ba_dict` VALUES ('1133978703383105536', '1133978702963675137', '1301', '石家庄市', '省市', 1, 'city', 1559196610091, 1559196610091);
INSERT INTO `ba_dict` VALUES ('1133978703802535936', '1133978702963675137', '1302', '唐山市', '省市', 1, 'city', 1559196610160, 1559196610160);
INSERT INTO `ba_dict` VALUES ('1133978704226160640', '1133978702963675137', '1303', '秦皇岛市', '省市', 1, 'city', 1559196610229, 1559196610229);
INSERT INTO `ba_dict` VALUES ('1133978704645591040', '1133978702963675137', '1304', '邯郸市', '省市', 1, 'city', 1559196610299, 1559196610299);
INSERT INTO `ba_dict` VALUES ('1133978705065021440', '1133978702963675137', '1305', '邢台市', '省市', 1, 'city', 1559196610375, 1559196610375);
INSERT INTO `ba_dict` VALUES ('1133978705488646144', '1133978702963675137', '1306', '保定市', '省市', 1, 'city', 1559196610444, 1559196610444);
INSERT INTO `ba_dict` VALUES ('1133978705912270848', '1133978702963675137', '1307', '张家口市', '省市', 1, 'city', 1559196610514, 1559196610514);
INSERT INTO `ba_dict` VALUES ('1133978706331701248', '1133978702963675137', '1308', '承德市', '省市', 1, 'city', 1559196610583, 1559196610583);
INSERT INTO `ba_dict` VALUES ('1133978706755325952', '1133978702963675137', '1309', '沧州市', '省市', 1, 'city', 1559196610652, 1559196610652);
INSERT INTO `ba_dict` VALUES ('1133978707174756352', '1133978702963675137', '1310', '廊坊市', '省市', 1, 'city', 1559196610721, 1559196610721);
INSERT INTO `ba_dict` VALUES ('1133978707598381056', '1133978702963675137', '1311', '衡水市', '省市', 1, 'city', 1559196610790, 1559196610790);
INSERT INTO `ba_dict` VALUES ('1133978707598381057', '1133978877252415931', '14', '山西省', '省市', 1, 'city', 1559196610860, 1559196610860);
INSERT INTO `ba_dict` VALUES ('1133978708022005760', '1133978707598381057', '1401', '太原市', '省市', 1, 'city', 1559196610931, 1559196610931);
INSERT INTO `ba_dict` VALUES ('1133978708441436160', '1133978707598381057', '1402', '大同市', '省市', 1, 'city', 1559196611002, 1559196611002);
INSERT INTO `ba_dict` VALUES ('1133978708865060864', '1133978707598381057', '1403', '阳泉市', '省市', 1, 'city', 1559196611073, 1559196611073);
INSERT INTO `ba_dict` VALUES ('1133978709284491264', '1133978707598381057', '1404', '长治市', '省市', 1, 'city', 1559196611143, 1559196611143);
INSERT INTO `ba_dict` VALUES ('1133978709703921664', '1133978707598381057', '1405', '晋城市', '省市', 1, 'city', 1559196611218, 1559196611218);
INSERT INTO `ba_dict` VALUES ('1133978710127546368', '1133978707598381057', '1406', '朔州市', '省市', 1, 'city', 1559196611292, 1559196611292);
INSERT INTO `ba_dict` VALUES ('1133978710551171072', '1133978707598381057', '1407', '晋中市', '省市', 1, 'city', 1559196611362, 1559196611362);
INSERT INTO `ba_dict` VALUES ('1133978710974795776', '1133978707598381057', '1408', '运城市', '省市', 1, 'city', 1559196611432, 1559196611432);
INSERT INTO `ba_dict` VALUES ('1133978711394226176', '1133978707598381057', '1409', '忻州市', '省市', 1, 'city', 1559196611505, 1559196611505);
INSERT INTO `ba_dict` VALUES ('1133978711817850880', '1133978707598381057', '1410', '临汾市', '省市', 1, 'city', 1559196611575, 1559196611575);
INSERT INTO `ba_dict` VALUES ('1133978712237281280', '1133978707598381057', '1411', '吕梁市', '省市', 1, 'city', 1559196611644, 1559196611644);
INSERT INTO `ba_dict` VALUES ('1133978712237281281', '1133978877252415931', '15', '内蒙古自治区', '省市', 1, 'city', 1559196611717, 1559196611717);
INSERT INTO `ba_dict` VALUES ('1133978712656711680', '1133978712237281281', '1501', '呼和浩特市', '省市', 1, 'city', 1559196611800, 1559196611800);
INSERT INTO `ba_dict` VALUES ('1133978713080336384', '1133978712237281281', '1502', '包头市', '省市', 1, 'city', 1559196611871, 1559196611871);
INSERT INTO `ba_dict` VALUES ('1133978713503961088', '1133978712237281281', '1503', '乌海市', '省市', 1, 'city', 1559196611941, 1559196611941);
INSERT INTO `ba_dict` VALUES ('1133978713923391488', '1133978712237281281', '1504', '赤峰市', '省市', 1, 'city', 1559196612035, 1559196612035);
INSERT INTO `ba_dict` VALUES ('1133978714342821888', '1133978712237281281', '1505', '通辽市', '省市', 1, 'city', 1559196612132, 1559196612132);
INSERT INTO `ba_dict` VALUES ('1133978714766446592', '1133978712237281281', '1506', '鄂尔多斯市', '省市', 1, 'city', 1559196612212, 1559196612212);
INSERT INTO `ba_dict` VALUES ('1133978715185876992', '1133978712237281281', '1507', '呼伦贝尔市', '省市', 1, 'city', 1559196612282, 1559196612282);
INSERT INTO `ba_dict` VALUES ('1133978715609501696', '1133978712237281281', '1508', '巴彦淖尔市', '省市', 1, 'city', 1559196612352, 1559196612352);
INSERT INTO `ba_dict` VALUES ('1133978716033126400', '1133978712237281281', '1509', '乌兰察布市', '省市', 1, 'city', 1559196612426, 1559196612426);
INSERT INTO `ba_dict` VALUES ('1133978716456751104', '1133978712237281281', '1522', '兴安盟', '省市', 1, 'city', 1559196612492, 1559196612492);
INSERT INTO `ba_dict` VALUES ('1133978716880375808', '1133978712237281281', '1525', '锡林郭勒盟', '省市', 1, 'city', 1559196612561, 1559196612561);
INSERT INTO `ba_dict` VALUES ('1133978717304000512', '1133978712237281281', '1529', '阿拉善盟', '省市', 1, 'city', 1559196612631, 1559196612631);
INSERT INTO `ba_dict` VALUES ('1133978717304000513', '1133978877252415931', '21', '辽宁省', '省市', 1, 'city', 1559196612708, 1559196612708);
INSERT INTO `ba_dict` VALUES ('1133978717727625216', '1133978717304000513', '2101', '沈阳市', '省市', 1, 'city', 1559196612804, 1559196612804);
INSERT INTO `ba_dict` VALUES ('1133978718147055616', '1133978717304000513', '2102', '大连市', '省市', 1, 'city', 1559196612892, 1559196612892);
INSERT INTO `ba_dict` VALUES ('1133978718570680320', '1133978717304000513', '2103', '鞍山市', '省市', 1, 'city', 1559196612960, 1559196612960);
INSERT INTO `ba_dict` VALUES ('1133978718990110720', '1133978717304000513', '2104', '抚顺市', '省市', 1, 'city', 1559196613030, 1559196613030);
INSERT INTO `ba_dict` VALUES ('1133978719413735424', '1133978717304000513', '2105', '本溪市', '省市', 1, 'city', 1559196613099, 1559196613099);
INSERT INTO `ba_dict` VALUES ('1133978719833165824', '1133978717304000513', '2106', '丹东市', '省市', 1, 'city', 1559196613195, 1559196613195);
INSERT INTO `ba_dict` VALUES ('1133978720260984832', '1133978717304000513', '2107', '锦州市', '省市', 1, 'city', 1559196613264, 1559196613264);
INSERT INTO `ba_dict` VALUES ('1133978720680415232', '1133978717304000513', '2108', '营口市', '省市', 1, 'city', 1559196613335, 1559196613335);
INSERT INTO `ba_dict` VALUES ('1133978721099845632', '1133978717304000513', '2109', '阜新市', '省市', 1, 'city', 1559196613406, 1559196613406);
INSERT INTO `ba_dict` VALUES ('1133978721523470336', '1133978717304000513', '2110', '辽阳市', '省市', 1, 'city', 1559196613475, 1559196613475);
INSERT INTO `ba_dict` VALUES ('1133978721942900736', '1133978717304000513', '2111', '盘锦市', '省市', 1, 'city', 1559196613545, 1559196613545);
INSERT INTO `ba_dict` VALUES ('1133978722366525440', '1133978717304000513', '2112', '铁岭市', '省市', 1, 'city', 1559196613619, 1559196613619);
INSERT INTO `ba_dict` VALUES ('1133978722790150144', '1133978717304000513', '2113', '朝阳市', '省市', 1, 'city', 1559196613694, 1559196613694);
INSERT INTO `ba_dict` VALUES ('1133978723209580544', '1133978717304000513', '2114', '葫芦岛市', '省市', 1, 'city', 1559196613764, 1559196613764);
INSERT INTO `ba_dict` VALUES ('1133978723209580545', '1133978877252415931', '22', '吉林省', '省市', 1, 'city', 1559196613833, 1559196613833);
INSERT INTO `ba_dict` VALUES ('1133978723633205248', '1133978723209580545', '2201', '长春市', '省市', 1, 'city', 1559196613903, 1559196613903);
INSERT INTO `ba_dict` VALUES ('1133978724056829952', '1133978723209580545', '2202', '吉林市', '省市', 1, 'city', 1559196613979, 1559196613979);
INSERT INTO `ba_dict` VALUES ('1133978724476260352', '1133978723209580545', '2203', '四平市', '省市', 1, 'city', 1559196614048, 1559196614048);
INSERT INTO `ba_dict` VALUES ('1133978724895690752', '1133978723209580545', '2204', '辽源市', '省市', 1, 'city', 1559196614117, 1559196614117);
INSERT INTO `ba_dict` VALUES ('1133978725319315456', '1133978723209580545', '2205', '通化市', '省市', 1, 'city', 1559196614186, 1559196614186);
INSERT INTO `ba_dict` VALUES ('1133978725742940160', '1133978723209580545', '2206', '白山市', '省市', 1, 'city', 1559196614260, 1559196614260);
INSERT INTO `ba_dict` VALUES ('1133978726166564864', '1133978723209580545', '2207', '松原市', '省市', 1, 'city', 1559196614329, 1559196614330);
INSERT INTO `ba_dict` VALUES ('1133978726590189568', '1133978723209580545', '2208', '白城市', '省市', 1, 'city', 1559196614407, 1559196614407);
INSERT INTO `ba_dict` VALUES ('1133978727009619968', '1133978723209580545', '2224', '延边朝鲜族自治州', '省市', 1, 'city', 1559196614493, 1559196614493);
INSERT INTO `ba_dict` VALUES ('1133978727009619969', '1133978877252415931', '23', '黑龙江省', '省市', 1, 'city', 1559196614564, 1559196614564);
INSERT INTO `ba_dict` VALUES ('1133978727433244672', '1133978727009619969', '2301', '哈尔滨市', '省市', 1, 'city', 1559196614632, 1559196614632);
INSERT INTO `ba_dict` VALUES ('1133978727852675072', '1133978727009619969', '2302', '齐齐哈尔市', '省市', 1, 'city', 1559196614700, 1559196614700);
INSERT INTO `ba_dict` VALUES ('1133978728276299776', '1133978727009619969', '2303', '鸡西市', '省市', 1, 'city', 1559196614769, 1559196614769);
INSERT INTO `ba_dict` VALUES ('1133978728699924480', '1133978727009619969', '2304', '鹤岗市', '省市', 1, 'city', 1559196614837, 1559196614837);
INSERT INTO `ba_dict` VALUES ('1133978729119354880', '1133978727009619969', '2305', '双鸭山市', '省市', 1, 'city', 1559196614906, 1559196614906);
INSERT INTO `ba_dict` VALUES ('1133978729542979584', '1133978727009619969', '2306', '大庆市', '省市', 1, 'city', 1559196614977, 1559196614977);
INSERT INTO `ba_dict` VALUES ('1133978729962409984', '1133978727009619969', '2307', '伊春市', '省市', 1, 'city', 1559196615049, 1559196615049);
INSERT INTO `ba_dict` VALUES ('1133978730381840384', '1133978727009619969', '2308', '佳木斯市', '省市', 1, 'city', 1559196615123, 1559196615123);
INSERT INTO `ba_dict` VALUES ('1133978730801270784', '1133978727009619969', '2309', '七台河市', '省市', 1, 'city', 1559196615193, 1559196615193);
INSERT INTO `ba_dict` VALUES ('1133978731224895488', '1133978727009619969', '2310', '牡丹江市', '省市', 1, 'city', 1559196615263, 1559196615264);
INSERT INTO `ba_dict` VALUES ('1133978731644325888', '1133978727009619969', '2311', '黑河市', '省市', 1, 'city', 1559196615333, 1559196615333);
INSERT INTO `ba_dict` VALUES ('1133978732067950592', '1133978727009619969', '2312', '绥化市', '省市', 1, 'city', 1559196615404, 1559196615404);
INSERT INTO `ba_dict` VALUES ('1133978732487380992', '1133978727009619969', '2327', '大兴安岭地区', '省市', 1, 'city', 1559196615475, 1559196615475);
INSERT INTO `ba_dict` VALUES ('1133978732487380993', '1133978877252415931', '31', '上海市', '省市', 1, 'city', 1559196615546, 1559196615546);
INSERT INTO `ba_dict` VALUES ('1133978732915200000', '1133978732487380993', '310101', '黄浦区', '省市', 1, 'city', 1559196615619, 1559196615619);
INSERT INTO `ba_dict` VALUES ('1133978733334630400', '1133978732487380993', '310104', '徐汇区', '省市', 1, 'city', 1559196615687, 1559196615687);
INSERT INTO `ba_dict` VALUES ('1133978733758255104', '1133978732487380993', '310105', '长宁区', '省市', 1, 'city', 1559196615755, 1559196615755);
INSERT INTO `ba_dict` VALUES ('1133978734177685504', '1133978732487380993', '310106', '静安区', '省市', 1, 'city', 1559196615824, 1559196615824);
INSERT INTO `ba_dict` VALUES ('1133978734597115904', '1133978732487380993', '310107', '普陀区', '省市', 1, 'city', 1559196615892, 1559196615892);
INSERT INTO `ba_dict` VALUES ('1133978735020740608', '1133978732487380993', '310109', '虹口区', '省市', 1, 'city', 1559196615963, 1559196615963);
INSERT INTO `ba_dict` VALUES ('1133978735440171008', '1133978732487380993', '310110', '杨浦区', '省市', 1, 'city', 1559196616031, 1559196616031);
INSERT INTO `ba_dict` VALUES ('1133978735863795712', '1133978732487380993', '310112', '闵行区', '省市', 1, 'city', 1559196616101, 1559196616101);
INSERT INTO `ba_dict` VALUES ('1133978736283226112', '1133978732487380993', '310113', '宝山区', '省市', 1, 'city', 1559196616171, 1559196616171);
INSERT INTO `ba_dict` VALUES ('1133978736706850816', '1133978732487380993', '310114', '嘉定区', '省市', 1, 'city', 1559196616270, 1559196616270);
INSERT INTO `ba_dict` VALUES ('1133978737126281216', '1133978732487380993', '310115', '浦东新区', '省市', 1, 'city', 1559196616374, 1559196616374);
INSERT INTO `ba_dict` VALUES ('1133978737545711616', '1133978732487380993', '310116', '金山区', '省市', 1, 'city', 1559196616476, 1559196616476);
INSERT INTO `ba_dict` VALUES ('1133978737969336320', '1133978732487380993', '310117', '松江区', '省市', 1, 'city', 1559196616607, 1559196616607);
INSERT INTO `ba_dict` VALUES ('1133978738392961024', '1133978732487380993', '310118', '青浦区', '省市', 1, 'city', 1559196616736, 1559196616736);
INSERT INTO `ba_dict` VALUES ('1133978738812391424', '1133978732487380993', '310120', '奉贤区', '省市', 1, 'city', 1559196616850, 1559196616850);
INSERT INTO `ba_dict` VALUES ('1133978739236016128', '1133978732487380993', '310151', '崇明区', '省市', 1, 'city', 1559196616984, 1559196616984);
INSERT INTO `ba_dict` VALUES ('1133978739236016129', '1133978877252415931', '32', '江苏省', '省市', 1, 'city', 1559196617055, 1559196617055);
INSERT INTO `ba_dict` VALUES ('1133978739659640832', '1133978739236016129', '3201', '南京市', '省市', 1, 'city', 1559196617123, 1559196617123);
INSERT INTO `ba_dict` VALUES ('1133978740079071232', '1133978739236016129', '3202', '无锡市', '省市', 1, 'city', 1559196617193, 1559196617193);
INSERT INTO `ba_dict` VALUES ('1133978740498501632', '1133978739236016129', '3203', '徐州市', '省市', 1, 'city', 1559196617262, 1559196617262);
INSERT INTO `ba_dict` VALUES ('1133978740922126336', '1133978739236016129', '3204', '常州市', '省市', 1, 'city', 1559196617332, 1559196617332);
INSERT INTO `ba_dict` VALUES ('1133978741341556736', '1133978739236016129', '3205', '苏州市', '省市', 1, 'city', 1559196617447, 1559196617447);
INSERT INTO `ba_dict` VALUES ('1133978741769375744', '1133978739236016129', '3206', '南通市', '省市', 1, 'city', 1559196617524, 1559196617524);
INSERT INTO `ba_dict` VALUES ('1133978742188806144', '1133978739236016129', '3207', '连云港市', '省市', 1, 'city', 1559196617768, 1559196617768);
INSERT INTO `ba_dict` VALUES ('1133978742608236544', '1133978739236016129', '3208', '淮安市', '省市', 1, 'city', 1559196617913, 1559196617913);
INSERT INTO `ba_dict` VALUES ('1133978743031861248', '1133978739236016129', '3209', '盐城市', '省市', 1, 'city', 1559196618040, 1559196618040);
INSERT INTO `ba_dict` VALUES ('1133978743455485952', '1133978739236016129', '3210', '扬州市', '省市', 1, 'city', 1559196618169, 1559196618169);
INSERT INTO `ba_dict` VALUES ('1133978743879110656', '1133978739236016129', '3211', '镇江市', '省市', 1, 'city', 1559196618270, 1559196618270);
INSERT INTO `ba_dict` VALUES ('1133978744298541056', '1133978739236016129', '3212', '泰州市', '省市', 1, 'city', 1559196618410, 1559196618410);
INSERT INTO `ba_dict` VALUES ('1133978744722165760', '1133978739236016129', '3213', '宿迁市', '省市', 1, 'city', 1559196618509, 1559196618509);
INSERT INTO `ba_dict` VALUES ('1133978744722165761', '1133978877252415931', '33', '浙江省', '省市', 1, 'city', 1559196618611, 1559196618611);
INSERT INTO `ba_dict` VALUES ('1133978745141596160', '1133978744722165761', '3301', '杭州市', '省市', 1, 'city', 1559196618698, 1559196618698);
INSERT INTO `ba_dict` VALUES ('1133978745565220864', '1133978744722165761', '3302', '宁波市', '省市', 1, 'city', 1559196618767, 1559196618767);
INSERT INTO `ba_dict` VALUES ('1133978745984651264', '1133978744722165761', '3303', '温州市', '省市', 1, 'city', 1559196618836, 1559196618836);
INSERT INTO `ba_dict` VALUES ('1133978746404081664', '1133978744722165761', '3304', '嘉兴市', '省市', 1, 'city', 1559196618905, 1559196618905);
INSERT INTO `ba_dict` VALUES ('1133978746831900672', '1133978744722165761', '3305', '湖州市', '省市', 1, 'city', 1559196618975, 1559196618976);
INSERT INTO `ba_dict` VALUES ('1133978747251331072', '1133978744722165761', '3306', '绍兴市', '省市', 1, 'city', 1559196619064, 1559196619064);
INSERT INTO `ba_dict` VALUES ('1133978747674955776', '1133978744722165761', '3307', '金华市', '省市', 1, 'city', 1559196619166, 1559196619166);
INSERT INTO `ba_dict` VALUES ('1133978748094386176', '1133978744722165761', '3308', '衢州市', '省市', 1, 'city', 1559196619259, 1559196619259);
INSERT INTO `ba_dict` VALUES ('1133978748513816576', '1133978744722165761', '3309', '舟山市', '省市', 1, 'city', 1559196619362, 1559196619363);
INSERT INTO `ba_dict` VALUES ('1133978748937441280', '1133978744722165761', '3310', '台州市', '省市', 1, 'city', 1559196619449, 1559196619449);
INSERT INTO `ba_dict` VALUES ('1133978749356871680', '1133978744722165761', '3311', '丽水市', '省市', 1, 'city', 1559196619521, 1559196619521);
INSERT INTO `ba_dict` VALUES ('1133978749356871681', '1133978877252415931', '34', '安徽省', '省市', 1, 'city', 1559196619592, 1559196619592);
INSERT INTO `ba_dict` VALUES ('1133978749776302080', '1133978749356871681', '3401', '合肥市', '省市', 1, 'city', 1559196619663, 1559196619663);
INSERT INTO `ba_dict` VALUES ('1133978750199926784', '1133978749356871681', '3402', '芜湖市', '省市', 1, 'city', 1559196619765, 1559196619765);
INSERT INTO `ba_dict` VALUES ('1133978750623551488', '1133978749356871681', '3403', '蚌埠市', '省市', 1, 'city', 1559196619837, 1559196619837);
INSERT INTO `ba_dict` VALUES ('1133978751042981888', '1133978749356871681', '3404', '淮南市', '省市', 1, 'city', 1559196619906, 1559196619907);
INSERT INTO `ba_dict` VALUES ('1133978751462412288', '1133978749356871681', '3405', '马鞍山市', '省市', 1, 'city', 1559196619976, 1559196619976);
INSERT INTO `ba_dict` VALUES ('1133978751881842688', '1133978749356871681', '3406', '淮北市', '省市', 1, 'city', 1559196620044, 1559196620044);
INSERT INTO `ba_dict` VALUES ('1133978752305467392', '1133978749356871681', '3407', '铜陵市', '省市', 1, 'city', 1559196620113, 1559196620113);
INSERT INTO `ba_dict` VALUES ('1133978752724897792', '1133978749356871681', '3408', '安庆市', '省市', 1, 'city', 1559196620185, 1559196620185);
INSERT INTO `ba_dict` VALUES ('1133978753144328192', '1133978749356871681', '3410', '黄山市', '省市', 1, 'city', 1559196620254, 1559196620254);
INSERT INTO `ba_dict` VALUES ('1133978753567952896', '1133978749356871681', '3411', '滁州市', '省市', 1, 'city', 1559196620322, 1559196620322);
INSERT INTO `ba_dict` VALUES ('1133978753987383296', '1133978749356871681', '3412', '阜阳市', '省市', 1, 'city', 1559196620398, 1559196620398);
INSERT INTO `ba_dict` VALUES ('1133978754411008000', '1133978749356871681', '3413', '宿州市', '省市', 1, 'city', 1559196620466, 1559196620466);
INSERT INTO `ba_dict` VALUES ('1133978754830438400', '1133978749356871681', '3415', '六安市', '省市', 1, 'city', 1559196620536, 1559196620536);
INSERT INTO `ba_dict` VALUES ('1133978755254063104', '1133978749356871681', '3416', '亳州市', '省市', 1, 'city', 1559196620605, 1559196620605);
INSERT INTO `ba_dict` VALUES ('1133978755673493504', '1133978749356871681', '3417', '池州市', '省市', 1, 'city', 1559196620675, 1559196620675);
INSERT INTO `ba_dict` VALUES ('1133978756097118208', '1133978749356871681', '3418', '宣城市', '省市', 1, 'city', 1559196620744, 1559196620744);
INSERT INTO `ba_dict` VALUES ('1133978756097118209', '1133978877252415931', '35', '福建省', '省市', 1, 'city', 1559196620812, 1559196620812);
INSERT INTO `ba_dict` VALUES ('1133978756516548608', '1133978756097118209', '3501', '福州市', '省市', 1, 'city', 1559196620882, 1559196620882);
INSERT INTO `ba_dict` VALUES ('1133978756940173312', '1133978756097118209', '3502', '厦门市', '省市', 1, 'city', 1559196620953, 1559196620953);
INSERT INTO `ba_dict` VALUES ('1133978757363798016', '1133978756097118209', '3503', '莆田市', '省市', 1, 'city', 1559196621021, 1559196621021);
INSERT INTO `ba_dict` VALUES ('1133978757783228416', '1133978756097118209', '3504', '三明市', '省市', 1, 'city', 1559196621089, 1559196621089);
INSERT INTO `ba_dict` VALUES ('1133978758206853120', '1133978756097118209', '3505', '泉州市', '省市', 1, 'city', 1559196621158, 1559196621158);
INSERT INTO `ba_dict` VALUES ('1133978758630477824', '1133978756097118209', '3506', '漳州市', '省市', 1, 'city', 1559196621226, 1559196621226);
INSERT INTO `ba_dict` VALUES ('1133978759049908224', '1133978756097118209', '3507', '南平市', '省市', 1, 'city', 1559196621295, 1559196621295);
INSERT INTO `ba_dict` VALUES ('1133978759469338624', '1133978756097118209', '3508', '龙岩市', '省市', 1, 'city', 1559196621363, 1559196621363);
INSERT INTO `ba_dict` VALUES ('1133978759892963328', '1133978756097118209', '3509', '宁德市', '省市', 1, 'city', 1559196621433, 1559196621433);
INSERT INTO `ba_dict` VALUES ('1133978759892963329', '1133978877252415931', '36', '江西省', '省市', 1, 'city', 1559196621504, 1559196621504);
INSERT INTO `ba_dict` VALUES ('1133978760316588032', '1133978759892963329', '3601', '南昌市', '省市', 1, 'city', 1559196621572, 1559196621572);
INSERT INTO `ba_dict` VALUES ('1133978760736018432', '1133978759892963329', '3602', '景德镇市', '省市', 1, 'city', 1559196621640, 1559196621640);
INSERT INTO `ba_dict` VALUES ('1133978761159643136', '1133978759892963329', '3603', '萍乡市', '省市', 1, 'city', 1559196621710, 1559196621710);
INSERT INTO `ba_dict` VALUES ('1133978761579073536', '1133978759892963329', '3604', '九江市', '省市', 1, 'city', 1559196621779, 1559196621779);
INSERT INTO `ba_dict` VALUES ('1133978761998503936', '1133978759892963329', '3605', '新余市', '省市', 1, 'city', 1559196621848, 1559196621848);
INSERT INTO `ba_dict` VALUES ('1133978762422128640', '1133978759892963329', '3606', '鹰潭市', '省市', 1, 'city', 1559196621917, 1559196621917);
INSERT INTO `ba_dict` VALUES ('1133978762845753344', '1133978759892963329', '3607', '赣州市', '省市', 1, 'city', 1559196621988, 1559196621988);
INSERT INTO `ba_dict` VALUES ('1133978763269378048', '1133978759892963329', '3608', '吉安市', '省市', 1, 'city', 1559196622058, 1559196622058);
INSERT INTO `ba_dict` VALUES ('1133978763688808448', '1133978759892963329', '3609', '宜春市', '省市', 1, 'city', 1559196622127, 1559196622127);
INSERT INTO `ba_dict` VALUES ('1133978764112433152', '1133978759892963329', '3610', '抚州市', '省市', 1, 'city', 1559196622197, 1559196622197);
INSERT INTO `ba_dict` VALUES ('1133978764531863552', '1133978759892963329', '3611', '上饶市', '省市', 1, 'city', 1559196622264, 1559196622264);
INSERT INTO `ba_dict` VALUES ('1133978764531863553', '1133978877252415931', '37', '山东省', '省市', 1, 'city', 1559196622334, 1559196622334);
INSERT INTO `ba_dict` VALUES ('1133978764955488256', '1133978764531863553', '3701', '济南市', '省市', 1, 'city', 1559196622404, 1559196622404);
INSERT INTO `ba_dict` VALUES ('1133978765374918656', '1133978764531863553', '3702', '青岛市', '省市', 1, 'city', 1559196622473, 1559196622473);
INSERT INTO `ba_dict` VALUES ('1133978765794349056', '1133978764531863553', '3703', '淄博市', '省市', 1, 'city', 1559196622542, 1559196622542);
INSERT INTO `ba_dict` VALUES ('1133978766213779456', '1133978764531863553', '3704', '枣庄市', '省市', 1, 'city', 1559196622611, 1559196622611);
INSERT INTO `ba_dict` VALUES ('1133978766637404160', '1133978764531863553', '3705', '东营市', '省市', 1, 'city', 1559196622682, 1559196622682);
INSERT INTO `ba_dict` VALUES ('1133978767061028864', '1133978764531863553', '3706', '烟台市', '省市', 1, 'city', 1559196622752, 1559196622752);
INSERT INTO `ba_dict` VALUES ('1133978767480459264', '1133978764531863553', '3707', '潍坊市', '省市', 1, 'city', 1559196622820, 1559196622820);
INSERT INTO `ba_dict` VALUES ('1133978767899889664', '1133978764531863553', '3708', '济宁市', '省市', 1, 'city', 1559196622890, 1559196622890);
INSERT INTO `ba_dict` VALUES ('1133978768323514368', '1133978764531863553', '3709', '泰安市', '省市', 1, 'city', 1559196622961, 1559196622961);
INSERT INTO `ba_dict` VALUES ('1133978768742944768', '1133978764531863553', '3710', '威海市', '省市', 1, 'city', 1559196623029, 1559196623029);
INSERT INTO `ba_dict` VALUES ('1133978769166569472', '1133978764531863553', '3711', '日照市', '省市', 1, 'city', 1559196623099, 1559196623099);
INSERT INTO `ba_dict` VALUES ('1133978769590194176', '1133978764531863553', '3712', '莱芜市', '省市', 1, 'city', 1559196623169, 1559196623169);
INSERT INTO `ba_dict` VALUES ('1133978770013818880', '1133978764531863553', '3713', '临沂市', '省市', 1, 'city', 1559196623237, 1559196623237);
INSERT INTO `ba_dict` VALUES ('1133978770433249280', '1133978764531863553', '3714', '德州市', '省市', 1, 'city', 1559196623307, 1559196623307);
INSERT INTO `ba_dict` VALUES ('1133978770856873984', '1133978764531863553', '3715', '聊城市', '省市', 1, 'city', 1559196623375, 1559196623375);
INSERT INTO `ba_dict` VALUES ('1133978771280498688', '1133978764531863553', '3716', '滨州市', '省市', 1, 'city', 1559196623444, 1559196623444);
INSERT INTO `ba_dict` VALUES ('1133978771704123392', '1133978764531863553', '3717', '菏泽市', '省市', 1, 'city', 1559196623512, 1559196623512);
INSERT INTO `ba_dict` VALUES ('1133978771704123393', '1133978877252415931', '41', '河南省', '省市', 1, 'city', 1559196623585, 1559196623585);
INSERT INTO `ba_dict` VALUES ('1133978772123553792', '1133978771704123393', '4101', '郑州市', '省市', 1, 'city', 1559196623653, 1559196623653);
INSERT INTO `ba_dict` VALUES ('1133978772547178496', '1133978771704123393', '4102', '开封市', '省市', 1, 'city', 1559196623726, 1559196623726);
INSERT INTO `ba_dict` VALUES ('1133978772970803200', '1133978771704123393', '4103', '洛阳市', '省市', 1, 'city', 1559196623795, 1559196623795);
INSERT INTO `ba_dict` VALUES ('1133978773390233600', '1133978771704123393', '4104', '平顶山市', '省市', 1, 'city', 1559196623863, 1559196623863);
INSERT INTO `ba_dict` VALUES ('1133978773813858304', '1133978771704123393', '4105', '安阳市', '省市', 1, 'city', 1559196623938, 1559196623938);
INSERT INTO `ba_dict` VALUES ('1133978774233288704', '1133978771704123393', '4106', '鹤壁市', '省市', 1, 'city', 1559196624009, 1559196624009);
INSERT INTO `ba_dict` VALUES ('1133978774656913408', '1133978771704123393', '4107', '新乡市', '省市', 1, 'city', 1559196624080, 1559196624080);
INSERT INTO `ba_dict` VALUES ('1133978775080538112', '1133978771704123393', '4108', '焦作市', '省市', 1, 'city', 1559196624149, 1559196624149);
INSERT INTO `ba_dict` VALUES ('1133978775504162816', '1133978771704123393', '4109', '濮阳市', '省市', 1, 'city', 1559196624218, 1559196624218);
INSERT INTO `ba_dict` VALUES ('1133978775923593216', '1133978771704123393', '4110', '许昌市', '省市', 1, 'city', 1559196624286, 1559196624286);
INSERT INTO `ba_dict` VALUES ('1133978776343023616', '1133978771704123393', '4111', '漯河市', '省市', 1, 'city', 1559196624356, 1559196624356);
INSERT INTO `ba_dict` VALUES ('1133978776762454016', '1133978771704123393', '4112', '三门峡市', '省市', 1, 'city', 1559196624425, 1559196624425);
INSERT INTO `ba_dict` VALUES ('1133978777186078720', '1133978771704123393', '4113', '南阳市', '省市', 1, 'city', 1559196624493, 1559196624493);
INSERT INTO `ba_dict` VALUES ('1133978777605509120', '1133978771704123393', '4114', '商丘市', '省市', 1, 'city', 1559196624570, 1559196624570);
INSERT INTO `ba_dict` VALUES ('1133978778029133824', '1133978771704123393', '4115', '信阳市', '省市', 1, 'city', 1559196624637, 1559196624637);
INSERT INTO `ba_dict` VALUES ('1133978778448564224', '1133978771704123393', '4116', '周口市', '省市', 1, 'city', 1559196624706, 1559196624706);
INSERT INTO `ba_dict` VALUES ('1133978778872188928', '1133978771704123393', '4117', '驻马店市', '省市', 1, 'city', 1559196624775, 1559196624775);
INSERT INTO `ba_dict` VALUES ('1133978779295813632', '1133978771704123393', '419001', '济源市', '省市', 1, 'city', 1559196624843, 1559196624843);
INSERT INTO `ba_dict` VALUES ('1133978779295813633', '1133978877252415931', '42', '湖北省', '省市', 1, 'city', 1559196624914, 1559196624914);
INSERT INTO `ba_dict` VALUES ('1133978779719438336', '1133978779295813633', '4201', '武汉市', '省市', 1, 'city', 1559196624983, 1559196624983);
INSERT INTO `ba_dict` VALUES ('1133978780143063040', '1133978779295813633', '4202', '黄石市', '省市', 1, 'city', 1559196625053, 1559196625053);
INSERT INTO `ba_dict` VALUES ('1133978780566687744', '1133978779295813633', '4203', '十堰市', '省市', 1, 'city', 1559196625122, 1559196625122);
INSERT INTO `ba_dict` VALUES ('1133978780986118144', '1133978779295813633', '4205', '宜昌市', '省市', 1, 'city', 1559196625191, 1559196625191);
INSERT INTO `ba_dict` VALUES ('1133978781405548544', '1133978779295813633', '4206', '襄阳市', '省市', 1, 'city', 1559196625262, 1559196625262);
INSERT INTO `ba_dict` VALUES ('1133978781824978944', '1133978779295813633', '4207', '鄂州市', '省市', 1, 'city', 1559196625331, 1559196625331);
INSERT INTO `ba_dict` VALUES ('1133978782244409344', '1133978779295813633', '4208', '荆门市', '省市', 1, 'city', 1559196625400, 1559196625400);
INSERT INTO `ba_dict` VALUES ('1133978782668034048', '1133978779295813633', '4209', '孝感市', '省市', 1, 'city', 1559196625469, 1559196625469);
INSERT INTO `ba_dict` VALUES ('1133978783087464448', '1133978779295813633', '4210', '荆州市', '省市', 1, 'city', 1559196625545, 1559196625545);
INSERT INTO `ba_dict` VALUES ('1133978783506894848', '1133978779295813633', '4211', '黄冈市', '省市', 1, 'city', 1559196625614, 1559196625614);
INSERT INTO `ba_dict` VALUES ('1133978783926325248', '1133978779295813633', '4212', '咸宁市', '省市', 1, 'city', 1559196625683, 1559196625683);
INSERT INTO `ba_dict` VALUES ('1133978784349949952', '1133978779295813633', '4213', '随州市', '省市', 1, 'city', 1559196625752, 1559196625752);
INSERT INTO `ba_dict` VALUES ('1133978784773574656', '1133978779295813633', '4228', '恩施土家族苗族自治州', '省市', 1, 'city', 1559196625821, 1559196625821);
INSERT INTO `ba_dict` VALUES ('1133978785193005056', '1133978779295813633', '429004', '仙桃市', '省市', 1, 'city', 1559196625891, 1559196625891);
INSERT INTO `ba_dict` VALUES ('1133978785616629760', '1133978779295813633', '429005', '潜江市', '省市', 1, 'city', 1559196625960, 1559196625960);
INSERT INTO `ba_dict` VALUES ('1133978786036060160', '1133978779295813633', '429006', '天门市', '省市', 1, 'city', 1559196626029, 1559196626029);
INSERT INTO `ba_dict` VALUES ('1133978786459684864', '1133978779295813633', '429021', '神农架林区', '省市', 1, 'city', 1559196626099, 1559196626099);
INSERT INTO `ba_dict` VALUES ('1133978786459684865', '1133978877252415931', '43', '湖南省', '省市', 1, 'city', 1559196626167, 1559196626167);
INSERT INTO `ba_dict` VALUES ('1133978786883309568', '1133978786459684865', '4301', '长沙市', '省市', 1, 'city', 1559196626236, 1559196626236);
INSERT INTO `ba_dict` VALUES ('1133978787302739968', '1133978786459684865', '4302', '株洲市', '省市', 1, 'city', 1559196626306, 1559196626306);
INSERT INTO `ba_dict` VALUES ('1133978787726364672', '1133978786459684865', '4303', '湘潭市', '省市', 1, 'city', 1559196626375, 1559196626375);
INSERT INTO `ba_dict` VALUES ('1133978788149989376', '1133978786459684865', '4304', '衡阳市', '省市', 1, 'city', 1559196626444, 1559196626444);
INSERT INTO `ba_dict` VALUES ('1133978788569419776', '1133978786459684865', '4305', '邵阳市', '省市', 1, 'city', 1559196626513, 1559196626513);
INSERT INTO `ba_dict` VALUES ('1133978788988850176', '1133978786459684865', '4306', '岳阳市', '省市', 1, 'city', 1559196626582, 1559196626582);
INSERT INTO `ba_dict` VALUES ('1133978789408280576', '1133978786459684865', '4307', '常德市', '省市', 1, 'city', 1559196626650, 1559196626650);
INSERT INTO `ba_dict` VALUES ('1133978789831905280', '1133978786459684865', '4308', '张家界市', '省市', 1, 'city', 1559196626719, 1559196626719);
INSERT INTO `ba_dict` VALUES ('1133978790251335680', '1133978786459684865', '4309', '益阳市', '省市', 1, 'city', 1559196626788, 1559196626789);
INSERT INTO `ba_dict` VALUES ('1133978790674960384', '1133978786459684865', '4310', '郴州市', '省市', 1, 'city', 1559196626856, 1559196626856);
INSERT INTO `ba_dict` VALUES ('1133978791094390784', '1133978786459684865', '4311', '永州市', '省市', 1, 'city', 1559196626924, 1559196626924);
INSERT INTO `ba_dict` VALUES ('1133978791518015488', '1133978786459684865', '4312', '怀化市', '省市', 1, 'city', 1559196626996, 1559196626996);
INSERT INTO `ba_dict` VALUES ('1133978791937445888', '1133978786459684865', '4313', '娄底市', '省市', 1, 'city', 1559196627064, 1559196627064);
INSERT INTO `ba_dict` VALUES ('1133978792361070592', '1133978786459684865', '4331', '湘西土家族苗族自治州', '省市', 1, 'city', 1559196627144, 1559196627144);
INSERT INTO `ba_dict` VALUES ('1133978792361070593', '1133978877252415931', '44', '广东省', '省市', 1, 'city', 1559196627213, 1559196627213);
INSERT INTO `ba_dict` VALUES ('1133978792780500992', '1133978792361070593', '4401', '广州市', '省市', 1, 'city', 1559196627282, 1559196627282);
INSERT INTO `ba_dict` VALUES ('1133978793199931392', '1133978792361070593', '4402', '韶关市', '省市', 1, 'city', 1559196627350, 1559196627350);
INSERT INTO `ba_dict` VALUES ('1133978793619361792', '1133978792361070593', '4403', '深圳市', '省市', 1, 'city', 1559196627423, 1559196627423);
INSERT INTO `ba_dict` VALUES ('1133978794038792192', '1133978792361070593', '4404', '珠海市', '省市', 1, 'city', 1559196627496, 1559196627496);
INSERT INTO `ba_dict` VALUES ('1133978794462416896', '1133978792361070593', '4405', '汕头市', '省市', 1, 'city', 1559196627565, 1559196627565);
INSERT INTO `ba_dict` VALUES ('1133978794881847296', '1133978792361070593', '4406', '佛山市', '省市', 1, 'city', 1559196627634, 1559196627635);
INSERT INTO `ba_dict` VALUES ('1133978795301277696', '1133978792361070593', '4407', '江门市', '省市', 1, 'city', 1559196627704, 1559196627704);
INSERT INTO `ba_dict` VALUES ('1133978795724902400', '1133978792361070593', '4408', '湛江市', '省市', 1, 'city', 1559196627781, 1559196627781);
INSERT INTO `ba_dict` VALUES ('1133978796144332800', '1133978792361070593', '4409', '茂名市', '省市', 1, 'city', 1559196627851, 1559196627851);
INSERT INTO `ba_dict` VALUES ('1133978796567957504', '1133978792361070593', '4412', '肇庆市', '省市', 1, 'city', 1559196627920, 1559196627920);
INSERT INTO `ba_dict` VALUES ('1133978796987387904', '1133978792361070593', '4413', '惠州市', '省市', 1, 'city', 1559196627990, 1559196627990);
INSERT INTO `ba_dict` VALUES ('1133978797411012608', '1133978792361070593', '4414', '梅州市', '省市', 1, 'city', 1559196628061, 1559196628061);
INSERT INTO `ba_dict` VALUES ('1133978797830443008', '1133978792361070593', '4415', '汕尾市', '省市', 1, 'city', 1559196628130, 1559196628130);
INSERT INTO `ba_dict` VALUES ('1133978798254067712', '1133978792361070593', '4416', '河源市', '省市', 1, 'city', 1559196628201, 1559196628201);
INSERT INTO `ba_dict` VALUES ('1133978798673498112', '1133978792361070593', '4417', '阳江市', '省市', 1, 'city', 1559196628271, 1559196628271);
INSERT INTO `ba_dict` VALUES ('1133978799097122816', '1133978792361070593', '4418', '清远市', '省市', 1, 'city', 1559196628355, 1559196628355);
INSERT INTO `ba_dict` VALUES ('1133978799516553216', '1133978792361070593', '4419', '东莞市', '省市', 1, 'city', 1559196628423, 1559196628423);
INSERT INTO `ba_dict` VALUES ('1133978799935983616', '1133978792361070593', '4420', '中山市', '省市', 1, 'city', 1559196628493, 1559196628493);
INSERT INTO `ba_dict` VALUES ('1133978800363802624', '1133978792361070593', '4451', '潮州市', '省市', 1, 'city', 1559196628562, 1559196628562);
INSERT INTO `ba_dict` VALUES ('1133978800783233024', '1133978792361070593', '4452', '揭阳市', '省市', 1, 'city', 1559196628631, 1559196628631);
INSERT INTO `ba_dict` VALUES ('1133978801206857728', '1133978792361070593', '4453', '云浮市', '省市', 1, 'city', 1559196628699, 1559196628699);
INSERT INTO `ba_dict` VALUES ('1133978801206857729', '1133978877252415931', '45', '广西壮族自治区', '省市', 1, 'city', 1559196628769, 1559196628769);
INSERT INTO `ba_dict` VALUES ('1133978801626288128', '1133978801206857729', '4501', '南宁市', '省市', 1, 'city', 1559196628845, 1559196628845);
INSERT INTO `ba_dict` VALUES ('1133978802045718528', '1133978801206857729', '4502', '柳州市', '省市', 1, 'city', 1559196628917, 1559196628917);
INSERT INTO `ba_dict` VALUES ('1133978802469343232', '1133978801206857729', '4503', '桂林市', '省市', 1, 'city', 1559196628994, 1559196628994);
INSERT INTO `ba_dict` VALUES ('1133978802888773632', '1133978801206857729', '4504', '梧州市', '省市', 1, 'city', 1559196629063, 1559196629063);
INSERT INTO `ba_dict` VALUES ('1133978803312398336', '1133978801206857729', '4505', '北海市', '省市', 1, 'city', 1559196629139, 1559196629139);
INSERT INTO `ba_dict` VALUES ('1133978803736023040', '1133978801206857729', '4506', '防城港市', '省市', 1, 'city', 1559196629215, 1559196629215);
INSERT INTO `ba_dict` VALUES ('1133978804155453440', '1133978801206857729', '4507', '钦州市', '省市', 1, 'city', 1559196629291, 1559196629291);
INSERT INTO `ba_dict` VALUES ('1133978804574883840', '1133978801206857729', '4508', '贵港市', '省市', 1, 'city', 1559196629359, 1559196629359);
INSERT INTO `ba_dict` VALUES ('1133978804994314240', '1133978801206857729', '4509', '玉林市', '省市', 1, 'city', 1559196629437, 1559196629437);
INSERT INTO `ba_dict` VALUES ('1133978805417938944', '1133978801206857729', '4510', '百色市', '省市', 1, 'city', 1559196629507, 1559196629507);
INSERT INTO `ba_dict` VALUES ('1133978805837369344', '1133978801206857729', '4511', '贺州市', '省市', 1, 'city', 1559196629578, 1559196629578);
INSERT INTO `ba_dict` VALUES ('1133978806260994048', '1133978801206857729', '4512', '河池市', '省市', 1, 'city', 1559196629653, 1559196629653);
INSERT INTO `ba_dict` VALUES ('1133978806680424448', '1133978801206857729', '4513', '来宾市', '省市', 1, 'city', 1559196629722, 1559196629722);
INSERT INTO `ba_dict` VALUES ('1133978807104049152', '1133978801206857729', '4514', '崇左市', '省市', 1, 'city', 1559196629801, 1559196629801);
INSERT INTO `ba_dict` VALUES ('1133978807104049153', '1133978877252415931', '46', '海南省', '省市', 1, 'city', 1559196629880, 1559196629880);
INSERT INTO `ba_dict` VALUES ('1133978807523479552', '1133978807104049153', '4601', '海口市', '省市', 1, 'city', 1559196629951, 1559196629951);
INSERT INTO `ba_dict` VALUES ('1133978807947104256', '1133978807104049153', '4602', '三亚市', '省市', 1, 'city', 1559196630022, 1559196630022);
INSERT INTO `ba_dict` VALUES ('1133978808366534656', '1133978807104049153', '4603', '三沙市', '省市', 1, 'city', 1559196630104, 1559196630104);
INSERT INTO `ba_dict` VALUES ('1133978808785965056', '1133978807104049153', '4604', '儋州市', '省市', 1, 'city', 1559196630180, 1559196630180);
INSERT INTO `ba_dict` VALUES ('1133978809209589760', '1133978807104049153', '469001', '五指山市', '省市', 1, 'city', 1559196630248, 1559196630248);
INSERT INTO `ba_dict` VALUES ('1133978809633214464', '1133978807104049153', '469002', '琼海市', '省市', 1, 'city', 1559196630317, 1559196630317);
INSERT INTO `ba_dict` VALUES ('1133978810052644864', '1133978807104049153', '469005', '文昌市', '省市', 1, 'city', 1559196630390, 1559196630390);
INSERT INTO `ba_dict` VALUES ('1133978810472075264', '1133978807104049153', '469006', '万宁市', '省市', 1, 'city', 1559196630459, 1559196630459);
INSERT INTO `ba_dict` VALUES ('1133978810891505664', '1133978807104049153', '469007', '东方市', '省市', 1, 'city', 1559196630537, 1559196630537);
INSERT INTO `ba_dict` VALUES ('1133978811315130368', '1133978807104049153', '469021', '定安县', '省市', 1, 'city', 1559196630608, 1559196630608);
INSERT INTO `ba_dict` VALUES ('1133978811738755072', '1133978807104049153', '469022', '屯昌县', '省市', 1, 'city', 1559196630678, 1559196630678);
INSERT INTO `ba_dict` VALUES ('1133978812158185472', '1133978807104049153', '469023', '澄迈县', '省市', 1, 'city', 1559196630749, 1559196630749);
INSERT INTO `ba_dict` VALUES ('1133978812581810176', '1133978807104049153', '469024', '临高县', '省市', 1, 'city', 1559196630818, 1559196630818);
INSERT INTO `ba_dict` VALUES ('1133978813005434880', '1133978807104049153', '469025', '白沙黎族自治县', '省市', 1, 'city', 1559196630887, 1559196630887);
INSERT INTO `ba_dict` VALUES ('1133978813424865280', '1133978807104049153', '469026', '昌江黎族自治县', '省市', 1, 'city', 1559196630972, 1559196630972);
INSERT INTO `ba_dict` VALUES ('1133978813844295680', '1133978807104049153', '469027', '乐东黎族自治县', '省市', 1, 'city', 1559196631041, 1559196631042);
INSERT INTO `ba_dict` VALUES ('1133978814267920384', '1133978807104049153', '469028', '陵水黎族自治县', '省市', 1, 'city', 1559196631113, 1559196631113);
INSERT INTO `ba_dict` VALUES ('1133978814687350784', '1133978807104049153', '469029', '保亭黎族苗族自治县', '省市', 1, 'city', 1559196631181, 1559196631181);
INSERT INTO `ba_dict` VALUES ('1133978815106781184', '1133978807104049153', '469030', '琼中黎族苗族自治县', '省市', 1, 'city', 1559196631251, 1559196631251);
INSERT INTO `ba_dict` VALUES ('1133978815106781185', '1133978877252415931', '50', '重庆市', '省市', 1, 'city', 1559196631319, 1559196631319);
INSERT INTO `ba_dict` VALUES ('1133978815530405888', '1133978815106781185', '500101', '万州区', '省市', 1, 'city', 1559196631390, 1559196631390);
INSERT INTO `ba_dict` VALUES ('1133978815949836288', '1133978815106781185', '500102', '涪陵区', '省市', 1, 'city', 1559196631458, 1559196631458);
INSERT INTO `ba_dict` VALUES ('1133978816369266688', '1133978815106781185', '500103', '渝中区', '省市', 1, 'city', 1559196631531, 1559196631531);
INSERT INTO `ba_dict` VALUES ('1133978816788697088', '1133978815106781185', '500104', '大渡口区', '省市', 1, 'city', 1559196631599, 1559196631599);
INSERT INTO `ba_dict` VALUES ('1133978817212321792', '1133978815106781185', '500105', '江北区', '省市', 1, 'city', 1559196631669, 1559196631669);
INSERT INTO `ba_dict` VALUES ('1133978817635946496', '1133978815106781185', '500106', '沙坪坝区', '省市', 1, 'city', 1559196631738, 1559196631738);
INSERT INTO `ba_dict` VALUES ('1133978818055376896', '1133978815106781185', '500107', '九龙坡区', '省市', 1, 'city', 1559196631806, 1559196631806);
INSERT INTO `ba_dict` VALUES ('1133978818479001600', '1133978815106781185', '500108', '南岸区', '省市', 1, 'city', 1559196631874, 1559196631874);
INSERT INTO `ba_dict` VALUES ('1133978818902626304', '1133978815106781185', '500109', '北碚区', '省市', 1, 'city', 1559196631942, 1559196631942);
INSERT INTO `ba_dict` VALUES ('1133978819326251008', '1133978815106781185', '500110', '綦江区', '省市', 1, 'city', 1559196632010, 1559196632010);
INSERT INTO `ba_dict` VALUES ('1133978819745681408', '1133978815106781185', '500111', '大足区', '省市', 1, 'city', 1559196632079, 1559196632079);
INSERT INTO `ba_dict` VALUES ('1133978820165111808', '1133978815106781185', '500112', '渝北区', '省市', 1, 'city', 1559196632148, 1559196632148);
INSERT INTO `ba_dict` VALUES ('1133978820588736512', '1133978815106781185', '500113', '巴南区', '省市', 1, 'city', 1559196632223, 1559196632223);
INSERT INTO `ba_dict` VALUES ('1133978821008166912', '1133978815106781185', '500114', '黔江区', '省市', 1, 'city', 1559196632295, 1559196632295);
INSERT INTO `ba_dict` VALUES ('1133978821431791616', '1133978815106781185', '500115', '长寿区', '省市', 1, 'city', 1559196632365, 1559196632365);
INSERT INTO `ba_dict` VALUES ('1133978821851222016', '1133978815106781185', '500116', '江津区', '省市', 1, 'city', 1559196632434, 1559196632434);
INSERT INTO `ba_dict` VALUES ('1133978822274846720', '1133978815106781185', '500117', '合川区', '省市', 1, 'city', 1559196632501, 1559196632501);
INSERT INTO `ba_dict` VALUES ('1133978822698471424', '1133978815106781185', '500118', '永川区', '省市', 1, 'city', 1559196632575, 1559196632575);
INSERT INTO `ba_dict` VALUES ('1133978823117901824', '1133978815106781185', '500119', '南川区', '省市', 1, 'city', 1559196632653, 1559196632653);
INSERT INTO `ba_dict` VALUES ('1133978823537332224', '1133978815106781185', '500120', '璧山区', '省市', 1, 'city', 1559196632725, 1559196632725);
INSERT INTO `ba_dict` VALUES ('1133978823960956928', '1133978815106781185', '500151', '铜梁区', '省市', 1, 'city', 1559196632798, 1559196632798);
INSERT INTO `ba_dict` VALUES ('1133978824380387328', '1133978815106781185', '500152', '潼南区', '省市', 1, 'city', 1559196632867, 1559196632867);
INSERT INTO `ba_dict` VALUES ('1133978824804012032', '1133978815106781185', '500153', '荣昌区', '省市', 1, 'city', 1559196632936, 1559196632936);
INSERT INTO `ba_dict` VALUES ('1133978825223442432', '1133978815106781185', '500154', '开州区', '省市', 1, 'city', 1559196633005, 1559196633005);
INSERT INTO `ba_dict` VALUES ('1133978825647067136', '1133978815106781185', '500155', '梁平区', '省市', 1, 'city', 1559196633073, 1559196633073);
INSERT INTO `ba_dict` VALUES ('1133978826066497536', '1133978815106781185', '500156', '武隆区', '省市', 1, 'city', 1559196633143, 1559196633144);
INSERT INTO `ba_dict` VALUES ('1133978826485927936', '1133978815106781185', '500229', '城口县', '省市', 1, 'city', 1559196633234, 1559196633234);
INSERT INTO `ba_dict` VALUES ('1133978826909552640', '1133978815106781185', '500230', '丰都县', '省市', 1, 'city', 1559196633346, 1559196633346);
INSERT INTO `ba_dict` VALUES ('1133978827328983040', '1133978815106781185', '500231', '垫江县', '省市', 1, 'city', 1559196633432, 1559196633432);
INSERT INTO `ba_dict` VALUES ('1133978827752607744', '1133978815106781185', '500233', '忠县', '省市', 1, 'city', 1559196633537, 1559196633537);
INSERT INTO `ba_dict` VALUES ('1133978828172038144', '1133978815106781185', '500235', '云阳县', '省市', 1, 'city', 1559196633626, 1559196633626);
INSERT INTO `ba_dict` VALUES ('1133978828595662848', '1133978815106781185', '500236', '奉节县', '省市', 1, 'city', 1559196633727, 1559196633727);
INSERT INTO `ba_dict` VALUES ('1133978829015093248', '1133978815106781185', '500237', '巫山县', '省市', 1, 'city', 1559196633796, 1559196633796);
INSERT INTO `ba_dict` VALUES ('1133978829434523648', '1133978815106781185', '500238', '巫溪县', '省市', 1, 'city', 1559196633865, 1559196633865);
INSERT INTO `ba_dict` VALUES ('1133978829862342656', '1133978815106781185', '500240', '石柱土家族自治县', '省市', 1, 'city', 1559196633933, 1559196633933);
INSERT INTO `ba_dict` VALUES ('1133978830281773056', '1133978815106781185', '500241', '秀山土家族苗族自治县', '省市', 1, 'city', 1559196634003, 1559196634003);
INSERT INTO `ba_dict` VALUES ('1133978830705397760', '1133978815106781185', '500242', '酉阳土家族苗族自治县', '省市', 1, 'city', 1559196634074, 1559196634074);
INSERT INTO `ba_dict` VALUES ('1133978831124828160', '1133978815106781185', '500243', '彭水苗族土家族自治县', '省市', 1, 'city', 1559196634143, 1559196634143);
INSERT INTO `ba_dict` VALUES ('1133978831124828161', '1133978877252415931', '51', '四川省', '省市', 1, 'city', 1559196634214, 1559196634214);
INSERT INTO `ba_dict` VALUES ('1133978831544258560', '1133978831124828161', '5101', '成都市', '省市', 1, 'city', 1559196634282, 1559196634282);
INSERT INTO `ba_dict` VALUES ('1133978831967883264', '1133978831124828161', '5103', '自贡市', '省市', 1, 'city', 1559196634350, 1559196634350);
INSERT INTO `ba_dict` VALUES ('1133978832387313664', '1133978831124828161', '5104', '攀枝花市', '省市', 1, 'city', 1559196634420, 1559196634420);
INSERT INTO `ba_dict` VALUES ('1133978832806744064', '1133978831124828161', '5105', '泸州市', '省市', 1, 'city', 1559196634514, 1559196634514);
INSERT INTO `ba_dict` VALUES ('1133978833230368768', '1133978831124828161', '5106', '德阳市', '省市', 1, 'city', 1559196634583, 1559196634583);
INSERT INTO `ba_dict` VALUES ('1133978833653993472', '1133978831124828161', '5107', '绵阳市', '省市', 1, 'city', 1559196634651, 1559196634651);
INSERT INTO `ba_dict` VALUES ('1133978834073423872', '1133978831124828161', '5108', '广元市', '省市', 1, 'city', 1559196634721, 1559196634721);
INSERT INTO `ba_dict` VALUES ('1133978834492854272', '1133978831124828161', '5109', '遂宁市', '省市', 1, 'city', 1559196634789, 1559196634789);
INSERT INTO `ba_dict` VALUES ('1133978834916478976', '1133978831124828161', '5110', '内江市', '省市', 1, 'city', 1559196634858, 1559196634858);
INSERT INTO `ba_dict` VALUES ('1133978835340103680', '1133978831124828161', '5111', '乐山市', '省市', 1, 'city', 1559196634928, 1559196634928);
INSERT INTO `ba_dict` VALUES ('1133978835759534080', '1133978831124828161', '5113', '南充市', '省市', 1, 'city', 1559196634996, 1559196634996);
INSERT INTO `ba_dict` VALUES ('1133978836183158784', '1133978831124828161', '5114', '眉山市', '省市', 1, 'city', 1559196635066, 1559196635066);
INSERT INTO `ba_dict` VALUES ('1133978836602589184', '1133978831124828161', '5115', '宜宾市', '省市', 1, 'city', 1559196635136, 1559196635136);
INSERT INTO `ba_dict` VALUES ('1133978837026213888', '1133978831124828161', '5116', '广安市', '省市', 1, 'city', 1559196635206, 1559196635206);
INSERT INTO `ba_dict` VALUES ('1133978837449838592', '1133978831124828161', '5117', '达州市', '省市', 1, 'city', 1559196635276, 1559196635276);
INSERT INTO `ba_dict` VALUES ('1133978837869268992', '1133978831124828161', '5118', '雅安市', '省市', 1, 'city', 1559196635345, 1559196635345);
INSERT INTO `ba_dict` VALUES ('1133978838288699392', '1133978831124828161', '5119', '巴中市', '省市', 1, 'city', 1559196635414, 1559196635414);
INSERT INTO `ba_dict` VALUES ('1133978838712324096', '1133978831124828161', '5120', '资阳市', '省市', 1, 'city', 1559196635483, 1559196635483);
INSERT INTO `ba_dict` VALUES ('1133978839131754496', '1133978831124828161', '5132', '阿坝藏族羌族自治州', '省市', 1, 'city', 1559196635560, 1559196635560);
INSERT INTO `ba_dict` VALUES ('1133978839555379200', '1133978831124828161', '5133', '甘孜藏族自治州', '省市', 1, 'city', 1559196635629, 1559196635629);
INSERT INTO `ba_dict` VALUES ('1133978839974809600', '1133978831124828161', '5134', '凉山彝族自治州', '省市', 1, 'city', 1559196635710, 1559196635710);
INSERT INTO `ba_dict` VALUES ('1133978839974809601', '1133978877252415931', '52', '贵州省', '省市', 1, 'city', 1559196635777, 1559196635777);
INSERT INTO `ba_dict` VALUES ('1133978840398434304', '1133978839974809601', '5201', '贵阳市', '省市', 1, 'city', 1559196635848, 1559196635848);
INSERT INTO `ba_dict` VALUES ('1133978840817864704', '1133978839974809601', '5202', '六盘水市', '省市', 1, 'city', 1559196635917, 1559196635917);
INSERT INTO `ba_dict` VALUES ('1133978841241489408', '1133978839974809601', '5203', '遵义市', '省市', 1, 'city', 1559196635986, 1559196635986);
INSERT INTO `ba_dict` VALUES ('1133978841665114112', '1133978839974809601', '5204', '安顺市', '省市', 1, 'city', 1559196636055, 1559196636055);
INSERT INTO `ba_dict` VALUES ('1133978842084544512', '1133978839974809601', '5205', '毕节市', '省市', 1, 'city', 1559196636125, 1559196636125);
INSERT INTO `ba_dict` VALUES ('1133978842508169216', '1133978839974809601', '5206', '铜仁市', '省市', 1, 'city', 1559196636193, 1559196636193);
INSERT INTO `ba_dict` VALUES ('1133978842927599616', '1133978839974809601', '5223', '黔西南布依族苗族自治州', '省市', 1, 'city', 1559196636282, 1559196636282);
INSERT INTO `ba_dict` VALUES ('1133978843347030016', '1133978839974809601', '5226', '黔东南苗族侗族自治州', '省市', 1, 'city', 1559196636358, 1559196636358);
INSERT INTO `ba_dict` VALUES ('1133978843770654720', '1133978839974809601', '5227', '黔南布依族苗族自治州', '省市', 1, 'city', 1559196636440, 1559196636440);
INSERT INTO `ba_dict` VALUES ('1133978843770654721', '1133978877252415931', '53', '云南省', '省市', 1, 'city', 1559196636509, 1559196636509);
INSERT INTO `ba_dict` VALUES ('1133978844190085120', '1133978843770654721', '5301', '昆明市', '省市', 1, 'city', 1559196636617, 1559196636617);
INSERT INTO `ba_dict` VALUES ('1133978844609515520', '1133978843770654721', '5303', '曲靖市', '省市', 1, 'city', 1559196636746, 1559196636746);
INSERT INTO `ba_dict` VALUES ('1133978845028945920', '1133978843770654721', '5304', '玉溪市', '省市', 1, 'city', 1559196636858, 1559196636858);
INSERT INTO `ba_dict` VALUES ('1133978845452570624', '1133978843770654721', '5305', '保山市', '省市', 1, 'city', 1559196636966, 1559196636966);
INSERT INTO `ba_dict` VALUES ('1133978845872001024', '1133978843770654721', '5306', '昭通市', '省市', 1, 'city', 1559196637067, 1559196637067);
INSERT INTO `ba_dict` VALUES ('1133978846299820032', '1133978843770654721', '5307', '丽江市', '省市', 1, 'city', 1559196637174, 1559196637174);
INSERT INTO `ba_dict` VALUES ('1133978846719250432', '1133978843770654721', '5308', '普洱市', '省市', 1, 'city', 1559196637285, 1559196637285);
INSERT INTO `ba_dict` VALUES ('1133978847142875136', '1133978843770654721', '5309', '临沧市', '省市', 1, 'city', 1559196637397, 1559196637397);
INSERT INTO `ba_dict` VALUES ('1133978847562305536', '1133978843770654721', '5323', '楚雄彝族自治州', '省市', 1, 'city', 1559196637510, 1559196637510);
INSERT INTO `ba_dict` VALUES ('1133978847985930240', '1133978843770654721', '5325', '红河哈尼族彝族自治州', '省市', 1, 'city', 1559196637621, 1559196637621);
INSERT INTO `ba_dict` VALUES ('1133978848409554944', '1133978843770654721', '5326', '文山壮族苗族自治州', '省市', 1, 'city', 1559196637735, 1559196637735);
INSERT INTO `ba_dict` VALUES ('1133978848833179648', '1133978843770654721', '5328', '西双版纳傣族自治州', '省市', 1, 'city', 1559196637853, 1559196637853);
INSERT INTO `ba_dict` VALUES ('1133978849252610048', '1133978843770654721', '5329', '大理白族自治州', '省市', 1, 'city', 1559196637959, 1559196637959);
INSERT INTO `ba_dict` VALUES ('1133978849676234752', '1133978843770654721', '5331', '德宏傣族景颇族自治州', '省市', 1, 'city', 1559196638071, 1559196638071);
INSERT INTO `ba_dict` VALUES ('1133978850099859456', '1133978843770654721', '5333', '怒江傈僳族自治州', '省市', 1, 'city', 1559196638191, 1559196638191);
INSERT INTO `ba_dict` VALUES ('1133978850519289856', '1133978843770654721', '5334', '迪庆藏族自治州', '省市', 1, 'city', 1559196638300, 1559196638300);
INSERT INTO `ba_dict` VALUES ('1133978850519289857', '1133978877252415931', '54', '西藏自治区', '省市', 1, 'city', 1559196638385, 1559196638385);
INSERT INTO `ba_dict` VALUES ('1133978850938720256', '1133978850519289857', '5401', '拉萨市', '省市', 1, 'city', 1559196638461, 1559196638461);
INSERT INTO `ba_dict` VALUES ('1133978851362344960', '1133978850519289857', '5402', '日喀则市', '省市', 1, 'city', 1559196638530, 1559196638530);
INSERT INTO `ba_dict` VALUES ('1133978851781775360', '1133978850519289857', '5403', '昌都市', '省市', 1, 'city', 1559196638599, 1559196638599);
INSERT INTO `ba_dict` VALUES ('1133978852205400064', '1133978850519289857', '5404', '林芝市', '省市', 1, 'city', 1559196638668, 1559196638668);
INSERT INTO `ba_dict` VALUES ('1133978852629024768', '1133978850519289857', '5405', '山南市', '省市', 1, 'city', 1559196638740, 1559196638740);
INSERT INTO `ba_dict` VALUES ('1133978853048455168', '1133978850519289857', '5406', '那曲市', '省市', 1, 'city', 1559196638807, 1559196638807);
INSERT INTO `ba_dict` VALUES ('1133978853467885568', '1133978850519289857', '5425', '阿里地区', '省市', 1, 'city', 1559196638876, 1559196638876);
INSERT INTO `ba_dict` VALUES ('1133978853467885569', '1133978877252415931', '61', '陕西省', '省市', 1, 'city', 1559196638945, 1559196638945);
INSERT INTO `ba_dict` VALUES ('1133978853887315968', '1133978853467885569', '6101', '西安市', '省市', 1, 'city', 1559196639019, 1559196639019);
INSERT INTO `ba_dict` VALUES ('1133978854310940672', '1133978853467885569', '6102', '铜川市', '省市', 1, 'city', 1559196639089, 1559196639089);
INSERT INTO `ba_dict` VALUES ('1133978854730371072', '1133978853467885569', '6103', '宝鸡市', '省市', 1, 'city', 1559196639159, 1559196639159);
INSERT INTO `ba_dict` VALUES ('1133978855153995776', '1133978853467885569', '6104', '咸阳市', '省市', 1, 'city', 1559196639228, 1559196639228);
INSERT INTO `ba_dict` VALUES ('1133978855573426176', '1133978853467885569', '6105', '渭南市', '省市', 1, 'city', 1559196639301, 1559196639301);
INSERT INTO `ba_dict` VALUES ('1133978855997050880', '1133978853467885569', '6106', '延安市', '省市', 1, 'city', 1559196639369, 1559196639369);
INSERT INTO `ba_dict` VALUES ('1133978856416481280', '1133978853467885569', '6107', '汉中市', '省市', 1, 'city', 1559196639443, 1559196639443);
INSERT INTO `ba_dict` VALUES ('1133978856840105984', '1133978853467885569', '6108', '榆林市', '省市', 1, 'city', 1559196639514, 1559196639514);
INSERT INTO `ba_dict` VALUES ('1133978857259536384', '1133978853467885569', '6109', '安康市', '省市', 1, 'city', 1559196639588, 1559196639588);
INSERT INTO `ba_dict` VALUES ('1133978857678966784', '1133978853467885569', '6110', '商洛市', '省市', 1, 'city', 1559196639658, 1559196639658);
INSERT INTO `ba_dict` VALUES ('1133978857678966785', '1133978877252415931', '62', '甘肃省', '省市', 1, 'city', 1559196639729, 1559196639729);
INSERT INTO `ba_dict` VALUES ('1133978858102591488', '1133978857678966785', '6201', '兰州市', '省市', 1, 'city', 1559196639797, 1559196639797);
INSERT INTO `ba_dict` VALUES ('1133978858522021888', '1133978857678966785', '6202', '嘉峪关市', '省市', 1, 'city', 1559196639866, 1559196639866);
INSERT INTO `ba_dict` VALUES ('1133978858941452288', '1133978857678966785', '6203', '金昌市', '省市', 1, 'city', 1559196639933, 1559196639933);
INSERT INTO `ba_dict` VALUES ('1133978859365076992', '1133978857678966785', '6204', '白银市', '省市', 1, 'city', 1559196640002, 1559196640002);
INSERT INTO `ba_dict` VALUES ('1133978859784507392', '1133978857678966785', '6205', '天水市', '省市', 1, 'city', 1559196640070, 1559196640070);
INSERT INTO `ba_dict` VALUES ('1133978860203937792', '1133978857678966785', '6206', '武威市', '省市', 1, 'city', 1559196640138, 1559196640139);
INSERT INTO `ba_dict` VALUES ('1133978860623368192', '1133978857678966785', '6207', '张掖市', '省市', 1, 'city', 1559196640205, 1559196640205);
INSERT INTO `ba_dict` VALUES ('1133978861046992896', '1133978857678966785', '6208', '平凉市', '省市', 1, 'city', 1559196640281, 1559196640281);
INSERT INTO `ba_dict` VALUES ('1133978861466423296', '1133978857678966785', '6209', '酒泉市', '省市', 1, 'city', 1559196640349, 1559196640349);
INSERT INTO `ba_dict` VALUES ('1133978861890048000', '1133978857678966785', '6210', '庆阳市', '省市', 1, 'city', 1559196640417, 1559196640417);
INSERT INTO `ba_dict` VALUES ('1133978862309478400', '1133978857678966785', '6211', '定西市', '省市', 1, 'city', 1559196640486, 1559196640486);
INSERT INTO `ba_dict` VALUES ('1133978862733103104', '1133978857678966785', '6212', '陇南市', '省市', 1, 'city', 1559196640555, 1559196640555);
INSERT INTO `ba_dict` VALUES ('1133978863152533504', '1133978857678966785', '6229', '临夏回族自治州', '省市', 1, 'city', 1559196640623, 1559196640623);
INSERT INTO `ba_dict` VALUES ('1133978863576158208', '1133978857678966785', '6230', '甘南藏族自治州', '省市', 1, 'city', 1559196640693, 1559196640693);
INSERT INTO `ba_dict` VALUES ('1133978863576158209', '1133978877252415931', '63', '青海省', '省市', 1, 'city', 1559196640762, 1559196640762);
INSERT INTO `ba_dict` VALUES ('1133978863999782912', '1133978863576158209', '6301', '西宁市', '省市', 1, 'city', 1559196640831, 1559196640831);
INSERT INTO `ba_dict` VALUES ('1133978864419213312', '1133978863576158209', '6302', '海东市', '省市', 1, 'city', 1559196640914, 1559196640914);
INSERT INTO `ba_dict` VALUES ('1133978864842838016', '1133978863576158209', '6322', '海北藏族自治州', '省市', 1, 'city', 1559196640990, 1559196640990);
INSERT INTO `ba_dict` VALUES ('1133978865262268416', '1133978863576158209', '6323', '黄南藏族自治州', '省市', 1, 'city', 1559196641059, 1559196641059);
INSERT INTO `ba_dict` VALUES ('1133978865681698816', '1133978863576158209', '6325', '海南藏族自治州', '省市', 1, 'city', 1559196641154, 1559196641154);
INSERT INTO `ba_dict` VALUES ('1133978866105323520', '1133978863576158209', '6326', '果洛藏族自治州', '省市', 1, 'city', 1559196641224, 1559196641224);
INSERT INTO `ba_dict` VALUES ('1133978866524753920', '1133978863576158209', '6327', '玉树藏族自治州', '省市', 1, 'city', 1559196641293, 1559196641293);
INSERT INTO `ba_dict` VALUES ('1133978866948378624', '1133978863576158209', '6328', '海西蒙古族藏族自治州', '省市', 1, 'city', 1559196641362, 1559196641362);
INSERT INTO `ba_dict` VALUES ('1133978866948378625', '1133978877252415931', '64', '宁夏回族自治区', '省市', 1, 'city', 1559196641431, 1559196641431);
INSERT INTO `ba_dict` VALUES ('1133978867367809024', '1133978866948378625', '6401', '银川市', '省市', 1, 'city', 1559196641509, 1559196641509);
INSERT INTO `ba_dict` VALUES ('1133978867787239424', '1133978866948378625', '6402', '石嘴山市', '省市', 1, 'city', 1559196641576, 1559196641576);
INSERT INTO `ba_dict` VALUES ('1133978868210864128', '1133978866948378625', '6403', '吴忠市', '省市', 1, 'city', 1559196641645, 1559196641645);
INSERT INTO `ba_dict` VALUES ('1133978868630294528', '1133978866948378625', '6404', '固原市', '省市', 1, 'city', 1559196641714, 1559196641714);
INSERT INTO `ba_dict` VALUES ('1133978869049724928', '1133978866948378625', '6405', '中卫市', '省市', 1, 'city', 1559196641783, 1559196641783);
INSERT INTO `ba_dict` VALUES ('1133978869049724929', '1133978877252415931', '65', '新疆维吾尔自治区', '省市', 1, 'city', 1559196641853, 1559196641853);
INSERT INTO `ba_dict` VALUES ('1133978869469155328', '1133978869049724929', '6501', '乌鲁木齐市', '省市', 1, 'city', 1559196641924, 1559196641924);
INSERT INTO `ba_dict` VALUES ('1133978869892780032', '1133978869049724929', '6502', '克拉玛依市', '省市', 1, 'city', 1559196642018, 1559196642018);
INSERT INTO `ba_dict` VALUES ('1133978870312210432', '1133978869049724929', '6504', '吐鲁番市', '省市', 1, 'city', 1559196642114, 1559196642114);
INSERT INTO `ba_dict` VALUES ('1133978870735835136', '1133978869049724929', '6505', '哈密市', '省市', 1, 'city', 1559196642183, 1559196642183);
INSERT INTO `ba_dict` VALUES ('1133978871155265536', '1133978869049724929', '6523', '昌吉回族自治州', '省市', 1, 'city', 1559196642280, 1559196642280);
INSERT INTO `ba_dict` VALUES ('1133978871574695936', '1133978869049724929', '6527', '博尔塔拉蒙古自治州', '省市', 1, 'city', 1559196642352, 1559196642352);
INSERT INTO `ba_dict` VALUES ('1133978871994126336', '1133978869049724929', '6528', '巴音郭楞蒙古自治州', '省市', 1, 'city', 1559196642427, 1559196642427);
INSERT INTO `ba_dict` VALUES ('1133978872413556736', '1133978869049724929', '6529', '阿克苏地区', '省市', 1, 'city', 1559196642533, 1559196642533);
INSERT INTO `ba_dict` VALUES ('1133978872837181440', '1133978869049724929', '6530', '克孜勒苏柯尔克孜自治州', '省市', 1, 'city', 1559196642618, 1559196642618);
INSERT INTO `ba_dict` VALUES ('1133978873256611840', '1133978869049724929', '6531', '喀什地区', '省市', 1, 'city', 1559196642686, 1559196642686);
INSERT INTO `ba_dict` VALUES ('1133978873680236544', '1133978869049724929', '6532', '和田地区', '省市', 1, 'city', 1559196642760, 1559196642760);
INSERT INTO `ba_dict` VALUES ('1133978874099666944', '1133978869049724929', '6540', '伊犁哈萨克自治州', '省市', 1, 'city', 1559196642830, 1559196642830);
INSERT INTO `ba_dict` VALUES ('1133978874523291648', '1133978869049724929', '6542', '塔城地区', '省市', 1, 'city', 1559196642939, 1559196642939);
INSERT INTO `ba_dict` VALUES ('1133978874942722048', '1133978869049724929', '6543', '阿勒泰地区', '省市', 1, 'city', 1559196643008, 1559196643008);
INSERT INTO `ba_dict` VALUES ('1133978875362152448', '1133978869049724929', '659001', '石河子市', '省市', 1, 'city', 1559196643078, 1559196643078);
INSERT INTO `ba_dict` VALUES ('1133978875785777152', '1133978869049724929', '659002', '阿拉尔市', '省市', 1, 'city', 1559196643146, 1559196643146);
INSERT INTO `ba_dict` VALUES ('1133978876209401856', '1133978869049724929', '659003', '图木舒克市', '省市', 1, 'city', 1559196643214, 1559196643214);
INSERT INTO `ba_dict` VALUES ('1133978876628832256', '1133978869049724929', '659004', '五家渠市', '省市', 1, 'city', 1559196643281, 1559196643281);
INSERT INTO `ba_dict` VALUES ('1133978877052456960', '1133978869049724929', '659006', '铁门关市', '省市', 1, 'city', 1559196643351, 1559196643351);
INSERT INTO `ba_dict` VALUES ('1133978877252415931', '0', '10', '全国城市代码表', '全国城市代码表', 1, 'city', 1559196607257, 1559196607257);
COMMIT;

-- ----------------------------
-- Table structure for ba_job
-- ----------------------------
DROP TABLE IF EXISTS `ba_job`;
CREATE TABLE `ba_job` (
  `id` varchar(20) CHARACTER SET utf8 COLLATE utf8_general_ci NOT NULL COMMENT '任务表',
  `job_id` varchar(20) CHARACTER SET utf8 COLLATE utf8_general_ci DEFAULT NULL COMMENT '任务id',
  `class_name` varchar(70) CHARACTER SET utf8 COLLATE utf8_general_ci DEFAULT NULL COMMENT '任务执行时调用哪个类的方法 包名+类名，完全限定名',
  `cron_expression` varchar(20) CHARACTER SET utf8 COLLATE utf8_general_ci DEFAULT NULL COMMENT 'cron 表达式',
  `job_name` varchar(50) CHARACTER SET utf8 COLLATE utf8_general_ci DEFAULT NULL COMMENT '任务名称',
  `job_group` varchar(50) CHARACTER SET utf8 COLLATE utf8_general_ci DEFAULT NULL COMMENT '任务组',
  `trigger_name` varchar(50) CHARACTER SET utf8 COLLATE utf8_general_ci DEFAULT NULL COMMENT '触发器名称',
  `trigger_group` varchar(50) CHARACTER SET utf8 COLLATE utf8_general_ci DEFAULT NULL COMMENT '触发组',
  `pause` int(2) DEFAULT NULL COMMENT '暂停',
  `enable` int(2) DEFAULT NULL COMMENT '是否启用',
  `description` varchar(500) CHARACTER SET utf8 COLLATE utf8_general_ci DEFAULT NULL COMMENT '描述',
  `create_at` bigint(20) DEFAULT NULL COMMENT '创建日期',
  `update_at` bigint(20) DEFAULT NULL COMMENT '修改日期',
  PRIMARY KEY (`id`) USING BTREE
) ENGINE=InnoDB DEFAULT CHARSET=utf8 ROW_FORMAT=COMPACT COMMENT='基础板块/任务调度';

-- ----------------------------
-- Records of ba_job
-- ----------------------------
BEGIN;
INSERT INTO `ba_job` VALUES ('1', NULL, 'com.youyd.base.job.TestJob', '* * * * * ? *', 'TestJob', 'TEST_GROUP', 'TEST_TRIGGER', 'TEST_GROUP', 1, 1, 'Test Job for SpringBoot', 1557030916263, 1557030916264);
COMMIT;

-- ----------------------------
-- Table structure for ba_login_log
-- ----------------------------
DROP TABLE IF EXISTS `ba_login_log`;
CREATE TABLE `ba_login_log` (
  `id` varchar(20) CHARACTER SET utf8 COLLATE utf8_general_ci NOT NULL COMMENT '日志表',
  `user_id` varchar(20) CHARACTER SET utf8 COLLATE utf8_general_ci DEFAULT NULL COMMENT '登录人',
  `client_ip` varchar(20) CHARACTER SET utf8 COLLATE utf8_general_ci DEFAULT NULL COMMENT '登录ip',
  `browser` varchar(50) CHARACTER SET utf8 COLLATE utf8_general_ci DEFAULT NULL COMMENT '浏览器',
  `os_info` varchar(200) CHARACTER SET utf8 COLLATE utf8_general_ci DEFAULT NULL COMMENT '操作系统信息',
  `create_at` bigint(20) DEFAULT NULL COMMENT '创建日期（登录）',
  `update_at` bigint(20) DEFAULT NULL COMMENT '修改日期',
  PRIMARY KEY (`id`) USING BTREE
) ENGINE=InnoDB DEFAULT CHARSET=utf8 ROW_FORMAT=COMPACT COMMENT='基础板块/用户登录日志';

-- ----------------------------
-- Records of ba_login_log
-- ----------------------------
BEGIN;
INSERT INTO `ba_login_log` VALUES ('1124361845681676290', '1', '127.0.0.1', 'Chrome', 'Windows 10', 1556903721289, 1556903721289);
INSERT INTO `ba_login_log` VALUES ('1124361936127647745', '1', '127.0.0.1', 'Chrome', 'Windows 10', 1556903745784, 1556903745784);
INSERT INTO `ba_login_log` VALUES ('1124543839216467969', '1', '127.0.0.1', 'Chrome', 'Windows 10', 1556947114934, 1556947114936);
INSERT INTO `ba_login_log` VALUES ('1124545211714371585', '1', '127.0.0.1', 'Chrome', 'Windows 10', 1556947446153, 1556947446153);
INSERT INTO `ba_login_log` VALUES ('1124570801762893826', '1', '127.0.0.1', 'Chrome', 'Windows 10', 1556953547263, 1556953547263);
INSERT INTO `ba_login_log` VALUES ('1124593773974298625', '1', '127.0.0.1', 'Chrome', 'Windows 10', 1556959020567, 1556959020568);
INSERT INTO `ba_login_log` VALUES ('1124595063701807105', '1', '127.0.0.1', 'Chrome', 'Windows 10', 1556959331817, 1556959331817);
INSERT INTO `ba_login_log` VALUES ('1124595763810836482', '1', '127.0.0.1', 'Chrome', 'Windows 10', 1556959498706, 1556959498706);
INSERT INTO `ba_login_log` VALUES ('1124597652224909313', '1', '127.0.0.1', 'Chrome', 'Windows 10', 1556959948942, 1556959948942);
INSERT INTO `ba_login_log` VALUES ('1124662492410875905', '1', '127.0.0.1', 'Chrome', 'Windows 10', 1556975403775, 1556975403775);
INSERT INTO `ba_login_log` VALUES ('1124668670389981186', '1', '127.0.0.1', 'Chrome', 'Windows 10', 1556976881003, 1556976881003);
INSERT INTO `ba_login_log` VALUES ('1124679862332342273', '1', '127.0.0.1', 'Chrome', 'Windows 10', 1556979546153, 1556979546153);
INSERT INTO `ba_login_log` VALUES ('1124890792349659137', '1', '127.0.0.1', 'Chrome', 'Windows 10', 1557029835042, 1557029835042);
INSERT INTO `ba_login_log` VALUES ('1124891216486068226', '1', '127.0.0.1', 'Chrome', 'Windows 10', 1557029940118, 1557029940118);
INSERT INTO `ba_login_log` VALUES ('1124958446154330113', '1', '127.0.0.1', 'Chrome', 'Windows 10', 1557045968545, 1557045968545);
INSERT INTO `ba_login_log` VALUES ('1124959596463173634', '1', '127.0.0.1', 'Chrome', 'Windows 10', 1557046243178, 1557046243178);
INSERT INTO `ba_login_log` VALUES ('1124960148093841410', '1', '127.0.0.1', 'Chrome', 'Windows 10', 1557046374701, 1557046374701);
INSERT INTO `ba_login_log` VALUES ('1124960340457205762', '1', '127.0.0.1', 'Chrome', 'Windows 10', 1557046420564, 1557046420564);
INSERT INTO `ba_login_log` VALUES ('1124971570269954050', '1', '127.0.0.1', 'Chrome', 'Windows 10', 1557049094206, 1557049094206);
INSERT INTO `ba_login_log` VALUES ('1125032574286712834', '1', '127.0.0.1', 'Chrome', 'Windows 10', 1557063640245, 1557063640246);
INSERT INTO `ba_login_log` VALUES ('1125038956608114690', '1', '127.0.0.1', 'Chrome', 'Windows 10', 1557065164106, 1557065164106);
INSERT INTO `ba_login_log` VALUES ('1125039066599542785', '1', '127.0.0.1', 'Chrome', 'Windows 10', 1557065190339, 1557065190339);
INSERT INTO `ba_login_log` VALUES ('1133701756456738818', '1', '127.0.0.1', 'Chrome', 'Windows 10', 1559130534874, 1559130534875);
INSERT INTO `ba_login_log` VALUES ('1133750383657144321', '1', '127.0.0.1', 'Chrome', 'Mac OS X', 1559142127323, 1559142127323);
INSERT INTO `ba_login_log` VALUES ('1133750594081181697', '1', '127.0.0.1', 'Chrome', 'Mac OS X', 1559142180330, 1559142180330);
INSERT INTO `ba_login_log` VALUES ('1133756636932395009', '1', '127.0.0.1', 'Chrome', 'Mac OS X', 1559143621061, 1559143621061);
INSERT INTO `ba_login_log` VALUES ('1133765611136536578', '1', '127.0.0.1', 'Chrome', 'Mac OS X', 1559145758990, 1559145758990);
INSERT INTO `ba_login_log` VALUES ('1133766197349240833', '1', '127.0.0.1', 'Chrome', 'Mac OS X', 1559145900453, 1559145900453);
INSERT INTO `ba_login_log` VALUES ('1134043690060697602', '1', '127.0.0.1', 'Chrome', 'Windows 10', 1559212058231, 1559212058232);
COMMIT;

-- ----------------------------
-- Table structure for ba_opt_log
-- ----------------------------
DROP TABLE IF EXISTS `ba_opt_log`;
CREATE TABLE `ba_opt_log` (
  `id` varchar(20) CHARACTER SET utf8 COLLATE utf8_general_ci NOT NULL COMMENT '日志表',
  `user_id` varchar(20) CHARACTER SET utf8 COLLATE utf8_general_ci DEFAULT NULL COMMENT '操作人',
  `client_ip` varchar(20) CHARACTER SET utf8 COLLATE utf8_general_ci DEFAULT NULL COMMENT '操作ip',
  `type` int(2) DEFAULT NULL COMMENT '操作类型（1：增，2：删，3：改）',
  `browser` varchar(50) CHARACTER SET utf8 COLLATE utf8_general_ci DEFAULT NULL COMMENT '浏览器',
  `os_info` varchar(200) CHARACTER SET utf8 COLLATE utf8_general_ci DEFAULT NULL COMMENT '操作系统信息',
  `method` varchar(255) CHARACTER SET utf8 COLLATE utf8_general_ci DEFAULT NULL COMMENT '操作方法名称',
  `params` varchar(2000) CHARACTER SET utf8 COLLATE utf8_general_ci DEFAULT NULL COMMENT '操作方法的参数（json）',
  `exception_detail` varchar(2000) CHARACTER SET utf8 COLLATE utf8_general_ci DEFAULT NULL COMMENT '异常详情',
  `create_at` bigint(20) DEFAULT NULL COMMENT '创建日期（操作）',
  `update_at` bigint(20) DEFAULT NULL COMMENT '修改日期',
  PRIMARY KEY (`id`) USING BTREE
) ENGINE=InnoDB DEFAULT CHARSET=utf8 ROW_FORMAT=COMPACT COMMENT='基础板块/用户操作日志';

-- ----------------------------
-- Records of ba_opt_log
-- ----------------------------
BEGIN;
INSERT INTO `ba_opt_log` VALUES ('1124667727644659713', '临时用户', '127.0.0.1', NULL, 'Chrome', 'Windows 10', 'com.youyd.user.controller.UserController.findByCondition()', '[{\"id\":null,\"password\":null,\"userName\":\"\",\"interest\":null,\"personality\":null,\"nickName\":null,\"followCount\":null,\"lastDate\":null,\"fansCount\":null,\"sex\":null,\"phone\":null,\"birthday\":null,\"onlineTime\":null,\"account\":null,\"avatar\":null,\"status\":null,\"email\":null,\"registeredType\":null,\"contactAddress\":null,\"createAt\":null,\"updateAt\":null},{\"pageSize\":10,\"orderBy\":null,\"fieldSort\":null,\"searchSort\":null,\"searchValue\":null,\"pageNum\":1}]', 'io.jsonwebtoken.ExpiredJwtException:--->JWT expired at 2019-05-04T21:15:59+0800. Current time: 2019-05-04T21:30:56+0800', 1556976656150, 1556976656150);
INSERT INTO `ba_opt_log` VALUES ('1124668546599292929', '临时用户', '127.0.0.1', NULL, 'Chrome', 'Windows 10', 'com.youyd.user.controller.UserController.findByCondition()', '[{\"id\":null,\"password\":null,\"userName\":\"\",\"interest\":null,\"personality\":null,\"nickName\":null,\"followCount\":null,\"lastDate\":null,\"fansCount\":null,\"sex\":null,\"phone\":null,\"birthday\":null,\"onlineTime\":null,\"account\":null,\"avatar\":null,\"status\":null,\"email\":null,\"registeredType\":null,\"contactAddress\":null,\"createAt\":null,\"updateAt\":null},{\"pageSize\":10,\"orderBy\":null,\"fieldSort\":null,\"searchSort\":null,\"searchValue\":null,\"pageNum\":1}]', 'io.jsonwebtoken.ExpiredJwtException:--->JWT expired at 2019-05-04T21:15:59+0800. Current time: 2019-05-04T21:34:11+0800', 1556976851480, 1556976851480);
INSERT INTO `ba_opt_log` VALUES ('1124668628761513986', '临时用户', '127.0.0.1', NULL, 'Chrome', 'Windows 10', 'com.youyd.user.controller.UserController.findByCondition()', '[{\"id\":null,\"password\":null,\"userName\":\"\",\"interest\":null,\"personality\":null,\"nickName\":null,\"followCount\":null,\"lastDate\":null,\"fansCount\":null,\"sex\":null,\"phone\":null,\"birthday\":null,\"onlineTime\":null,\"account\":null,\"avatar\":null,\"status\":null,\"email\":null,\"registeredType\":null,\"contactAddress\":null,\"createAt\":null,\"updateAt\":null},{\"pageSize\":10,\"orderBy\":null,\"fieldSort\":null,\"searchSort\":null,\"searchValue\":null,\"pageNum\":1}]', 'io.jsonwebtoken.ExpiredJwtException:--->JWT expired at 2019-05-04T21:15:59+0800. Current time: 2019-05-04T21:34:31+0800', 1556976871073, 1556976871073);
INSERT INTO `ba_opt_log` VALUES ('1124668673397297153', '1', '127.0.0.1', 1, 'Chrome', 'Windows 10', 'com.youyd.user.controller.UserController.findByCondition()', '[{\"id\":null,\"password\":null,\"userName\":\"\",\"interest\":null,\"personality\":null,\"nickName\":null,\"followCount\":null,\"lastDate\":null,\"fansCount\":null,\"sex\":null,\"phone\":null,\"birthday\":null,\"onlineTime\":null,\"account\":null,\"avatar\":null,\"status\":null,\"email\":null,\"registeredType\":null,\"contactAddress\":null,\"createAt\":null,\"updateAt\":null},{\"pageSize\":10,\"orderBy\":null,\"fieldSort\":null,\"searchSort\":null,\"searchValue\":null,\"pageNum\":1}]', NULL, 1556976881712, 1556976881712);
INSERT INTO `ba_opt_log` VALUES ('1124668862593961985', '1', '127.0.0.1', 1, 'Chrome', 'Windows 10', 'com.youyd.user.controller.UserController.findByCondition()', '[{\"id\":null,\"password\":null,\"userName\":\"\",\"interest\":null,\"personality\":null,\"nickName\":null,\"followCount\":null,\"lastDate\":null,\"fansCount\":null,\"sex\":null,\"phone\":null,\"birthday\":null,\"onlineTime\":null,\"account\":null,\"avatar\":null,\"status\":null,\"email\":null,\"registeredType\":null,\"contactAddress\":null,\"createAt\":null,\"updateAt\":null},{\"pageSize\":10,\"orderBy\":null,\"fieldSort\":null,\"searchSort\":null,\"searchValue\":null,\"pageNum\":1}]', NULL, 1556976926822, 1556976926822);
INSERT INTO `ba_opt_log` VALUES ('1124891299713642497', '1', '127.0.0.1', 1, 'Chrome', 'Windows 10', 'com.youyd.user.controller.UserController.findByCondition()', '[{\"id\":null,\"password\":null,\"userName\":\"\",\"account\":null,\"avatar\":null,\"email\":null,\"status\":null,\"contactAddress\":null,\"registeredType\":null,\"nickName\":null,\"lastDate\":null,\"onlineTime\":null,\"interest\":null,\"personality\":null,\"fansCount\":null,\"followCount\":null,\"sex\":null,\"birthday\":null,\"phone\":null,\"updateAt\":null,\"createAt\":null},{\"pageNum\":1,\"searchSort\":null,\"orderBy\":null,\"fieldSort\":null,\"searchValue\":null,\"pageSize\":10}]', NULL, 1557029959922, 1557029959922);
INSERT INTO `ba_opt_log` VALUES ('1124973507866435586', '临时用户', '127.0.0.1', NULL, 'Chrome', 'Windows 10', 'com.youyd.user.controller.UserController.findByCondition()', '[{\"id\":null,\"password\":null,\"userName\":\"\",\"registeredType\":null,\"contactAddress\":null,\"avatar\":null,\"account\":null,\"sex\":null,\"interest\":null,\"fansCount\":null,\"nickName\":null,\"birthday\":null,\"lastDate\":null,\"onlineTime\":null,\"personality\":null,\"followCount\":null,\"phone\":null,\"email\":null,\"status\":null,\"createAt\":null,\"updateAt\":null},{\"pageNum\":1,\"fieldSort\":null,\"searchValue\":null,\"searchSort\":null,\"orderBy\":null,\"pageSize\":10}]', 'io.jsonwebtoken.ExpiredJwtException:--->JWT expired at 2019-05-05T17:44:12+0800. Current time: 2019-05-05T17:45:59+0800', 1557049559893, 1557049559893);
INSERT INTO `ba_opt_log` VALUES ('1124973574228713474', '临时用户', '127.0.0.1', NULL, 'Chrome', 'Windows 10', 'com.youyd.user.controller.UserController.findByCondition()', '[{\"id\":null,\"password\":null,\"userName\":\"\",\"registeredType\":null,\"contactAddress\":null,\"avatar\":null,\"account\":null,\"sex\":null,\"interest\":null,\"fansCount\":null,\"nickName\":null,\"birthday\":null,\"lastDate\":null,\"onlineTime\":null,\"personality\":null,\"followCount\":null,\"phone\":null,\"email\":null,\"status\":null,\"createAt\":null,\"updateAt\":null},{\"pageNum\":1,\"fieldSort\":null,\"searchValue\":null,\"searchSort\":null,\"orderBy\":null,\"pageSize\":10}]', 'io.jsonwebtoken.ExpiredJwtException:--->JWT expired at 2019-05-05T17:44:12+0800. Current time: 2019-05-05T17:46:15+0800', 1557049575745, 1557049575745);
INSERT INTO `ba_opt_log` VALUES ('1124973602104057858', '临时用户', '127.0.0.1', NULL, 'Chrome', 'Windows 10', 'com.youyd.user.controller.UserController.findByCondition()', '[{\"id\":null,\"password\":null,\"userName\":\"\",\"registeredType\":null,\"contactAddress\":null,\"avatar\":null,\"account\":null,\"sex\":null,\"interest\":null,\"fansCount\":null,\"nickName\":null,\"birthday\":null,\"lastDate\":null,\"onlineTime\":null,\"personality\":null,\"followCount\":null,\"phone\":null,\"email\":null,\"status\":null,\"createAt\":null,\"updateAt\":null},{\"pageNum\":1,\"fieldSort\":null,\"searchValue\":null,\"searchSort\":null,\"orderBy\":null,\"pageSize\":10}]', 'io.jsonwebtoken.ExpiredJwtException:--->JWT expired at 2019-05-05T17:44:12+0800. Current time: 2019-05-05T17:46:22+0800', 1557049582381, 1557049582381);
INSERT INTO `ba_opt_log` VALUES ('1133755385121394689', '临时用户', '127.0.0.1', NULL, 'Chrome', 'Mac OS X', 'com.youyd.user.controller.RoleController.deleteByIds()', '[[\"1119478833819086850\"]]', 'io.jsonwebtoken.ExpiredJwtException:--->JWT expired at 2019-05-29T23:13:05+0800. Current time: 2019-05-29T23:22:02+0800', 1559143322540, 1559143322540);
INSERT INTO `ba_opt_log` VALUES ('1133755409427386369', '临时用户', '127.0.0.1', NULL, 'Chrome', 'Mac OS X', 'com.youyd.user.controller.RoleController.deleteByIds()', '[[\"1119478833819086850\"]]', 'io.jsonwebtoken.ExpiredJwtException:--->JWT expired at 2019-05-29T23:13:05+0800. Current time: 2019-05-29T23:22:08+0800', 1559143328413, 1559143328413);
INSERT INTO `ba_opt_log` VALUES ('1133755549118681090', '临时用户', '127.0.0.1', NULL, 'Chrome', 'Mac OS X', 'com.youyd.user.controller.RoleController.deleteByIds()', '[[\"1119478833819086850\"]]', 'io.jsonwebtoken.ExpiredJwtException:--->JWT expired at 2019-05-29T23:13:05+0800. Current time: 2019-05-29T23:22:41+0800', 1559143361712, 1559143361712);
INSERT INTO `ba_opt_log` VALUES ('1133755774096953346', '临时用户', '127.0.0.1', NULL, 'Chrome', 'Mac OS X', 'com.youyd.user.controller.RoleController.deleteByIds()', '[[\"1119478833819086850\"]]', 'io.jsonwebtoken.ExpiredJwtException:--->JWT expired at 2019-05-29T23:13:05+0800. Current time: 2019-05-29T23:23:35+0800', 1559143415330, 1559143415330);
INSERT INTO `ba_opt_log` VALUES ('1133756173143035905', '临时用户', '127.0.0.1', NULL, 'Chrome', 'Mac OS X', 'com.youyd.user.controller.UserController.logout()', '[\"eyJhbGciOiJIUzI1NiJ9.eyJqdGkiOiIxIiwic3ViIjoie1wiaWRcIjpcIjFcIixcImFjY291bnRcIjpcImFkbWluXCIsXCJhdmF0YXJcIjpcIuWktOWDj-aYr2RkXCIsXCJzdGF0dXNcIjowLFwiZW1haWxcIjpcIjEyMUBxcS5jb21cIixcInNleFwiOlwi55S3XCIsXCJwaG9uZVwiOlwiMTU4NjY5Njk2OTZcIixcIm5pY2tOYW1lXCI6XCLnrqHnkIblkZhcIixcImJpcnRoZGF5XCI6XCIyMDE4LTExLTI4IDEyOjU3OjQ3XCIsXCJsYXN0RGF0ZVwiOm51bGwsXCJvbmxpbmVUaW1lXCI6MjcsXCJpbnRlcmVzdFwiOlwiMTUwXCIsXCJwZXJzb25hbGl0eVwiOm51bGwsXCJmYW5zQ291bnRcIjoxLFwiZm9sbG93Q291bnRcIjowLFwiY29udGFjdEFkZHJlc3NcIjpcIuWxseS4nOecgea9jeWdiuW4guaYjOmCkeW4glwiLFwicmVnaXN0ZXJlZFR5cGVcIjpcIlwiLFwicGFzc3dvcmRcIjpcIiQyYSQxMCRmSnpRajU4UVFyTkZDYkU3eEdWVUxPL01nNnppRVJ5M015b0lVVmRlT3dldFNPMWp1UU9SQ1wiLFwidXNlck5hbWVcIjpcIlpIMDAxXCIsXCJjcmVhdGVBdFwiOm51bGwsXCJ1cGRhdGVBdFwiOm51bGx9IiwiaWF0IjoxNTU5MTQyMTgwLCJleHAiOjE1NTkxNDI3ODUsInJvbGVzIjoiYWRtaW4ifQ.KOzO9A6I-DE2Ly5A43u4gkcIWSLuszHubYdiSIv_goY\"]', 'io.jsonwebtoken.ExpiredJwtException:--->JWT expired at 2019-05-29T23:13:05+0800. Current time: 2019-05-29T23:25:10+0800', 1559143510492, 1559143510492);
INSERT INTO `ba_opt_log` VALUES ('1133765721157324802', '1', '127.0.0.1', 2, 'Chrome', 'Mac OS X', 'com.youyd.user.controller.RoleController.deleteByIds()', '[[\"1119478833819086850\"]]', NULL, 1559145786837, 1559145786837);
INSERT INTO `ba_opt_log` VALUES ('1133765721857773570', '临时用户', '127.0.0.1', NULL, 'Chrome', 'Mac OS X', 'com.youyd.user.controller.RoleController.deleteByIds()', '[[\"1119478833819086850\"]]', 'org.springframework.transaction.TransactionTimedOutException:--->Transaction timed out: deadline was Thu May 30 00:03:05 CST 2019', 1559145787085, 1559145787085);
INSERT INTO `ba_opt_log` VALUES ('1133766011814203394', '1', '127.0.0.1', 2, 'Chrome', 'Mac OS X', 'com.youyd.user.controller.RoleController.deleteByIds()', '[[\"1119478833819086850\"]]', NULL, 1559145856214, 1559145856214);
INSERT INTO `ba_opt_log` VALUES ('1133766072765829121', '1', '127.0.0.1', 2, 'Chrome', 'Mac OS X', 'com.youyd.user.controller.RoleController.deleteByIds()', '[[\"1119478701941780482\"]]', NULL, 1559145870735, 1559145870735);
INSERT INTO `ba_opt_log` VALUES ('1133766119259688961', '1', '127.0.0.1', 2, 'Chrome', 'Mac OS X', 'com.youyd.user.controller.RoleController.deleteByIds()', '[[\"1119478601412702209\"]]', NULL, 1559145881816, 1559145881816);
INSERT INTO `ba_opt_log` VALUES ('1133766161286615042', '1', '127.0.0.1', 3, 'Chrome', 'Mac OS X', 'com.youyd.user.controller.UserController.logout()', '[\"eyJhbGciOiJIUzI1NiJ9.eyJqdGkiOiIxIiwic3ViIjoie1wiaWRcIjpcIjFcIixcInNleFwiOlwi55S3XCIsXCJwaG9uZVwiOlwiMTU4NjY5Njk2OTZcIixcIm5pY2tOYW1lXCI6XCLnrqHnkIblkZhcIixcImJpcnRoZGF5XCI6XCIyMDE4LTExLTI4IDEyOjU3OjQ3XCIsXCJsYXN0RGF0ZVwiOm51bGwsXCJvbmxpbmVUaW1lXCI6MjcsXCJpbnRlcmVzdFwiOlwiMTUwXCIsXCJwZXJzb25hbGl0eVwiOm51bGwsXCJmYW5zQ291bnRcIjoxLFwiZm9sbG93Q291bnRcIjowLFwiY29udGFjdEFkZHJlc3NcIjpcIuWxseS4nOecgea9jeWdiuW4guaYjOmCkeW4glwiLFwicmVnaXN0ZXJlZFR5cGVcIjpcIlwiLFwicGFzc3dvcmRcIjpcIiQyYSQxMCRmSnpRajU4UVFyTkZDYkU3eEdWVUxPL01nNnppRVJ5M015b0lVVmRlT3dldFNPMWp1UU9SQ1wiLFwidXNlck5hbWVcIjpcIlpIMDAxXCIsXCJzdGF0dXNcIjowLFwiZW1haWxcIjpcIjEyMUBxcS5jb21cIixcImFjY291bnRcIjpcImFkbWluXCIsXCJhdmF0YXJcIjpcIuWktOWDj-aYr2RkXCIsXCJ1cGRhdGVBdFwiOm51bGwsXCJjcmVhdGVBdFwiOm51bGx9IiwiaWF0IjoxNTU5MTQ1NzU3LCJleHAiOjE1NTk3NTA0MDAsInJvbGVzIjoiYWRtaW4ifQ.N3mvXADMG6ZXvsfEd0ftadFwQmq-gkYd1MdG-pqaWnE\"]', NULL, 1559145891844, 1559145891844);
INSERT INTO `ba_opt_log` VALUES ('1133766230836563969', '1', '127.0.0.1', 2, 'Chrome', 'Mac OS X', 'com.youyd.user.controller.RoleController.deleteByIds()', '[[\"1119478415353376770\"]]', NULL, 1559145908422, 1559145908422);
INSERT INTO `ba_opt_log` VALUES ('1134096373232750594', '1', '127.0.0.1', 2, 'Chrome', 'Mac OS X', 'com.youyd.user.controller.RoleController.deleteByIds()', '[[\"1119477979514859522\"]]', NULL, 1559224617614, 1559224617614);
INSERT INTO `ba_opt_log` VALUES ('1134096407722512385', '1', '127.0.0.1', 2, 'Chrome', 'Mac OS X', 'com.youyd.user.controller.RoleController.deleteByIds()', '[[\"1119478294389649409\"]]', NULL, 1559224628734, 1559224628734);
COMMIT;

-- ----------------------------
-- Table structure for my_dept
-- ----------------------------
DROP TABLE IF EXISTS `my_dept`;
CREATE TABLE `my_dept` (
  `deptno` int(11) NOT NULL,
  `dname` varchar(50) CHARACTER SET utf8 COLLATE utf8_general_ci DEFAULT NULL,
  `loc` varchar(50) CHARACTER SET utf8 COLLATE utf8_general_ci DEFAULT NULL,
  PRIMARY KEY (`deptno`) USING BTREE
) ENGINE=InnoDB DEFAULT CHARSET=utf8 ROW_FORMAT=COMPACT;

-- ----------------------------
-- Records of my_dept
-- ----------------------------
BEGIN;
INSERT INTO `my_dept` VALUES (10, '教研部', '北京');
INSERT INTO `my_dept` VALUES (20, '学工部', '上海');
INSERT INTO `my_dept` VALUES (30, '销售部', '广州');
INSERT INTO `my_dept` VALUES (40, '财务部', '武汉');
COMMIT;

-- ----------------------------
-- Table structure for my_emp
-- ----------------------------
DROP TABLE IF EXISTS `my_emp`;
CREATE TABLE `my_emp` (
  `empno` int(11) NOT NULL,
  `ename` varchar(50) CHARACTER SET utf8 COLLATE utf8_general_ci DEFAULT NULL,
  `jo_b` varchar(50) CHARACTER SET utf8 COLLATE utf8_general_ci DEFAULT NULL,
  `mgr` int(11) DEFAULT NULL,
  `hiredate` date DEFAULT NULL,
  `sal` decimal(7,2) DEFAULT NULL,
  `COMM` decimal(7,2) DEFAULT NULL,
  `deptno` int(11) DEFAULT NULL,
  PRIMARY KEY (`empno`) USING BTREE,
  KEY `fk_emp` (`mgr`) USING BTREE,
  KEY `emp_deptno` (`deptno`) USING BTREE,
  CONSTRAINT `emp_deptno` FOREIGN KEY (`deptno`) REFERENCES `my_dept` (`deptno`) ON DELETE RESTRICT ON UPDATE RESTRICT,
  CONSTRAINT `fk_emp` FOREIGN KEY (`mgr`) REFERENCES `my_emp` (`empno`) ON DELETE RESTRICT ON UPDATE RESTRICT
) ENGINE=InnoDB DEFAULT CHARSET=utf8 ROW_FORMAT=COMPACT;

-- ----------------------------
-- Records of my_emp
-- ----------------------------
BEGIN;
INSERT INTO `my_emp` VALUES (1001, '甘宁', '文员', 1013, '2000-12-17', 8000.00, NULL, 20);
INSERT INTO `my_emp` VALUES (1002, '黛绮丝', '销售员', 1006, '2001-02-20', 16000.00, 3000.00, 30);
INSERT INTO `my_emp` VALUES (1003, '殷天正', '销售员', 1006, '2001-02-22', 12500.00, 5000.00, 30);
INSERT INTO `my_emp` VALUES (1004, '半混', '经理', 1009, '2001-04-02', 29750.00, NULL, 30);
INSERT INTO `my_emp` VALUES (1005, '谢逊', '销售员', 1006, '2001-09-28', 12500.00, 14000.00, 10);
INSERT INTO `my_emp` VALUES (1006, '关羽', '经理', 1009, '2001-05-01', 28500.00, NULL, 30);
INSERT INTO `my_emp` VALUES (1007, '张飞', '经理', 1009, '2001-09-01', 24500.00, NULL, 10);
INSERT INTO `my_emp` VALUES (1008, '半混', '分析师', 1004, '2007-04-19', 30000.00, NULL, 20);
INSERT INTO `my_emp` VALUES (1009, '曾阿牛', '董事长', NULL, '2001-11-17', 50000.00, NULL, 10);
INSERT INTO `my_emp` VALUES (1010, '韦一笑', '销售员', 1006, '2001-09-08', 15000.00, 0.00, 30);
INSERT INTO `my_emp` VALUES (1011, '周泰', '文员', 1008, '2007-05-23', 11000.00, NULL, 20);
INSERT INTO `my_emp` VALUES (1012, '程普', '文员', 1006, '2001-12-03', 9500.00, NULL, 30);
INSERT INTO `my_emp` VALUES (1013, '庞统', '分析师', 1004, '2001-12-03', 30000.00, 5845.00, 20);
COMMIT;

-- ----------------------------
-- Table structure for my_user
-- ----------------------------
DROP TABLE IF EXISTS `my_user`;
CREATE TABLE `my_user` (
  `id` decimal(65,30) NOT NULL COMMENT 'id',
  `name` varchar(255) CHARACTER SET utf8 COLLATE utf8_general_ci DEFAULT NULL,
  `age` decimal(65,30) DEFAULT NULL,
  PRIMARY KEY (`id`) USING BTREE
) ENGINE=InnoDB DEFAULT CHARSET=utf8 ROW_FORMAT=COMPACT;

-- ----------------------------
-- Records of my_user
-- ----------------------------
BEGIN;
INSERT INTO `my_user` VALUES (1.000000000000000000000000000000, '张三', 18.000000000000000000000000000000);
INSERT INTO `my_user` VALUES (2.000000000000000000000000000000, '李四', 20.000000000000000000000000000000);
INSERT INTO `my_user` VALUES (3.000000000000000000000000000000, '王五', 30.000000000000000000000000000000);
INSERT INTO `my_user` VALUES (4.000000000000000000000000000000, '张三', 18.000000000000000000000000000000);
INSERT INTO `my_user` VALUES (5.000000000000000000000000000000, '王五', 19.000000000000000000000000000000);
INSERT INTO `my_user` VALUES (6.000000000000000000000000000000, '张三', 20.000000000000000000000000000000);
COMMIT;

-- ----------------------------
-- Table structure for qrtz_blob_triggers
-- ----------------------------
DROP TABLE IF EXISTS `qrtz_blob_triggers`;
CREATE TABLE `qrtz_blob_triggers` (
  `SCHED_NAME` varchar(120) CHARACTER SET utf8 COLLATE utf8_general_ci NOT NULL,
  `TRIGGER_NAME` varchar(200) CHARACTER SET utf8 COLLATE utf8_general_ci NOT NULL,
  `TRIGGER_GROUP` varchar(200) CHARACTER SET utf8 COLLATE utf8_general_ci NOT NULL,
  `BLOB_DATA` blob,
  PRIMARY KEY (`SCHED_NAME`,`TRIGGER_NAME`,`TRIGGER_GROUP`) USING BTREE,
  CONSTRAINT `QRTZ_BLOB_TRIGGERS_ibfk_1` FOREIGN KEY (`SCHED_NAME`, `TRIGGER_NAME`, `TRIGGER_GROUP`) REFERENCES `qrtz_triggers` (`SCHED_NAME`, `TRIGGER_NAME`, `TRIGGER_GROUP`) ON DELETE RESTRICT ON UPDATE RESTRICT
) ENGINE=InnoDB DEFAULT CHARSET=utf8 ROW_FORMAT=COMPACT;

-- ----------------------------
-- Table structure for qrtz_calendars
-- ----------------------------
DROP TABLE IF EXISTS `qrtz_calendars`;
CREATE TABLE `qrtz_calendars` (
  `SCHED_NAME` varchar(120) CHARACTER SET utf8 COLLATE utf8_general_ci NOT NULL,
  `CALENDAR_NAME` varchar(200) CHARACTER SET utf8 COLLATE utf8_general_ci NOT NULL,
  `CALENDAR` blob NOT NULL,
  PRIMARY KEY (`SCHED_NAME`,`CALENDAR_NAME`) USING BTREE
) ENGINE=InnoDB DEFAULT CHARSET=utf8 ROW_FORMAT=COMPACT;

-- ----------------------------
-- Table structure for qrtz_cron_triggers
-- ----------------------------
DROP TABLE IF EXISTS `qrtz_cron_triggers`;
CREATE TABLE `qrtz_cron_triggers` (
  `SCHED_NAME` varchar(120) CHARACTER SET utf8 COLLATE utf8_general_ci NOT NULL,
  `TRIGGER_NAME` varchar(200) CHARACTER SET utf8 COLLATE utf8_general_ci NOT NULL,
  `TRIGGER_GROUP` varchar(200) CHARACTER SET utf8 COLLATE utf8_general_ci NOT NULL,
  `CRON_EXPRESSION` varchar(200) CHARACTER SET utf8 COLLATE utf8_general_ci NOT NULL,
  `TIME_ZONE_ID` varchar(80) CHARACTER SET utf8 COLLATE utf8_general_ci DEFAULT NULL,
  PRIMARY KEY (`SCHED_NAME`,`TRIGGER_NAME`,`TRIGGER_GROUP`) USING BTREE,
  CONSTRAINT `QRTZ_CRON_TRIGGERS_ibfk_1` FOREIGN KEY (`SCHED_NAME`, `TRIGGER_NAME`, `TRIGGER_GROUP`) REFERENCES `qrtz_triggers` (`SCHED_NAME`, `TRIGGER_NAME`, `TRIGGER_GROUP`) ON DELETE RESTRICT ON UPDATE RESTRICT
) ENGINE=InnoDB DEFAULT CHARSET=utf8 ROW_FORMAT=COMPACT;

-- ----------------------------
-- Records of qrtz_cron_triggers
-- ----------------------------
BEGIN;
INSERT INTO `qrtz_cron_triggers` VALUES ('TASK_EXECUTOR', 'TEST_TRIGGER', 'TEST_GROUP', '* * * * * ? *', 'Asia/Shanghai');
COMMIT;

-- ----------------------------
-- Table structure for qrtz_fired_triggers
-- ----------------------------
DROP TABLE IF EXISTS `qrtz_fired_triggers`;
CREATE TABLE `qrtz_fired_triggers` (
  `SCHED_NAME` varchar(120) CHARACTER SET utf8 COLLATE utf8_general_ci NOT NULL,
  `ENTRY_ID` varchar(95) CHARACTER SET utf8 COLLATE utf8_general_ci NOT NULL,
  `TRIGGER_NAME` varchar(200) CHARACTER SET utf8 COLLATE utf8_general_ci NOT NULL,
  `TRIGGER_GROUP` varchar(200) CHARACTER SET utf8 COLLATE utf8_general_ci NOT NULL,
  `INSTANCE_NAME` varchar(200) CHARACTER SET utf8 COLLATE utf8_general_ci NOT NULL,
  `FIRED_TIME` bigint(13) NOT NULL,
  `SCHED_TIME` bigint(13) NOT NULL,
  `PRIORITY` int(11) NOT NULL,
  `STATE` varchar(16) CHARACTER SET utf8 COLLATE utf8_general_ci NOT NULL,
  `JOB_NAME` varchar(200) CHARACTER SET utf8 COLLATE utf8_general_ci DEFAULT NULL,
  `JOB_GROUP` varchar(200) CHARACTER SET utf8 COLLATE utf8_general_ci DEFAULT NULL,
  `IS_NONCONCURRENT` varchar(1) CHARACTER SET utf8 COLLATE utf8_general_ci DEFAULT NULL,
  `REQUESTS_RECOVERY` varchar(1) CHARACTER SET utf8 COLLATE utf8_general_ci DEFAULT NULL,
  PRIMARY KEY (`SCHED_NAME`,`ENTRY_ID`) USING BTREE
) ENGINE=InnoDB DEFAULT CHARSET=utf8 ROW_FORMAT=COMPACT;

-- ----------------------------
-- Table structure for qrtz_job_details
-- ----------------------------
DROP TABLE IF EXISTS `qrtz_job_details`;
CREATE TABLE `qrtz_job_details` (
  `SCHED_NAME` varchar(120) CHARACTER SET utf8 COLLATE utf8_general_ci NOT NULL,
  `JOB_NAME` varchar(200) CHARACTER SET utf8 COLLATE utf8_general_ci NOT NULL,
  `JOB_GROUP` varchar(200) CHARACTER SET utf8 COLLATE utf8_general_ci NOT NULL,
  `DESCRIPTION` varchar(250) CHARACTER SET utf8 COLLATE utf8_general_ci DEFAULT NULL,
  `JOB_CLASS_NAME` varchar(250) CHARACTER SET utf8 COLLATE utf8_general_ci NOT NULL,
  `IS_DURABLE` varchar(1) CHARACTER SET utf8 COLLATE utf8_general_ci NOT NULL,
  `IS_NONCONCURRENT` varchar(1) CHARACTER SET utf8 COLLATE utf8_general_ci NOT NULL,
  `IS_UPDATE_DATA` varchar(1) CHARACTER SET utf8 COLLATE utf8_general_ci NOT NULL,
  `REQUESTS_RECOVERY` varchar(1) CHARACTER SET utf8 COLLATE utf8_general_ci NOT NULL,
  `JOB_DATA` blob,
  PRIMARY KEY (`SCHED_NAME`,`JOB_NAME`,`JOB_GROUP`) USING BTREE
) ENGINE=InnoDB DEFAULT CHARSET=utf8 ROW_FORMAT=COMPACT;

-- ----------------------------
-- Records of qrtz_job_details
-- ----------------------------
BEGIN;
INSERT INTO `qrtz_job_details` VALUES ('TASK_EXECUTOR', 'TestJob', 'TEST_GROUP', 'Test Job for SpringBoot', 'com.youyd.base.job.TestJob', '0', '0', '0', '0', 0xACED0005737200156F72672E71756172747A2E4A6F62446174614D61709FB083E8BFA9B0CB020000787200266F72672E71756172747A2E7574696C732E537472696E674B65794469727479466C61674D61708208E8C3FBC55D280200015A0013616C6C6F77735472616E7369656E74446174617872001D6F72672E71756172747A2E7574696C732E4469727479466C61674D617013E62EAD28760ACE0200025A000564697274794C00036D617074000F4C6A6176612F7574696C2F4D61703B787000737200116A6176612E7574696C2E486173684D61700507DAC1C31660D103000246000A6C6F6164466163746F724900097468726573686F6C6478703F40000000000010770800000010000000007800);
COMMIT;

-- ----------------------------
-- Table structure for qrtz_locks
-- ----------------------------
DROP TABLE IF EXISTS `qrtz_locks`;
CREATE TABLE `qrtz_locks` (
  `SCHED_NAME` varchar(120) CHARACTER SET utf8 COLLATE utf8_general_ci NOT NULL,
  `LOCK_NAME` varchar(40) CHARACTER SET utf8 COLLATE utf8_general_ci NOT NULL,
  PRIMARY KEY (`SCHED_NAME`,`LOCK_NAME`) USING BTREE
) ENGINE=InnoDB DEFAULT CHARSET=utf8 ROW_FORMAT=COMPACT;

-- ----------------------------
-- Records of qrtz_locks
-- ----------------------------
BEGIN;
INSERT INTO `qrtz_locks` VALUES ('TASK_EXECUTOR', 'TRIGGER_ACCESS');
COMMIT;

-- ----------------------------
-- Table structure for qrtz_paused_trigger_grps
-- ----------------------------
DROP TABLE IF EXISTS `qrtz_paused_trigger_grps`;
CREATE TABLE `qrtz_paused_trigger_grps` (
  `SCHED_NAME` varchar(120) CHARACTER SET utf8 COLLATE utf8_general_ci NOT NULL,
  `TRIGGER_GROUP` varchar(200) CHARACTER SET utf8 COLLATE utf8_general_ci NOT NULL,
  PRIMARY KEY (`SCHED_NAME`,`TRIGGER_GROUP`) USING BTREE
) ENGINE=InnoDB DEFAULT CHARSET=utf8 ROW_FORMAT=COMPACT;

-- ----------------------------
-- Table structure for qrtz_scheduler_state
-- ----------------------------
DROP TABLE IF EXISTS `qrtz_scheduler_state`;
CREATE TABLE `qrtz_scheduler_state` (
  `SCHED_NAME` varchar(120) CHARACTER SET utf8 COLLATE utf8_general_ci NOT NULL,
  `INSTANCE_NAME` varchar(200) CHARACTER SET utf8 COLLATE utf8_general_ci NOT NULL,
  `LAST_CHECKIN_TIME` bigint(13) NOT NULL,
  `CHECKIN_INTERVAL` bigint(13) NOT NULL,
  PRIMARY KEY (`SCHED_NAME`,`INSTANCE_NAME`) USING BTREE
) ENGINE=InnoDB DEFAULT CHARSET=utf8 ROW_FORMAT=COMPACT;

-- ----------------------------
-- Table structure for qrtz_simple_triggers
-- ----------------------------
DROP TABLE IF EXISTS `qrtz_simple_triggers`;
CREATE TABLE `qrtz_simple_triggers` (
  `SCHED_NAME` varchar(120) CHARACTER SET utf8 COLLATE utf8_general_ci NOT NULL,
  `TRIGGER_NAME` varchar(200) CHARACTER SET utf8 COLLATE utf8_general_ci NOT NULL,
  `TRIGGER_GROUP` varchar(200) CHARACTER SET utf8 COLLATE utf8_general_ci NOT NULL,
  `REPEAT_COUNT` bigint(7) NOT NULL,
  `REPEAT_INTERVAL` bigint(12) NOT NULL,
  `TIMES_TRIGGERED` bigint(10) NOT NULL,
  PRIMARY KEY (`SCHED_NAME`,`TRIGGER_NAME`,`TRIGGER_GROUP`) USING BTREE,
  CONSTRAINT `QRTZ_SIMPLE_TRIGGERS_ibfk_1` FOREIGN KEY (`SCHED_NAME`, `TRIGGER_NAME`, `TRIGGER_GROUP`) REFERENCES `qrtz_triggers` (`SCHED_NAME`, `TRIGGER_NAME`, `TRIGGER_GROUP`) ON DELETE RESTRICT ON UPDATE RESTRICT
) ENGINE=InnoDB DEFAULT CHARSET=utf8 ROW_FORMAT=COMPACT;

-- ----------------------------
-- Table structure for qrtz_simprop_triggers
-- ----------------------------
DROP TABLE IF EXISTS `qrtz_simprop_triggers`;
CREATE TABLE `qrtz_simprop_triggers` (
  `SCHED_NAME` varchar(120) CHARACTER SET utf8 COLLATE utf8_general_ci NOT NULL,
  `TRIGGER_NAME` varchar(200) CHARACTER SET utf8 COLLATE utf8_general_ci NOT NULL,
  `TRIGGER_GROUP` varchar(200) CHARACTER SET utf8 COLLATE utf8_general_ci NOT NULL,
  `STR_PROP_1` varchar(512) CHARACTER SET utf8 COLLATE utf8_general_ci DEFAULT NULL,
  `STR_PROP_2` varchar(512) CHARACTER SET utf8 COLLATE utf8_general_ci DEFAULT NULL,
  `STR_PROP_3` varchar(512) CHARACTER SET utf8 COLLATE utf8_general_ci DEFAULT NULL,
  `INT_PROP_1` int(11) DEFAULT NULL,
  `INT_PROP_2` int(11) DEFAULT NULL,
  `LONG_PROP_1` bigint(20) DEFAULT NULL,
  `LONG_PROP_2` bigint(20) DEFAULT NULL,
  `DEC_PROP_1` decimal(13,4) DEFAULT NULL,
  `DEC_PROP_2` decimal(13,4) DEFAULT NULL,
  `BOOL_PROP_1` varchar(1) CHARACTER SET utf8 COLLATE utf8_general_ci DEFAULT NULL,
  `BOOL_PROP_2` varchar(1) CHARACTER SET utf8 COLLATE utf8_general_ci DEFAULT NULL,
  PRIMARY KEY (`SCHED_NAME`,`TRIGGER_NAME`,`TRIGGER_GROUP`) USING BTREE,
  CONSTRAINT `QRTZ_SIMPROP_TRIGGERS_ibfk_1` FOREIGN KEY (`SCHED_NAME`, `TRIGGER_NAME`, `TRIGGER_GROUP`) REFERENCES `qrtz_triggers` (`SCHED_NAME`, `TRIGGER_NAME`, `TRIGGER_GROUP`) ON DELETE RESTRICT ON UPDATE RESTRICT
) ENGINE=InnoDB DEFAULT CHARSET=utf8 ROW_FORMAT=COMPACT;

-- ----------------------------
-- Table structure for qrtz_triggers
-- ----------------------------
DROP TABLE IF EXISTS `qrtz_triggers`;
CREATE TABLE `qrtz_triggers` (
  `SCHED_NAME` varchar(120) CHARACTER SET utf8 COLLATE utf8_general_ci NOT NULL,
  `TRIGGER_NAME` varchar(200) CHARACTER SET utf8 COLLATE utf8_general_ci NOT NULL,
  `TRIGGER_GROUP` varchar(200) CHARACTER SET utf8 COLLATE utf8_general_ci NOT NULL,
  `JOB_NAME` varchar(200) CHARACTER SET utf8 COLLATE utf8_general_ci NOT NULL,
  `JOB_GROUP` varchar(200) CHARACTER SET utf8 COLLATE utf8_general_ci NOT NULL,
  `DESCRIPTION` varchar(250) CHARACTER SET utf8 COLLATE utf8_general_ci DEFAULT NULL,
  `NEXT_FIRE_TIME` bigint(13) DEFAULT NULL,
  `PREV_FIRE_TIME` bigint(13) DEFAULT NULL,
  `PRIORITY` int(11) DEFAULT NULL,
  `TRIGGER_STATE` varchar(16) CHARACTER SET utf8 COLLATE utf8_general_ci NOT NULL,
  `TRIGGER_TYPE` varchar(8) CHARACTER SET utf8 COLLATE utf8_general_ci NOT NULL,
  `START_TIME` bigint(13) NOT NULL,
  `END_TIME` bigint(13) DEFAULT NULL,
  `CALENDAR_NAME` varchar(200) CHARACTER SET utf8 COLLATE utf8_general_ci DEFAULT NULL,
  `MISFIRE_INSTR` smallint(2) DEFAULT NULL,
  `JOB_DATA` blob,
  PRIMARY KEY (`SCHED_NAME`,`TRIGGER_NAME`,`TRIGGER_GROUP`) USING BTREE,
  KEY `SCHED_NAME` (`SCHED_NAME`,`JOB_NAME`,`JOB_GROUP`) USING BTREE,
  CONSTRAINT `QRTZ_TRIGGERS_ibfk_1` FOREIGN KEY (`SCHED_NAME`, `JOB_NAME`, `JOB_GROUP`) REFERENCES `qrtz_job_details` (`SCHED_NAME`, `JOB_NAME`, `JOB_GROUP`) ON DELETE RESTRICT ON UPDATE RESTRICT
) ENGINE=InnoDB DEFAULT CHARSET=utf8 ROW_FORMAT=COMPACT;

-- ----------------------------
-- Records of qrtz_triggers
-- ----------------------------
BEGIN;
INSERT INTO `qrtz_triggers` VALUES ('TASK_EXECUTOR', 'TEST_TRIGGER', 'TEST_GROUP', 'TestJob', 'TEST_GROUP', 'Test Job for SpringBoot', 1557030918000, -1, 5, 'PAUSED', 'CRON', 1557030918000, 0, NULL, 2, '');
COMMIT;

-- ----------------------------
-- Table structure for ts_tweets
-- ----------------------------
DROP TABLE IF EXISTS `ts_tweets`;
CREATE TABLE `ts_tweets` (
  `id` varchar(20) CHARACTER SET utf8 COLLATE utf8_general_ci NOT NULL COMMENT '吐槽表ID',
  `title` varchar(500) DEFAULT NULL COMMENT '标题',
  `content` varchar(1000) CHARACTER SET utf8 COLLATE utf8_general_ci DEFAULT NULL COMMENT '吐槽内容',
  `user_id` int(20) NOT NULL COMMENT '发布人ID',
  `nick_name` varchar(60) CHARACTER SET utf8 COLLATE utf8_general_ci DEFAULT NULL COMMENT '发布人昵称',
  `visits_count` bigint(20) DEFAULT NULL COMMENT '浏览量',
  `thumb_up_count` bigint(20) DEFAULT NULL COMMENT '点赞数',
  `share_count` bigint(20) DEFAULT NULL COMMENT '分享数',
  `is_visible` int(1) DEFAULT NULL COMMENT '是否可见',
  `update_at` bigint(20) DEFAULT NULL COMMENT '更新时间',
  `create_at` bigint(20) DEFAULT NULL COMMENT '发布日期(创建时间)',
  PRIMARY KEY (`id`) USING BTREE
) ENGINE=InnoDB DEFAULT CHARSET=utf8 ROW_FORMAT=COMPACT COMMENT='交流版块/吐槽，微博';

-- ----------------------------
-- Records of ts_tweets
-- ----------------------------
BEGIN;
INSERT INTO `ts_tweets` VALUES ('1', '标题', '1', 1, '1', 1, 1, 1, 1, 20190420134837, 20190420134837);
COMMIT;

-- ----------------------------
-- Table structure for ts_tweets_comment
-- ----------------------------
DROP TABLE IF EXISTS `ts_tweets_comment`;
CREATE TABLE `ts_tweets_comment` (
  `id` bigint(20) NOT NULL COMMENT '吐槽评论ID',
  `content` varchar(2000) CHARACTER SET utf8 COLLATE utf8_general_ci DEFAULT NULL COMMENT '评论内容',
  `user_id` bigint(20) NOT NULL COMMENT '评论人ID',
  `nick_name` varchar(60) CHARACTER SET utf8 COLLATE utf8_general_ci DEFAULT NULL COMMENT '评论人昵称',
  `thumb_up_count` bigint(255) DEFAULT NULL COMMENT '点赞数',
  `is_visible` int(1) DEFAULT NULL COMMENT '是否可见',
  `update_at` bigint(20) DEFAULT NULL COMMENT '更新时间',
  `tweets_id` bigint(20) NOT NULL COMMENT '吐槽表id',
  `parent_id` bigint(20) DEFAULT NULL COMMENT '父级评论',
  `create_at` bigint(20) DEFAULT NULL COMMENT '发布日期(创建时间)',
  PRIMARY KEY (`id`) USING BTREE
) ENGINE=InnoDB DEFAULT CHARSET=utf8 ROW_FORMAT=COMPACT COMMENT='交流版块/吐槽-评论';

-- ----------------------------
-- Records of ts_tweets_comment
-- ----------------------------
BEGIN;
INSERT INTO `ts_tweets_comment` VALUES (1, '1', 1, '1', 1, 1, 20190420134837, 1, 1, 20190420134837);
COMMIT;

-- ----------------------------
-- Table structure for us_menu
-- ----------------------------
DROP TABLE IF EXISTS `us_menu`;
CREATE TABLE `us_menu` (
  `id` varchar(20) CHARACTER SET utf8 COLLATE utf8_general_ci NOT NULL COMMENT '菜单表主键',
  `name` varchar(60) CHARACTER SET utf8 COLLATE utf8_general_ci DEFAULT NULL COMMENT '名称',
  `parent_id` varchar(20) CHARACTER SET utf8 COLLATE utf8_general_ci DEFAULT NULL COMMENT '父资源id',
  `component` varchar(90) CHARACTER SET utf8 COLLATE utf8_general_ci DEFAULT NULL COMMENT 'vue组件名称/名称必须真实存在',
  `icon` varchar(30) CHARACTER SET utf8 COLLATE utf8_general_ci DEFAULT NULL COMMENT '图标',
  `path` varchar(255) CHARACTER SET utf8 COLLATE utf8_general_ci DEFAULT NULL COMMENT '路径',
  `status` int(1) DEFAULT NULL COMMENT '状态（禁用：0，启用：1）',
  `sort` int(30) DEFAULT NULL COMMENT '排序',
  `description` varchar(500) CHARACTER SET utf8 COLLATE utf8_general_ci DEFAULT NULL COMMENT '描述',
  `create_at` bigint(20) DEFAULT NULL COMMENT '创建时间',
  `update_at` bigint(20) DEFAULT NULL COMMENT '更新时间',
  PRIMARY KEY (`id`) USING BTREE
) ENGINE=InnoDB DEFAULT CHARSET=utf8 ROW_FORMAT=COMPACT COMMENT='用户板块/菜单';

-- ----------------------------
-- Records of us_menu
-- ----------------------------
BEGIN;
INSERT INTO `us_menu` VALUES ('0', '平台', '', '/', 'dashboard-line', 'asd', 0, 0, '平台', 1555773930915, 1555773930915);
INSERT INTO `us_menu` VALUES ('1119533521851559938', '首页', '0', '/', 'dashboard-line', 'asd', 0, 0, '首页', 1555773930915, 1555773930915);
INSERT INTO `us_menu` VALUES ('11195335218515599381', '首页1', '1119533521851559938', '/', '', 'asd', 0, 0, '首页', 1555773930915, 1555773930915);
INSERT INTO `us_menu` VALUES ('1119533521851559939', '系统管理', '0', '/', 'thumb-down-line', 'asd', 0, 0, '系统管理', 1555773930915, 1555773930915);
INSERT INTO `us_menu` VALUES ('1119625510232195074', '用户管理', '1119533521851559939', NULL, '', '/system/menu', NULL, NULL, '用户的一些配置', 1555774497830, 1555774497830);
COMMIT;

-- ----------------------------
-- Table structure for us_role
-- ----------------------------
DROP TABLE IF EXISTS `us_role`;
CREATE TABLE `us_role` (
  `id` varchar(20) CHARACTER SET utf8 COLLATE utf8_general_ci NOT NULL COMMENT 'id',
  `parent_role_id` varchar(20) CHARACTER SET utf8 COLLATE utf8_general_ci NOT NULL COMMENT '父级角色id',
  `role_name` varchar(50) CHARACTER SET utf8 COLLATE utf8_general_ci NOT NULL COMMENT '角色名称',
  `role_desc` varchar(500) CHARACTER SET utf8 COLLATE utf8_general_ci DEFAULT NULL COMMENT '角色描述',
  `role_code` varchar(255) CHARACTER SET utf8 COLLATE utf8_general_ci NOT NULL COMMENT '角色编码',
  `create_at` bigint(20) DEFAULT NULL COMMENT '创建时间',
  `update_at` bigint(20) DEFAULT NULL COMMENT '更新时间',
  PRIMARY KEY (`id`) USING BTREE
) ENGINE=InnoDB DEFAULT CHARSET=utf8 ROW_FORMAT=COMPACT COMMENT='用户板块/角色';

-- ----------------------------
-- Records of us_role
-- ----------------------------
BEGIN;
INSERT INTO `us_role` VALUES ('1119477949450088449', '0', '7', '7', '7', 20190420134837, 20190420134837);
INSERT INTO `us_role` VALUES ('1119477963140296706', '0', '8', '8', '8', 20190420134840, 20190420134840);
INSERT INTO `us_role` VALUES ('1119478007188877314', '0', '10', '10', '10', 20190420134850, 20190420134850);
INSERT INTO `us_role` VALUES ('1119478028072316929', '0', '11', '11', '11', 20190420134855, 20190420134855);
COMMIT;

-- ----------------------------
-- Table structure for us_role_resources
-- ----------------------------
DROP TABLE IF EXISTS `us_role_resources`;
CREATE TABLE `us_role_resources` (
  `id` varchar(20) CHARACTER SET utf8 COLLATE utf8_general_ci NOT NULL COMMENT '角色菜单表',
  `us_role_id` varchar(20) CHARACTER SET utf8 COLLATE utf8_general_ci NOT NULL COMMENT '角色表_id',
  `us_menu_id` varchar(20) CHARACTER SET utf8 COLLATE utf8_general_ci NOT NULL COMMENT '菜单表_id',
  PRIMARY KEY (`id`) USING BTREE
) ENGINE=InnoDB DEFAULT CHARSET=utf8 ROW_FORMAT=COMPACT COMMENT='用户板块/角色-菜单表';

-- ----------------------------
-- Records of us_role_resources
-- ----------------------------
BEGIN;
INSERT INTO `us_role_resources` VALUES ('1', '1', '1');
COMMIT;

-- ----------------------------
-- Table structure for us_user
-- ----------------------------
DROP TABLE IF EXISTS `us_user`;
CREATE TABLE `us_user` (
  `id` varchar(20) CHARACTER SET utf8 COLLATE utf8_general_ci NOT NULL COMMENT 'ID',
  `account` varchar(60) CHARACTER SET utf8 COLLATE utf8_general_ci NOT NULL COMMENT '账号',
  `nick_name` varchar(50) CHARACTER SET utf8 COLLATE utf8_general_ci DEFAULT NULL COMMENT '昵称',
  `user_name` varchar(255) CHARACTER SET utf8 COLLATE utf8_general_ci NOT NULL COMMENT '用户名',
  `password` varchar(100) CHARACTER SET utf8 COLLATE utf8_general_ci NOT NULL COMMENT '密码',
  `sex` varchar(2) CHARACTER SET utf8 COLLATE utf8_general_ci NOT NULL COMMENT '性别（1：男，2：女）',
  `birthday` timestamp NULL DEFAULT NULL COMMENT '出生年月日',
  `avatar` varchar(100) CHARACTER SET utf8 COLLATE utf8_general_ci DEFAULT NULL COMMENT '头像',
  `email` varchar(100) CHARACTER SET utf8 COLLATE utf8_general_ci DEFAULT NULL COMMENT 'E-Mail',
  `online_time` bigint(20) DEFAULT NULL COMMENT '在线时长（分钟）',
  `interest` varchar(100) CHARACTER SET utf8 COLLATE utf8_general_ci DEFAULT NULL COMMENT '兴趣',
  `personality` varchar(100) CHARACTER SET utf8 COLLATE utf8_general_ci DEFAULT NULL COMMENT '个性',
  `fans_count` int(20) DEFAULT NULL COMMENT '粉丝数',
  `follow_count` int(20) DEFAULT NULL COMMENT '关注数',
  `phone` varchar(20) CHARACTER SET utf8 COLLATE utf8_general_ci DEFAULT NULL COMMENT '手机',
  `contact_address` varchar(200) CHARACTER SET utf8 COLLATE utf8_general_ci DEFAULT NULL COMMENT '联系地址',
  `registered_type` varchar(255) CHARACTER SET utf8 COLLATE utf8_general_ci DEFAULT NULL COMMENT '注册类型/方式',
  `status` int(1) DEFAULT NULL COMMENT '是否锁定(0:未锁定,1已锁定)',
  `create_at` bigint(20) DEFAULT NULL COMMENT '注册日期',
  `update_at` bigint(20) DEFAULT NULL COMMENT '修改日期',
  `last_date` bigint(20) DEFAULT NULL COMMENT '最后登陆日期',
  PRIMARY KEY (`id`) USING BTREE
) ENGINE=InnoDB DEFAULT CHARSET=utf8 ROW_FORMAT=COMPACT COMMENT='用户板块/用户';

-- ----------------------------
-- Records of us_user
-- ----------------------------
BEGIN;
INSERT INTO `us_user` VALUES ('1', 'admin', '管理员', 'ZH001', '$2a$10$fJzQj58QQrNFCbE7xGVULO/Mg6ziERy3MyoIUVdeOwetSO1juQORC', '男', '2018-11-28 12:57:47', '头像是dd', '121@qq.com', 27, '150', NULL, 1, 0, '15866969696', '山东省潍坊市昌邑市', '', 0, 20190420134837, 20190420134837, 20190420134837);
COMMIT;

-- ----------------------------
-- Table structure for us_user_role
-- ----------------------------
DROP TABLE IF EXISTS `us_user_role`;
CREATE TABLE `us_user_role` (
  `id` varchar(20) CHARACTER SET utf8 COLLATE utf8_general_ci NOT NULL COMMENT '用户/角色中间表',
  `us_user_id` varchar(20) CHARACTER SET utf8 COLLATE utf8_general_ci NOT NULL COMMENT '用户表id',
  `us_role_id` varchar(20) CHARACTER SET utf8 COLLATE utf8_general_ci NOT NULL COMMENT '角色表id',
  PRIMARY KEY (`id`) USING BTREE
) ENGINE=InnoDB DEFAULT CHARSET=utf8 ROW_FORMAT=COMPACT COMMENT='用户板块/用户-角色关联表';

-- ----------------------------
-- Records of us_user_role
-- ----------------------------
BEGIN;
INSERT INTO `us_user_role` VALUES ('1', '1', '1');
COMMIT;

SET FOREIGN_KEY_CHECKS = 1;
