/*
 Navicat Premium Data Transfer

 Source Server         : 39.108.191.56
 Source Server Type    : MySQL
 Source Server Version : 80016
 Source Host           : 39.108.191.56:3306
 Source Schema         : youyd

 Target Server Type    : MySQL
 Target Server Version : 80016
 File Encoding         : 65001

 Date: 06/08/2019 22:54:26
*/

SET NAMES utf8mb4;
SET FOREIGN_KEY_CHECKS = 0;

-- ----------------------------
-- Table structure for ar_article
-- ----------------------------
DROP TABLE IF EXISTS `ar_article`;
CREATE TABLE `ar_article` (
  `id` varchar(20) CHARACTER SET utf8 COLLATE utf8_general_ci NOT NULL COMMENT 'ID',
  `category_id` varchar(20) CHARACTER SET utf8 COLLATE utf8_general_ci DEFAULT NULL COMMENT '分类ID',
  `label` varchar(1000) CHARACTER SET utf8 COLLATE utf8_general_ci DEFAULT NULL COMMENT '标签（逗号相隔多个标签）',
  `user_id` varchar(20) CHARACTER SET utf8 COLLATE utf8_general_ci DEFAULT NULL COMMENT '用户ID',
  `title` varchar(500) CHARACTER SET utf8 COLLATE utf8_general_ci DEFAULT NULL COMMENT '标题',
  `description` varchar(1000) CHARACTER SET utf8 COLLATE utf8_general_ci DEFAULT NULL COMMENT '文章描述（概述）',
  `image` varchar(2000) CHARACTER SET utf8 COLLATE utf8_general_ci DEFAULT NULL COMMENT '文章封面',
  `create_at` bigint(20) DEFAULT NULL COMMENT '发表日期',
  `update_at` bigint(20) DEFAULT NULL COMMENT '修改日期',
  `is_public` int(2) DEFAULT NULL COMMENT '是否公开（草稿）',
  `is_top` int(2) DEFAULT NULL COMMENT '是否置顶',
  `visits` int(20) DEFAULT NULL COMMENT '浏览量',
  `upvote` int(20) DEFAULT NULL COMMENT '点赞数',
  `comment` int(20) DEFAULT NULL COMMENT '评论数',
  `review_state` int(2) DEFAULT NULL COMMENT '审核状态（1:通过，2：审核中，3：拒绝）',
  `url` varchar(100) CHARACTER SET utf8 COLLATE utf8_general_ci DEFAULT NULL COMMENT 'URL',
  `type` varchar(1) CHARACTER SET utf8 COLLATE utf8_general_ci DEFAULT NULL COMMENT '类型',
  `importance` float(2,1) DEFAULT NULL COMMENT '热度',
  `keywords` varchar(200) CHARACTER SET utf8 COLLATE utf8_general_ci DEFAULT NULL COMMENT '关键字',
  `origin` int(1) DEFAULT NULL COMMENT '来源（1：原创，2：转载，3：混撰）',
  `content` text CHARACTER SET utf8 COLLATE utf8_general_ci COMMENT '文章正文',
  PRIMARY KEY (`id`) USING BTREE
) ENGINE=InnoDB DEFAULT CHARSET=utf8 ROW_FORMAT=COMPACT COMMENT='文章板块/文章管理';

-- ----------------------------
-- Records of ar_article
-- ----------------------------
BEGIN;
INSERT INTO `ar_article` VALUES ('1', '3', 'Java', '1353259235236756534', '受脑认知和神经科学启发的人工智能', '大概描', 'https://ss3.bdstatic.com/70cFv8Sh_Q1YnxGkpoWK1HF6hhy/it/u=1229855747,4092679124&fm=26&gp=0.jpg', 20190129194744, 1564842743288, 1, 1, 25, 3562, 11, 1, '1', '1', 3.0, '1', 1, '### 试试第一条文章\n![IMG_0610.JPG](data:image/jpeg;base64,/9j/4AAQSkZJRgABAQEAYABgAAD/4ToDRXhpZgAATU0AKgAAAAgABQEaAAUAAAABAAAASgEbAAUAAAABAAAAUgEoAAMAAAABAAIAAAITAAMAAAABAAEAAIdpAAQAAAABAAAAWgAAALQAAABgAAAAAQAAAGAAAAABAAeQAAAHAAAABDAyMjGRAQAHAAAABAECAwCgAAAHAAAABDAxMDCgAQADAAAAAQABAACgAgAEAAAAAQAAAbagAwAEAAAAAQAAAbakBgADAAAAAQAAAAAAAAAAAAYBAwADAAAAAQAGAAABGgAFAAAAAQAAAQIBGwAFAAAAAQAAAQoBKAADAAAAAQACAAACAQAEAAAAAQAAARICAgAEAAAAAQAAOOcAAAAAAAAASAAAAAEAAABIAAAAAf/Y/8AAEQgAoACgAwEiAAIRAQMRAf/EAB8AAAEFAQEBAQEBAAAAAAAAAAABAgMEBQYHCAkKC//EALUQAAIBAwMCBAMFBQQEAAABfQECAwAEEQUSITFBBhNRYQcicRQygZGhCCNCscEVUtHwJDNicoIJChYXGBkaJSYnKCkqNDU2Nzg5OkNERUZHSElKU1RVVldYWVpjZGVmZ2hpanN0dXZ3eHl6g4SFhoeIiYqSk5SVlpeYmZqio6Slpqeoqaqys7S1tre4ubrCw8TFxsfIycrS09TV1tfY2drh4uPk5ebn6Onq8fLz9PX29/j5+v/EAB8BAAMBAQEBAQEBAQEAAAAAAAABAgMEBQYHCAkKC//EALURAAIBAgQEAwQHBQQEAAECdwABAgMRBAUhMQYSQVEHYXETIjKBCBRCkaGxwQkjM1LwFWJy0QoWJDThJfEXGBkaJicoKSo1Njc4OTpDREVGR0hJSlNUVVZXWFlaY2RlZmdoaWpzdHV2d3h5eoKDhIWGh4iJipKTlJWWl5iZmqKjpKWmp6ipqrKztLW2t7i5usLDxMXGx8jJytLT1NXW19jZ2uLj5OXm5+jp6vLz9PX29/j5+v/bAEMAAQEBAQEBAgEBAgMCAgIDBAMDAwMEBQQEBAQEBQYFBQUFBQUGBgYGBgYGBgcHBwcHBwgICAgICQkJCQkJCQkJCf/bAEMBAQEBAgICBAICBAkGBQYJCQkJCQkJCQkJCQkJCQkJCQkJCQkJCQkJCQkJCQkJCQkJCQkJCQkJCQkJCQkJCQkJCf/dAAQACv/aAAwDAQACEQMRAD8A/v4ooooAKKKQsFGWOBQAEgVyfjXx34N+HPhm88ZePNVtNF0qwjMtxeX0yQQRIvVnkkIUD6mvwM/4Kff8HCf7N37EL6h8Kfg2IfiH8SLfMT2ttKDp2nyf9Pdwhwzr3hjJbsxWv4MP2yf+Cgv7WX7efimTX/2kfF13q9oJmmttJicwabajssNtHtTAHG5gWPcmvHxec06ekdX+B7uXZJKr71R2X4n9y/7WH/B0Z/wT2+A2qXPhT4RR6p8VdVtNwlbRIxDYxsOmbq52CTJ/55K/1r+e742f8HXf/BQPx/eRf8Kf8LaF4IsonYzxCFr64kiYnYqTTtsV9vLEIACOlfzR+bA07QoV8zGSuRnHqRXL6j418P6db3czTCVrIqJUTkgtwMeteY86xDfur8D6KGQ4Jbxb9W/Ptbv+R+x9z/wXG/4KD+LtTOo/Fzx54guRNK4mbTLs2kK2zcoiW9v5asynhieo55rzDRv25j4z1b+2/in4jvzcXN00JstQka48sDlJnlz8qMODkkZ4r8s2+JHhBLCO/W7BEjBdg++CfUdsdzVZ/iH4XfS7vU3cFIJGiCnGZSBkbR6GumhnmMiuVq621R8xmvhvk+Mlz1IOMu8ZP9bo/oP+H/7ZHh/xxdTaV8M9fntNT04K5eKeS0Xa2QDFLwDyOnSvtj4S/wDBQD9tr4W38+s2XxE197ZI8bby7S+gyB8qhZmlA9sAV/IxpXinwn4kS3klljS8mjPyFuUAzwTwK96+DHxl8R/CG7j0WKZtS0KRpJ7i3hEZleUjCkuzA4H6Ct8NmzX7qouVP1Pms48LeWEsRl1RupFaJ6N6a6r8FZdvM/tM+Ef/AAcLftN+DNSitfjDpWjeJ7JiqkKPsN1t77WQlGY+6V+4/wCzl/wWd/Y9+O629lr97ceDNRlIUx6so+z7yeFFzGWQZPA8wJntX+cr4a+P/wAJfiTOLvXtKNsxfy1luFUn5eM7lJwAe9fc/wANZbG51xNOspw0Ij3SIr5ygwV7568g19Ti6CjRVaPa/qj8lwHE+ZYTGPB4p3knZp7pn+nfa3lrewrcWciyxuAyspyCD0II4I96sAg9K/FL4H/HDxj4N03SLvQL95dOuYoHe3kO+JlZVyRnlTjuuK+zdT/4KBfs5eEP2gdD/Zh+IusJ4e8WeJrJb3SUvv3VtfZkMRhhnPyGYMP9W2C2Rtya+J4f4ppY+t9VSaqWbt3S3t6H7rmmDWFpfWJy9y6V/N7fefcNFIDkZpa+oOEKKKKAP//Q/v4oopkkiRKWc4AGc/SgCpqep6dounT6vq88dra2sbSzTSsEjjjQFmZmYgKoAySTgCv4Wv8AgtR/wcPa18QbzVv2V/2DdWksPD8bPaax4qtztmvuqyQ2D9UgPRphhn/hIXkp/wAHDv8AwWpu/iHrOq/sH/sqasV8PWMht/FWs2cgxfSjhrCCRT/qEPEzA/Ow2/dBz/Fv4/8AEVv4f0jy7lGKXavEGTqjbeDXzWY5k5y9jSPrsoylRSq1Vr0RseIvGenaLqcEetStvvWZjKxz82eS5PPJPWvnnxF8S9XutZgubJggspHA2/dkG7Az9VrzvUNY1LVUhXUpmm8hdiFjkgfWs2saOChHdXPplA66/wDGmtXPiGbxFZytbyy5UbT91MYC1ypmlJYlj8/3uevfn8ajr0P4dfCT4o/F7XJ/DPws8O6j4i1G2t3u5bbTraS4mSCPG+UpGGbaMjJxXU7RV9rFqK2PPPel3GvbvA37OHxt+Ies2ui+G/Dl8z3Gr2uhM8kLokF9eNtginJXMRc5wWAHB9K+1tR/4Iz/APBRjTPC/iLxfL8OL+e28J6rLpWqQ2wEt1G8Kq7TJAPnlgKOGWSMMGFZVcbRp6VJpX8zSFCcvhjf5H5dgkdK3/DviK/8Oakt/Zuw6B1BHzLnpyDX9F3gL/g2f/a51v4s6N4Y8WaraQ+DPEOnPd2nifT0M8VvM0IlgivLVzHNFvztYjOD39fQ1/4NY/2vH8C+Ii3iLR08UaRdqdMj80mw1WyZCfkk2+Zbzq4wVkUqQRyOTXmS4ky9aTqo7o5LipK6ps/Afwn4sg1rVZNU0W3FoYIj5iuQUIPJwF5yfoa/Zj9k/wCIKat4Wh1OO1FpMsLwoWkWVimPlyw5A3dFbkV5J+29/wAEK/2rv2QvhVp37RPg61ute8MtYxXGrwxpjUtFnwBMlzHHkPCr52zR5G3BIFfL37BHiW5v/HUukW1hcXdzcRkS3CyARouP4oyQGyf4hlq97I83hUh7OnU5qb09H9x+WeJnBUKuFqY107V4JO/VxXTdffqz+5v9gv44t468Ct8O9YctfaJHG0Dt1kt2HA+qEEH2xXk3/Bdv4Ax/GLVvgx8SbO7az/s17u1uLiA/vFISO5iUEfdbchIPbrXB/wDBOrSLywuWu79lRrXzHmkP8Mfl9GPpX6gft3/D3RPiL+xfqOp6YA+oaM9pqc2wncE5hLe2YyenpX5ZiMZHLeIKOJoO3vNf+BK36nl4KlPNuGKtDEq7ST9eVpoZ/wAEsf8Agpp40uLmw/Zy/aY1B9VVIxHp3iCYjfGqDAivX43AnhJTyOAxI5H9IkUqTRiSMhlYZBByCD0Ir+K39mD4caXqNjb6bo+ZLm6SOW7uMcKhG4ID7Dt6mv6R/wBkf46zxx2vwg8VhgIAIdNuHO4lEHywyMeS2B8p/D0r77DcVU/rPsKvXZ+Zjk2WVlg1Nu/9fofofRQDmivsDQ//0f79yQBk1/OL/wAHFP8AwVKuf2Hf2dLf4F/B+/EXxL+JEUlvbNGQJLDS+Y7m8GejtzFF33EsPu1/Qv4x8T6N4L8Kal4w8QzC3sNKtpby5lbokMKl5G/BQTX+Qx/wUO/a38Sft1/t2ePv2idfuXuLO6vDbaPCwbba6db/ALu3hXdyrKgy4HBZmPevPzWq4UHLvoe3w3GjUxnLU3iua3fW3pufHus6zBptvLq2qyMVB3SOcsSSeSe5yepr4+8Y6/JqmpT29pdPcWJl8yIPngkc4zyK+i/iH4gOk6Q8FrNCk7gny5hkSJjDAds18iMQzZHGa+ey+krc7PuuX3mNr9cP2CP+CNP7V/7e9iniXwhZnw/4bu42az169j8zTpZIzh4neJmkjb0yhyeuK/JD61/oq/8ABt98CPhX8Of2NV+I3g7VdO1bWvEThtTk0vU7q5RCpykdzZzBY7a5T7rbFO4DIYivP4nzaeCwjrU99loe5kWXRxWJVKewfC//AINnv+CfvhfRtb034g22oa/Jq9nYQwSm6kiksJreJRcywOp5M825juBCrhQK/aD4Qfskfs3fATxH/wAJj8IfB+m6FrLaVa6LLfWsKxzy2VmoWKORl+9jAyx5bHJOBX0VRgEgHvX4Ri89xmJdqtRv5n63hMmwtGzpwVzkdP8Ag34AufEF54rsvD2nLqGoiJbu6FtErz+QxeIyNt+do2JKMclSeDXqsfha6PzPIqt6jqa9E0L+zrW4tzeKDAFHGOM44NXNbl0+e+MmmrtjI5wMDP0r6ClktN0fa1ZXfa589Vzuarezpxsu9jz2HwnbKuJJW/4CAKe3hS06pKwPviuoorN5fR/lK/tGv/MeSa5okJjl0nVYkuLe4jZJI5FDJJGwwyspyCCDgg9q/jL/AOChv/BIz9n39lL9ow/tI+AbK5svB+u/vI9Kty32aw1Ikl2GCG8o5DLHnAOewxX9tHimJTaJMeqtj86+J/2xPg5pvxz/AGefEnga7gEsxtXuLY45EsI3jb7kDH41llWZTy3GpxfuPdeX/AO/GZNHN8FKhPSck4qW1m1o/S9rrtc/Hf8AYU8S6Hb6Trnh6fBuNSVYopOihnjyqn0DV+4MXg+58WfBe50T7OHGt6e2lXKMM7QxwGPugc1/NH+ztp97p/jOUWUzwwxWypLHnhmRgI2x2ZeeRX9VHwM1q1TwNLHfzBRaESO7HACMoJb6cGvW8RLUpRxFLW7T/A/mLw1pTl7XL8SuVw0/O9/R3Pza/Zx+Glz8Nfh39iVVkvwTCWOQCYiV+uM/pX3x8MPCeuaS8njrVId32eMG0hUFXaU9W56D+7+deE/En4CfEjQI734h+EvFamW0n+06daQqFXyZGzlznDE5xnGDX0h+zR8Yr/4u+CJZfEkaw6zpU5tbxFG0FgPlfb23enqK+Vz3NKlahLEUGmm7Set0fXcP0YUsRHB1ouLS929rO2+35H6S/DvxpB4p0jypJEN5abY7hFOSrFQwP4g16RX4s/tL/tb+GP2C/h3rnxgtrY3txHfafc38Dk4khvruK1fDcAMqbjGOxX0r9j9F1vTfEOm22saRMlxa3cSzQyRtuV43UMrAjqCDmv33w6zirjsrjVqrWL5b97Ja/ifDcQQo0cwnhYPVJSt2Tv8A5H//0v6Nv+C7H7b9z+xx+ybBpOg20V7q/ju8OlLFI5TFmqGS6cHB5KgRjjjfntX+X3r/AIz1v4i/FPxB431JjJ9uuGJaRld+Og3RpGjY6ZCg+tf6GH/BdvSPDf7RfxC0L4G6jqf2RfD1vHeTLGEeQtM+5sBslDsCgsB3r+DD9pj4ey/Cn9pbxJ4Nt7GbTtOG17NJwqtLF0Ey7Mhg3944Y9xmvms6xFOovd+JOzPO8OsdiZZ9jqc7OHJHl2urP3kvVu7Pin41SI8FtEbmL5Wz5OP3gJH3geePavnqvpn4ti3ishK01vG7jARot0rfRuwr5mrLBSvSR+ywPWvgZ8HvFPx6+K+h/CnwhBcTXesXUcBa2t5Lp4Y2YB5jFEC7LGDubHav9X39jf8AZa8EfsjfAjQvhR4WsdKivbS0ij1K+0uwj09b+dFwZ5I0ydx/2mY1/mef8EvPgv4o+NX7WOhaT4Xtr25ksHW5caZrkGgXyAMAHgup+Cw7ovLD0r++n9vj/gqx8H/+CWnh/wACeDvibpOteLdW8QWbskMNxC93HFbBVaW5lfarlnO3co+YgmvgOO6OJxVWlg8Mrt3dkfbcK4nDYWNTF4l2SsrvzP2Dor+Xzw9/wdS/sfXtwIvEnw+8V6fGTy8f2WfA+gkU194/A7/gvZ/wTM+OF7Do8HjiTwvfzcLB4gtXsxk9vN+eP9RX5/i+DM0oR5qlF29L/kfX4TjTK68uSnXV/u/M/cnRNYheBbO6bDp0J4BH+NdQCGGV5FfPPhPxp4P8faNF4h8D6paazp843Jc2UyTxMPZ4yRXXxXd1AMQysv0NYUs2lTSp1VsdFbK41f3lGW/3Hq5YCoJrqC3UtMwUD1rzF728f70rH8awtc13R/Dmk3PiPxLew2FjaIZZ7m5kWOKNFGSzu5AAA7k1o86T0hHUhZLbWctDstb1ZdQxDB9xe57mufaNJlaNxlGyp+h4NfzD/tz/APByz8Bfg3f3fw5/ZD0k/EPxBEWiOqSkxaVFKDj93tzLc4P90Kp/vGv5+fir+2l/wW7/AG4Fk1CzPjL+y3bfFZ+G9NnsLQYOVG6JFdwMfxOc19FgeAsfiv3+Japp/wA2j+7/ADsfOY3j/A4T9xhU6kl/L/n/AMOftXdXOpfCn9vHxJ8JsbtOuru4Ea/88wwLqR7V+83wA8fa/oUmlyeJF+16RqtgbeVQMg7GI+b3ZP5V/PUvjHxP4g8eaN8b/ixpdzovii6sNPGr2l5GYp4Z0jCT70PKlyN341+vP7OP7Qmg6l8KbW98Qo1sNvnWygbiYnY4H1A5+lfQ55gJVsDSco391Rdu6vqvuufgOc4+lheLcZJz5VOSmv8At5Kdn/4Ez9bdH8O+GdN8Laj4b8OwXT2YtGktZpsSRrETuEMUvLBVbnY3TtXyl8KzPof7QTaDZzSW1t4qsJPNMXykTW5DbgexIGM+5qfRvFt/ZzPBoWp3EMF/CJBCQTC24feUkYBx1ANbfw602Cf47+GpJ5v3lvbXrjOBuOwDA/PNfmscJKhRre0d01+KX+dj7LFYiNb2LpKzjJfi0n+Fz4u/4L7Ty6n+yz4V+FmjFEv/ABp4r0+xDN1KW4eb5iOdoIzX23/wQR/aB8XePP2bNZ/Zz+J8kR8R/CnUF00BH8x20y5TzbJ2PsA8Y9kHevws/wCDgT4veI4PiV8KvBWmXD2rW+ratfQsODshgjgDrn/adwDXSf8ABrt8RvE+o/ty/GbwHqc3nWjeEtOvQxJLmRLzZlycljiUgegr+kfCnJ50uGozlazvL53t+SP5g4uz323iP7GmtqbT1suX06u/4H//0/xC/wCCnH7TPxU8Rf8ABS74z/EHRNburd5/EV5p0ZjlJRrKymEMKL28tlhU/LgGvm3wr4F/aa/4KB/tKpdfD/QH1TWdX+z2tx9iRhaxsqhBJOzswgTAyzD5R6Vz37Xf7ROv/tQ/H3xB8Y/EaWYm1C5lKNYwfZ43i3sUYp1zg9TzX9mf/BBX9nbS/h5+xDD8RtGWODXfF88ks12yhnSEHCqvrjHfivn/ABCzaGCwEarh78rJHlfR04fq5lnVarKdoRg+bz5nZL79eui2uz8PPiF/wbTft8a54WiTSNX8Hy3UqbpYZbqcPG39xXMG0n3zivwW/bI/4J2ftbfsG6zbaX+0f4Wl0u1v3KWepQOLixuGUZKxzpxuxztbDY7V/qAa1N4f8H6k4TxRfNqEXJUjzELYzhh0wfbpXj/7Uv7Pnw9/4KO/sleJv2evH6Rw3WoQFrWbGWs7+ME21zHnkAPjOOqkivxjJ/EGvTqKGIS5L66ar+ux/ZedeGkaeGdfCNv1v+q69z+W/wD4Nj/2I/2Xf2gdG8bfHP4z+GIvEXibwfq9rb6Wbxi9tbpJD5nmeR91pN4OGbOB2r9pv+CgP/BDPw//AMFDf2jm+PHxK+JepaNaQWEGnWOlWNnEyW0MOScSSOcl3JY4UdcV8b/8Gy3wq8d/s+at+0N+z38T7M2Wv+GNfsbe7jOcFljkQOueqOFDKe4INf1ZjJGRWPEefYrC5rOthp9LLro0tjzskyHC4vLlTxELq7uttV3P5V1/4NSv2bJGEcfxQ8SljwP9HtOv/fNcp4r/AODRjw3c2Tv4G+L17BL/AALqGmRSrntuMciH9K91/ac/4KE/8FMf2pvjVrv7O/8AwSr8C3Gm6P4bvZdN1Lxvq0Agje6gYxzLbPcARoiMCAwV2bGcAV4vpP8AwSm/4LteLbg+K/Hf7VUmlanP8zwwXt5Kik9sRxJGMey4r6zAZvj4QU8bjFBvZOzfzSWh8Vj8oy+rUdPAYN1Et2rpfK7Vz5o0r/ggv/wV+/YX8QDxz+xx8UNOu5YDuFvZXs9iJwDnbJa3Cvbvn0J/Gv6pv2HPEv7Vfiv9mrQNY/bT0iz0T4hnzY9QtbHATbG5WN2AZlV3UbmCkrzxX5e/BXw5/wAF1P2Q9UtIPi7q+hftDeBo3VbqKGX7Lr0EXQyWzSpEsrKOdjk7vUda/cHxN4qTTPA0vieKOSFpYFeOOZdsiNIPlV15wy55HqK+Q4zzmpXtCbhNdJxWvo9vxR9lwJkcKc2qSnCW3JJ6a7Nf8BnTHWdIF0bE3UXnDjy943Z+mc1+af8AwU9/4J5+J/8Agox4E8KfCi18dXngzQNP1Q3etxWilzf23llVi2BlUur8rvyoyTgnFabzTSTm7kdjKW3l8/NuPfNfXvhDWtV+I/wyv9EttQfTdVa3lsxeIA0kLyIVSdQeCy53DPGRXxmX4yeHrRrUnZrrufq3FPCMVhGpPmi91sfzzar4q/4I/f8ABHnW4fgt8A/hfc/Gn40RIC1tbQLqt/C/Y3FwyPHak9dkUe4egr7Y/ZG/4LL6Z8bvitpfwP8Aj58JfE/wa1zxBKYdIfU7ZzptzLglYVuPLi2SNjCBlwTwDX3f+zT+yL+zn+xt4ak0X4SaJEmpXbGbUdZugJ9Tv7hzmSa5umzI7OxJwCFGeBX0Nq+ueHrixkudagiuIrMG5AmVXCNEN4ZdwOCpGQRyK+rzTiPC14eznTlN/wA7k73722t5H5vk/COOpSVSjJQX8iimrdr73P5kP20r6Lxh+0Z42VJcn7cYiVOSNgA5/KvT/wBmkQeIdMg8KI3lQ29xDaqW4wmxcn884r80f+E3ufiX+0j4q8ZQyOYLq6uXcZ4OHIH69K+pvhB8XLfwn5Xh/UodsE+oOktyP4AEOw4HuBz2r9XhldWOW06C3UV+R/GniJmlHE8TYvFR1j7RxXmo+6vwR++Wu6Hbw2lpZy3729rCEgjt94iSRgMKGYDcc+gIrx/VPG914L+N3hy70eP97pksazRRsz7jOdroC3JypwK+Xb74mXPihLawu9UF0thAJY8P91MnDkjqflIz14rp/hP4wudQ+LXhzXoVW+lubg3Y+0ZIcRDduOOcY5FfDTy2apyUlfRnoYviqFapGFFcvvR132f+Z+RP/By78ULyD9ujwVoulsA/h7wvFLsbkB7ueRzkf7oFfeP/AAaxyHUv2g/G/i/UraGO/vfDECvJEOWT7Wm0E1/O/wD8FYfjhrX7U/7d3jn4ksENnZTrpNn5f3TDYL5Qxz3YMa/c/wD4NMdQ1qD9pP4iaHqDhrWLw1BImRyhN7GCufTvX9L8OZQ8Fw5Qw09JRgr/AD1/U/As2xdLM+NqeYYeSv7R69XG0lbTz1sz/9T+SPx14duvCPjXVvC1+Ns+n3c1vIMYw0blTx9RX94H/Bv58Z9L+In7Dlp4IWUfb/DN1LbSpkZCMcqcV/L1/wAFuvh54M+FH/BTL4o+BfBGlzabHb6rJdXMksvmLcT34F4XQDiNQJsBfQdq3v8Agjr+2z4p/ZB/aIW2urWe88M+IE8vUoUB+RBj98M4HGK8PxFyKpmOWfuVeUdUu/dHzngJxphMgzqrh8zqKFOrHlcnooyTvFt9Fe8W+l7vQ/uo8OaT4P8ADmo61e+PvKN2s7Mqzc7o2+YMgP3s57fSun8A+Jvh9r/iBx4dtTY3SoRjaEWVM+gOOOvrWl4K8XfCr46eF7Txl4ZmtdZs5VDo4wzJn+FhnKn1Brun8L6G9xb3EdqkUts4aJo1Csp9OOx7iv5OnFxbjLRo/wBHq+ZU5xk6l7td9Fp26o8/8K/BvwD4V+KPiH41aFaC213xRbWtpqcqcLOtiZBA7DHLqshXd3UAdq6LXvE32LKxnAFJ4L8XWPjXw3carp0bxCG6ubVkkADB4JWRuAe5GR7V5h40E7bvLz3qqk5SfvbmeVZbFTcJqzT1XmbVn4wggbybULGpYsQgCjJ5JIHc9z1r1DQ9bXUIwknX1r4zsvtltdNPOSEBzX0h4BN3KiSXAxuxtX0HvUO+56+bZZTp07nsHHevkj4u/Euy8SRt4Z0hSYoJQ0kx6My54A9PevrSRFljaN+jAg/jXynrPwC11bmSTRLqKWIsSqyZVue2eQaLHHw7LDRq8+JdrbHz9W/oHijXfC9w11ok5hL43jqrAdiK1dW+HvjLRp/s91p8zejRqXU/Qius8J+AtBt0bV/iRfW+mW6/cguJkiZvdtxBA9qhyS1bPvsTj8P7Nyk+ZPtrc6i58Y3eqaDBq0o2vIuWA6ZBxx7Vzljrv9tCXTrkFo50eJwe4cFSPyNcZ49+MXga11vSfD/g8zapBdXkVlK9lbSSWsImO1Ga4C+UpDY43EmvUtJ8JTWl6ZWGBu3fgKinVjK/L0PGgoUaXPazd7H8o+qaZ4W+FXxd8aeFrlxbT2t9JjIwDECThfU56iuv/Zl/4Rr9o3RZNR8LTNZQxOznzoy7KVkKOXx90g84PrXhX7Ufii1u/wBo/wCIHiWdgLNNRZonHP7sDBx/wLNbf/BO344fFv4K/H/Xv2ZPhfbRXtp8UTDcQ2ckSO8jrkTJC7EBGCktnp36jNf1LClWeXQqxfvOMdfkj/NfHUctq8ZZhgqkLwVWfLrb7bT2P1S+Pf8AwT88S/Bf4P6n8a9N8Sx6tB9nhWSKCN4ysEvCuDuPAL81yn7MvxIuNV8NXXjO7XF14W8K39yzYG0nylVD9cDmv2a+H/h7UPip8EfEfwD8TB7fU1tZ9IuLeTb3RjCxJP8ACxwCOOBivx2+CHgS5+H37LvxMuvEETLdQ6dfaQ4A5DxRMjD8G614+Exyr4f97rJNJej0PP444YpYDFxeFVoOLe99Vrf5/ofyi21oPENxdeI9Xm2iWZ5HJ43M7bjknpya/qe/4NZNGt7D9qn4iy253Ry+Gbfg8j/j9jr+TlvD/inVdHEiMohBysOcbvc+/wBa/qu/4NN7PVv+GmPiOL8SGOPw3AgJ5VSLtCFz0zxnrX9JY7Ayngpypa8qu7dFdav7z+V/CjhrF43PfrlCfNGleU0tkrWV33uz/9X0L/g4B/Y0+Knxx/4Ku+AfD+hR250bxfo0FzaR7EiR7u1cw3Hmycb5CoQ8n7gAr5r1nwT+zL+w3cajP8aPI8Y6hLYT2N1piWvlHTXH3Jkk3EOVkAwAQCM4Ff1M/wDBcH4PTeI/2YbT9onw9bbtb+Fd8mrpNyriyf8Ad3abhyF2lXOP7lf50P7Qv7Sa/EH4k6t4o8TXStZGcMke/wDdyN3LMfvBe1ejSyqvi5xjz8tFLVR0blfv0Vux/G/ibhpx4gqUoYdyqq0oSavBQl8Vo7Oblde9dJLbTXr/ABP/AMFMPjD8C7m51v4Cte2rybmF2spjhjc55aBeoHp0rpPCP/Bd/wD4KUePbCTSNX8RR/YCBDJd2sQSWNiPvHGSc18D+MPjf8MdV0eWximjV/MBARdxZSPm6CvlHT/E8fgrxe/iTw1a3DaTLxIroyJz2BIxx1FfVUuFMpxDf1vDRlLu0r/M/afC3jTibK8inlWDlVpNfDzzb+UXL4X2UbK/S+/9+P8AwQG/btufj38OfEfwE+KGrG+8YaBfzXLSTECW5inO/fjuSDnj3r9/Nb8OJeFmjHBr/Kt+Af7UHxf/AGcvjDbftW/C5ZLBtNeMCMYCXVtuw6SEHqOxxX+iP/wTt/4KkfAD9vj4c2Wq+G9Rh0/xIEC3mmTsEdZQBu2buv0H4ZFfy94weHtTLMdLE4aH7meum0X1Xkux/oD4S+IUs8y2E6874umlGqr3baS97fW/2uzvfc+0brwE908cCr8vmKW47DmvNdA0b42337TV/wDDLwxr+j6TBq+nQXmkrq0M0nmeQCtzFB5TKpdSQ7AnJBBHANfXRJXrxXlXxY+FekfFbQobC7nm0/ULCZbvTdRtG2XFncp92WNv0IPDDg1+K2XNCU1zKLva9rrZq/zP1V5tOUJU27cyava9nunZ72e/lfU9ps/2Vf2mZAP7W8eaLCMci30mRsfi9wa3B+yB451Sy+1+IPibdx2qqWdtOsbaHKjqd7iQj8K88+Gf7YPjDwLYL4C/bBtXtvKAjg8VaajvY3KjgG5VAz2spH3iR5eehFfYHgvw38J/F3h4S+GPEJ1izmDlGt9Q82PbISQAEbjGelfu3DuQcPY2mqmHV31TlK69Vf8AHY/nXiXiPifLqrjiWlHpKMIuLXdPl/B6rqkeMWH7BHwYuYEvPFviDxBr0cgDf6XqbpEwPOdkIjGCK9G8LfsvfsmeDLxZ/DnhfSnvFx88ifapc+7SGRq9J0T4afDnwnoVsmtLCWt4wrSXUzMPlH/TRyo4rwv4j/tY+BvDlvN4R+BFtB4p8RH5VjsiPsVsTxvurlPkUKeqKS56AV9ViMvyTLIe2qU4Rt1sr/Lq2fL0M34hzep7ClWqTT82or11UUvuOG/ao13Qta8YeGPgh4chiRbOQa3qSRKqiGGEMlsrYHBklOVHopr8+P24P2g/C37MvwN1XxJNKiavfQS22nw5+ZpGXBcDrhAc56ZxWB8b/wBq/wCE37IOialrvxM11PEPjvXZDdXEMZHnXM+MKgUZ8qCJflRTyAD3JNfykftL/tT/ABN/aq8e6r438dT4gW3kS0tIyfKt1DuoCj3A5r8zyvJcRxBmE8bOPLSv+C2S8+/qz77i7jrB8E5TDD+058Q0+WPWUnvN9VBO1r6ytZLdrwjXtQk8aWF7aXT+ZqFxGs8wxz+9O4Z9ziuA+Jd94v8AA19p3xi8KTS2mp+EryC8tJoGMcqxcCUBlwc9+K+l/hH4ZtLfVtW8TXiB9kSOuRkDbHgfiME17DD4R0b4g+EF03XrcXH26BYnGPmy644P41+416kVT5Ft/mfwfktWv9ajmE5Xm3d+ervf11Z+3P7EvxSvIPhZ4R+P3iHX7TXLTxWjLdqtz5t3GrEsslyv3g6nknsOO9eqftPaV4B8NfBf4lXvgK9ivdMltNU1KSWL7iyS2zyMo+hr8YP2D/2Kv2wPCmv6l8Lfh9Lpt3Hp6farGa4vI4VuLV2+aJoZCGLQsRuIGBkc817L+3F4u+PH7Ivwiu/hD8VvsFx4p+IrT2tppNjcpMPsMts8DyuEyY1SQggnG4jrgGvhcsySri81p4HA+/OclaK337H9TZzR/tfLIfVk5VH7qsu+n4H80Hh3TNS8SzWVlpFx5UJtzLO7f6uOLqZHPYAfiTwOTX9g/wDwbBeE1sPjP8RL/TFnisdP0K0txHswm65n8wSTt2uJVj3BP4I8Cv5ePDPh6w8JaNHpGmPEwA85pnGYpWh4adz/AM+tueIx/wAtpcYyK/vk/wCDfz9mzVvgh+xenj/xJbPbX3xBvG1hBOuLh7QqEt5Zj13zKDLt/hVwvav9IOPeGcLwxwXVoVda9dxi353UrLyik/zPrsu8M8v4K4QqYGnZ1qtueWl5Sunb0SvY/9b+87xz4R0Px/4M1XwN4ngW607WLWWyuoW6PDOhjdT9VJr/ACuP2vv+CO+q/sj/ALYOu/Cb4nXcmr6FA8l7YahJhFlspnLW6omcAhfkc8/MrV/q4MAwwa/Ar/g4G/YF8Q/tcfshXfxA+EsUknjLwHFJfx21uu6XULBRvuLUAfMXAHmRgdWBX+KvYyjFzhP2cZW5u58Jx7lNathHXwl/aR7btdVffzP4g9F/Zh+BGg3KSWOh27Oo3BZPmzxjOD19frXy9+0f8HfAfhq1aKwkRjqMx3WWR+6hK/wqOeG6E4ryjwP+154Z0D4gnxN4/bULx7Oze0jjSBgVZRgKVOMHggk9+tfMvjb4+a14q8S3ur6BpxiF3Kzq925LKGPA29eB719nluV4unX9+Tat9/kfhdHh3Na7Uowaa6ydrffqeVeMLDXPh3p174SuzJPo9989u4PKODkA/wBR3r1z9lz4l+Jfh1LBd+G7+TTbp5Xe3ngYowkXBKEjrkcil134dfEnX/DRmn1C3vWuYwzWbxhVB6jY3Yj1r9x/+DXn9gL4a/tkftV+KLL9oTQxrHh3wjZrc/ZJiVVbvfhScEdMjPrTzvM6dGlKVWPMtrO2t9Lan7hwNg/7boyw+HxKhVg3OU4XTThFvmS0d9NLaN9dT9KP+Cff/BTT9vTxfpsHhqLwxdePra0U+bIbeQssaDJfzV7BepJr+ifwd+0B431TwtYeKvFfgPU7a2v4UnSSweG9TY4yDhGDjjttr9kvAXwZ+Fvwl8Nx+EvhpoFlo2novl+TawpGCuMckDJ49TX5keIPD0v7L/i+b4e+Jc2vhPULl5fD+pOcQoJmLtYzSdI3jYnyt2AycDkV/JfiLwxCK+u4akoxb1Ub6ef/AAyP7d8KeMYYnDvLMXJ160bNTnZTmkveSUeq0ernJ666HEt+0r8Jwhi1l76wJGGS70+6j/A5iIrybV/En7HWsXD35tc3LncW0+1vYZWPXnyEUnmvtYFbmNZR8ykZDDkEH0NIUiiVpWAAUEknAwB3zX45JU3uj9bp4zCxT5YTT8p2/wDbP1PhRLn4Zanr+leGvA/gDWddv9YuDbWQ1RpoLd5QhkIJu5OAFUknYa+6vBf7HXxg8ZWAsfiZrdt4P0ZlwNJ8NDE+MdJLx1GPcRoP96q37NOjn4z/AB1/4WnZAy+GfBsU9pZXHWO61KfCzNEejJBGNu4ZBZjg8V90fHT4qv8ABPwCfHpsDfWltd2sV3tbb5NvPKsbzng5Ee4MR6V+zcE8G4R4T67jIau7V+3c/JvETj/G0cfDKspSU2ldt80lJt2SctE7Wvonfsfypft2f8EHvjZoeuv8UvgDq83jK0heS4ksrx836hgQQrEgSYB7cn0r+c+b4beNPA/i2bwV4x0q403UtmyeC5jaNhI0sgA5A/hIr/U4t3W7hS5B4dQQR3B5FfKn7Sf7En7PH7Uukm3+J+hRPfxqfI1G3Aiu4m7FZAOcejZFfq0aVSjTcKOq7Pp6P/O5/LvEWS5dndd4rME4V27upHXmb354vf1i1b+Vn8B2kaDaWNhd+ELEYYQr50xPVpARj8BX0Z8EvClrqXiGK4iANrYqJPYt0X/H8K+8/wBtb/gkX8Zv2dfDmv8AxD+Gd0niXw6sbSyzMyw3VtGF25kQnBVR/Ep/AV8c/CzVvC/gX4V3viLXLtbGy0phJdzMcfu41GB+PYdSeK8bEVLw5NVLTT5b+evY+NzPhLF5dyOSUoS0jKLvFtdO6equmk9dj6BX9p7wj+yPr9j+0T4kcTW2mQXtslop/e3sk8TLHBEByS0oUk9AAT2r8FPjF8WfiN+0F8Vtb+Nvxgke98SeIZTHNDE2BaxNzDpdr/cwmPPb/lmmc/MTT/jD8YNa+OXjlviLrLNY6dZI39jWrLlbO0LY+2Sp/FPKeIU6liD0Fe//ALJP7Lut/Gbx9p934t0HVJPB0cpttTuLOJ55LWFzkw/ICzTzE7rhxzztHQ1/a/hPwFlfAWUVOMuJLKu4+6tOZR3UY3avOXVdvmf3J4HeHuJwuChUxnxPVK3wJ7t+f/DLz0f2Dv2N/iH+2X8ffD/gLQLFrjR7i9hl1W/RcWsdtbEGR8ngW8Cjy7dOfNlwx46f6UfhLwxpfgzw3YeE9DjENjplvHa28Y/hjiUIo/ACvjz9iL9i74O/shfD+aw+GFlJbPrQimuDM5dgqJtjQBgNoC4yMda+5q/HPEnxbxfFdaFarT9nSjfkh1SfWWtua29tFsfkvixxhTzLHKjhG3Sp6Lpd9Xb8F6X62X//1/7+KjkjWRSGGakooA/z/v8Ag4l/4IKSeBfF2tft8/so6f5fhfUGa78VaJaR/wDIPnOS99Aiji3kPzTKPuMS33Tx/E0sUnmNLCPMWI53AZGM8E+xr/dV1bStN1zTLjSNYt47q0uo3imhmQPHJG4Ksjq2QysDggggiv4TP+Cz3/BuTd+BJdd/aS/YE0NrzQb8vc6x4UtE3S2Wcs89ig5eEHkwjLJ/ACvA/S+HOMZKPscTr2v/AFufmvFOAq4RSxdKLlDS6X2e77tfkfx9eAvF/jrWtJkvE0V76ztMI8trjePpGTzgdcflX9w3/Bo74M8O3Ph/4r/FfSEIlvry1tpC6lGDIpDKQQCD8ozX8afw8+HnxF8K6Kmj+HLG6j+0XDh5HUoWlHylSDjbtxjnHNf3o/8ABrb4R1Dwl+zj44i1oYvZ9WiklB6gsrHBPOTXk8cVKUuT2Wzl/wC2tnheCuZ4OecZisMoq1F25Xq06lJPmjr36W9D+ofXrbUrvSLm20acW128TrDMVDiOQghWKnhgDzjvXyf8OPHdv8UI9R/Z9/aQ0u0/4SrTo83dpLGHs9StScJeWofIZG43L96N+PQ19j14H8c/gpY/FjTLW/0u6bR/E2iyfaNI1WEDzbabHKt/fhk+7JGeGHuAa+BxEJfFHXuujX+Z/Q+RYqgpOjiHy3taa3g+j01afVb9VqtfE9R/YM+Fi3Rm8B6xrvhZD0g0+9Y26/7sUwkVR7Cq0H7BPgy9nVPHHizxF4hsgctZ3F0sMEg/uyC3SNmU+hODXr3wF+NOoePTeeA/iJaLo3jbQcLqWn5+V0PCXVsT9+3lxlSOVOVbBFfSdePT4fyyq1WjRj936H0WP404hwknhq2Jlddbpuz2alvZrZpnP+GPC/h/wboNt4Z8L2UOn2Fmgjht4ECRoo6BVHArL+I3g7TfiF4F1bwNq6B7bVrSW1kBGeJUK5/AnI9K7SvzC/4KKav4h8SeI/hX8AdC1i/0m18X63cy6udMuXtZ5tOsLSSWSLzoyHVHkaMNtIJHGea83xB4wwPDmRYvO8w/g4enKcrb8sVdpefRHxmDnXqYmMqcvfbVn533+85HRv8Agp3+yh+zN+z7Yv8AtQeO7DSNe8PmXSb2yDm4vpJ7JzDlbeLfJ86hWBYAHPWvhP4J/wDBw94L/av/AG2/A/7LP7Ovge5fRPEuoSW91rWryCGQQxRSSs0Fum45+Qf6xh9K/PH/AIL6fAP4bfBn9jbwxH8JfD9no9s3iRDfSW8Q86dmgk2tNMcySNu7sxOa/G3/AIIsXkfwy/bw8I/HfxlE8Og+H7LWb8TuMLLLbWT/ALuMn7zFnVeOhYV9X9EPi7h7xM8H63ih71H36tOnTlKN702leVlu1eXKtl1e5+947wtw1XL8Rm126km+WC2TlJWXd76bH9yn/BQO8uvjy837KPhzVW0nT1tP7S8Q38eP3UfJtrckkD94wLuMjCL71/D3440jx1+0R8ZJf2cPgVIPFmiQai0Nqtrujg1a7tx80sjNjZZW/wB6R2+Xjg5Ir6I/ao/4KU/HL4hv45+Fuial9msvF16bnX762X/Soo5cJHYW0gOd8qAR4/hXPQZr6i+FXw+i/Yh/4Jmap8exZRH4jfFoJomixR/KNP0+TP7mN/vBBGryzuvLnA54qKOKxnDdDD8Q4mkqmLxtenhsDQl8M6s3/Fn/ANO6UVKpL/D3aPcybhzLZ4XCuNONSNN+7Jp+9N/G9d49ns1GNj8w/iynwf8AgVFN4J8G3UfiXxNZKs2r+I51BsbSdDteSxt/uvsIMNq0mQfvKoHJ/qv/AODfL9nvxjB+zqn7Q/i6a/s7DxHcTSafpF5Gu2SNTtW8LMN7M5BIbo3UcYr4N/4Jaf8ABC/Vvi/f6Z+0J+2raS2/hWOZb7TfDk4KT6vLjK3eoJ1it8cQ25w2z7wUHn+ynR9H0zQNNt9G0a3jtLS0iSGCGFAkccaDaiIq8KqgYAAwBX7x4yZxhp0qWRKs8TOnLmq1ZO/PUXSK2jGLbtGNktFum3894jeJc6cauU4CSakuWct3urpdttX91i9CpEYDjBqWiivxI/no/9D+/iiiigApjRowwwyKfRQB+JX/AAUZ/wCCNXws/a40u88c/BOe28B/EBwXF5HCDZXj88XUCjhmP/LVAG7kNXyf/wAElv2Lf23f2Vv2dfid8Lfiykui+MLXVIdQ0i8gmSW21BbcMyokifeilC7GVgGGeQK/plprDcpX1rXF1pVqSozeid/PZr9TyOFuH8Bk+ZVc0wNGKqVFaWis/ejK7Xny2fR37nmXwd+Jel/Fz4d6X490nKJfw7pIm4eGZSUlicdmjkDKR6iq3xZ+MngD4L6AfEnj+9FrCxCQRKC89xIekcMS5Z3PYAfXitrw58PvD/guPUk8H2y2P9qXEl5MqkmP7RIPmkEecLuYbmC4DHJPJzXwJ8VP2QPinH4it/jh4f19/Fviu23x3VnqhWK1ktmOdlioytpIg4UjO/o5714mZYjFUcM5UIc87fj/AF0P03h/LMpxuZOOJreyot6J7vsr2sl0cn62OX+HXxTg+NX7V+leJvitDJ4HutLt5P8AhGrIlVk1OOYYkW5uVJUkcH7Jng/Nya/V2Ntw65r8vfE3wP1v4h+FYbPxh4duo1m2yqjYFxbyjkMrxsSkin7rK3uDW14V+MXx2/ZwtBp/xm0698V+EIRtj1yCItqFog6LeQjmVVH/AC1jBY4+Yd6+G4W4umnKjmMHCTd+Zqyd+/b8j9D404Qw+PVOeT1ItxSiqd03ZfyPq23dp63btfZfpZX5NfH+9fxX/wAFGvCWghsw+EvBGoagw9JdUvIbdM++yB8fjX6P/Db4rfD34ueGY/Ffw41aDV7CT5fNgbdhv7rDqrDuCARX50aP4F8e+I/25fiz8R7/AEW7hsI7HQtF0y5liZI7iO2iluJ2hYjDqJZ8EjjIx1r+ff2g+Lx3/EIM3w+V0pVa1eMKUYwTlJ89SKdktX7t3p2Py/hrCOnmcYYhcrg3e+lrd7nyR/wVg/Zt1P8Aao/ZHuvhboCE376xpUsTgZMam7SOR/8AgKOSfYV/K3/wUG8M6/8ACD9uy1/Zv/Z/s3trLwb4dtNG0yGBC+xZo/Nubh1QEvJI5LMcZZsDngV/fVqfwe+KGv6XLBoVxa6VPIyqk9whm8tOrMIgQCw/hBIGetZvww/YJ+BfgD4rar8f9V02LWvHeuw20N/q9yikstsu1Fhj5WJT1IXknqegr+Vv2XnDXirwtkP9mcTZbJZdTVedGlVn7Nyr1nh/enGzkoRhTmk+Xm9+aS1TP2LNOOMvhgZYSpVcr9IN33T32S0tvfVn8k3/AAT2/wCCIPxq+M2u6b46+Pen3HhnwpDKZ1srk7dRu1OC80q5PlSXHTLfNHHwoBOa/sMsP2RvgjcXXhvUfFGg2uoS+E49mlQyJut7TgKDHCfk3KFADEEivqO1tYbRPLgQIvovAq1X+pOb5LmWfcQYbiriXEe0xGGjKNCFNOFHDqS5ZeyhdtylH3ZVJtya0XKtD8y4g8QcXjOWnR/d04qyUei2sRRQxRqBEoUDoBUtFFfYJHwIUUUUwP/ZAAD/2wBDAAgGBgcGBQgHBwcJCQgKDBQNDAsLDBkSEw8UHRofHh0aHBwgJC4nICIsIxwcKDcpLDAxNDQ0Hyc5PTgyPC4zNDL/2wBDAQkJCQwLDBgNDRgyIRwhMjIyMjIyMjIyMjIyMjIyMjIyMjIyMjIyMjIyMjIyMjIyMjIyMjIyMjIyMjIyMjIyMjL/wAARCAG2AbYDASIAAhEBAxEB/8QAHAAAAQUBAQEAAAAAAAAAAAAAAAMEBQYHAgEI/8QARxAAAQMDAgQEAwYDBAkEAQUAAQACAwQFEQYhEhMxQQciUWEUMnEVI0JSgZFyobEzU2KSFiQ2Q1RjgsHRFzQ1cyUmRGTh8P/EABsBAAIDAQEBAAAAAAAAAAAAAAADAQIEBQYH/8QAMxEAAgIBBAECBAMIAwEBAAAAAAECAxEEEiExQRNRBSIyYRRxgQYjQpGhscHRM1Lw4WL/2gAMAwEAAhEDEQA/AN/QhCABCEIAEIQgAQhCABCEIAEIQgAQhCABCEIAELhzg1pJIAHcqAvutLJp+mdNV1jHEfgicHOP6IDzgsKFilz8e6Zj3Nt1DxDs6YELNr34m6kvNc6c100EQOAyF5Awq7kXVU22sH1BcNRWe1tJrrlTQcPXjkAP7Ku1PihpyKMupqg1mDj7nH/cr5iuV1qLpIGuqJZB+IvdlNIKuWhDomfiClyinghUzlD2Z9A13jVTSyGmt1I5k4/vSD/IKJHirqSQkBsEY9TEP/KxKN8tNO2qyS/un1RfKuZ7ZGDhY3t6oVixyUnpbHJbZGrVWvtQVQPMqIz7CPCrtXqy4OkLanYH8WFXJdQRtomlgJlIwvbPXfaPMjqWt4gdldTWcGSWmsUXN+Cwtrn1I4w8EHupCm+7blp3KgGz0tNKIA8cROAMp6ycxb8WB7lRJZ6FxzHtE38TKAQHD9kNvt1ojmKUcP8ACoyK5U8juWZW8Z91xI6ojJIAez91WOUMkkyxxeIuo4GcMdTF/wBUYKkrf4qXmMgVscE/rwR8P/dUMzgnzxkfQLqKojEg8jv2V+SiyumbLTeJ9A9rRPQ1DSepaWkf1U7SaysNU0H7QiicfwyuDSsKnm4IhjqUwySck7qkcsa7nHg+nKerp6pnHTzxTM/NG8OH8kuvmmjvFxoCDS1k0WPyPIVvtPibdaRojqQypHrKTn91LRaN6fZs6FT7Z4h2mtaxtQXwSnY+Ulv7q1wVENSwPhlZI092nKjI9ST6FkIQpJBCEIAEIQgAQhCABCEIAEIQgAQhCABCEIAEIQgAQhCABCEIAEIQgAQhCABCEIAEIQgAXiFUdT+IVm01C8OmbUVI25MbhkH3UNpEpN9Fse9rBlzgB6k4VI1F4qacsDZojUc6rYDwwtHU/VYpqbxKvuoZpIzPyaTPlY0YIH1BVLmBnfxyuc93qTlLc34HKtLsvGofFO+37j5Ez6KB/wDu43ZGFQZviKqo5lRIZCTkkpcDAwEKuWMycPja9uCENia1hbjZdoUEZZxHE2PPCOq9LGk5I3XSEBlnhAIwUcI4cY2XqEECTKdjHcWF5meCfm07i1x6kJZCCd3uNnMm5gqC8ulBzlOH11fUgB0rmtAxjK9XmQFOWDafaEI3mlrI5XvJ9SrVFqmljA85IwNsKtuY1/zBc8pgHyqVJopZXCzDl2W4aqtbx58Z+ilKWppaqnE8QHCRkbLMsYnDnRktB6BTkOo208TYmU72sGw3CtF57Yq7TYS9NZZa5pOY/wBk3llbCzid0XNLN8RTtl4S3PYpQ8J2OE5HLknnkYPuzG9GE/ol6etiqBscO9EsYYnfhH7Ln4WHOQ3B9lbgryPIKgxnB3apmjvFZagaihndE71aq+BgYTqlcXZjO7SlyXkbCT6No0nq11ztkbq/+1BIMowAfqFbopo5mccT2vb6grI9IM5duczO3ET/ADVogqZqZwdFI5vsDsVmdzjJrwdKEcwTLyvFC0F85zxFUAB56OaNv13UyHBwyCCPZOhZGXRVxaOkIQrkAhCEACEIQAIQhAAhCEACEIQAIQhAAhCEACEIQAIQhAAhCEACEIQAJlcLlSWumdUVczIo2jPmO5+ihNWa2tulKQmeRr6ojLIc7n6r501XrW56qq3PqpXCAHyQ9mqkp46LxhnsvWtPGCWs5tDZAY4PlMpyHFZLUVM9XMZaiV0jz1c45KSQlZyNSwCEJsysa6YsQSOUIUbUVjmz+U7BSlkCSXLnBjck7JOCoZMzOcEdUxrKkyOLGnyjqhICRjlbKMtKaS1pjm4cZCZ005gk6+U9VxK7jkJ9VKiBLw1Mco2OD7rqWZsTC4lQYJacg4K6fI+T5nEo2gSsNW2RjnHbCSpqoyzuaeh6KODiBgFdRSGKQPHZTtAmZZmxMLiVGCpdJUAk4GUlLM+Z2XH9En06ISAnXSsaMlw/deseJG5b0UESXdTlLRVckTOEdFG0CY4R6JvOxxc0taNkz+PlSkNa+SQNdsFGGSnhkqLxXNYGhjQAMbIjvlS6QNLQfVIndpwd01YZIHuPBknurxk88sXKqDi9sVks0V0AI4sqUgqGTsy0qmQ1XNfwluFI0tS+mlBB8vcLViMlmJxpqdcts0WjKd0TfmKhnGWWNssDzv1apm355Pm+bulT4RaHZdtJSDkvj7jJVlVG07WCnr+EnZ+yvPXosFixI6lLzA6iPDM0qxwVD4mAtORjoq10OVPU7uKJp9lnm2mmjRFJ5TIGh8SqE6gqLRcminlbIWxuAPCR7lXmKRk0YfG4OYdwWnIK+ZvE6l+F1VzBtzMu/mpnw48Rqm01TLbcXumonkBpJ/s/cLtRipVKaOT6zha4S6PoVCb0dbTXCmbUUszZYndHNKcJZrBCEIAEIQgAQhCABCEIAEIQgAQhCABCEIAEIQgAQheEgDJ2QB6s5194l0unYH0dA9s1eRjiaQRGVG+JHiZHa2S2q0yB1SQWyStPy/QrBKiplq53TTvL3uOSSUuUvCGxh5Y4uV0rLtWSVNZM6SR5yck4TJCEsYeZGcLx54WE+gUbVTvZU5adgEsKtslM7OzuinAB8YHwP7OCjuIh/EOuV56oV0sASLawGlOT5xso7OSSUIQlgk9Di3oV4hCABCEIAEIQgAQhCABCEIAEIQgAR06IQpAe0coHzyD6FPjIx7CGvblQi9DnDo4qriQSUfMgdluHfQJ7S1ML34n8v1KZUUZ4eNz857ZXU7ml3AGjJ7qY2Sjwik6K7nmS5LhQzQ8PBE8FqmKN+C4Kp2mk+HYJObxE9gcqxwSY4XJzy1ycyyMYTxF8EhRSuB5gPma44Wh2W4trqNoJ+8YMELN6YhkhH4Tupqw1j6S58GfK7JWe2G4dTZtZoB6KaoncVOFCMcJGBw6FS1ueBBucbrBYuDpQfJlXjHRf67R1DW/7sj+apFss8gjNTJkOAy0LXPE2jFRa4p8Z4HNH81SwBwAY2wujp7X6KSOXqKl6zbH+mtSXDTT2GF5fE9w5kb8kEe2+xW2Wi80l5om1FM8ZI80ZPmafQrBMBTOm7lV266MmpnkNB87c7OHup3YJg2ng3VCZW25QXSlE0J/iaerSnqsmmso0AhCFIAhCEACEIQAIQhAAhCEACEIQAIQhAAsn8TPEhlriktNrlBqnDEsjT8vYhSXiXr6LTlC+30bw6vlbg4P9mCF85VNTLV1D55nl8jzkklLlLwhsI+WcyyvmkdJI4ucepK4Qk5pRC0OI2SxglVyuhZxNXENcx4w7YrmrkZLTZaR1CjQrJcAdzO45XFcIQrEghCEACEIQAIQhAAhCEACEIQAIXQjeWF4YS0d141rnfK0n6KSDxC8U7bNKXK8W19bQxmVrDgsaMlQ3jskg0JxVUVVRSFlTA+Jw7OCvGnfDWbU2mW3GjqGNly4FrsnOFDkkssEm+jP0Kfu+jr1ZZCKijlcxv4w3AVqtHhzHqXS8ddbpQysazMjHEnf6IcklkEm+DNkKZuGnLlY6sC4UkrYmu3cRgFXKv8MX1lhp7tZXh7Xxhz493HKHJIEmzOI55Ij5XbJy2sbIMSM39UhU0s9HO6GpidHI04LXDdJDYqcJgiTgq5IHAwSEg/hCuNqnknpg6VvC5UuiqW08ofgOHphW22XGCqPC0hrj+FWr/MzayLayl+pNQv4XYPRTttgEruYfmb0Kr7QXOAHVWaztLYiD1UW8IwVlytkhfSgHspWJrn0crW/MASFD2ppFOT6qctp+9cPZYJnVq5iskff6R9ZpLgkGXt4T+2Vlskj2yMjaOpwVuNXCJqOWMjYtP9FjNZByKyWMjdpTNLPKaE6qGGmcMa57g0DJKsFDSCmh3+Y9U2tdIGs5z+qlBv0TZS8C6445HtqrqihrWSU537jsVplLUx1cDZYzseo9Cs7oacQx8x/UqTtd0mpKgvOeSThzT3VYWbX9h+3gvKEjBPHURNkjcC0j9kstSeRYIQhSAIQhAAhCEACEIQAIQhAHiq2tdY02lLS+UkOqnt+6Z7+6mrtdKe0W6asqXhscbSd+59F8tay1VNqu9SVjiRBn7pmflCpKWOBkIZ5ZE3S51F3uEtZVSOkkkJOXHO2UyQhKGgm9aM05Sda+SMBzHYCaurXPhLHjJ9VKXkBqCcYzshCFckEIQgAQhCABCkrLZKy+1vwtFGXv4S7b2T226SuNw1ELQI3NlDsPOPlRlAQCUbDLIwvZG9zR1LWkgLRNQ+EV1tcDZaLiqRwjiAGMFaB4faEpqTS8jLpTB0lThxa4dNsJcrYpZLKEm8Hz/QUU1xrYqSBpdJIcALQK/wAHr3T0UdRT8t/E0OILxkLTbF4Z22x6gdcoi1zQQ6NmPlKvYSp38/KMhTlfMfINdY7hbJxHV0srRnBIYcfurDW6DqnaeivVuzNA7PE3OXDHsF9I3C1UN0hMVZTtlaRjcJC02Kjs9I6kpmAU7vwdkfiOA9B5My8M9H0ly0jUtr6f7x73NBe3cLzS/h0bNq+WGtp2T0LnHgc7fbC1unpYKRhZBGGNJyQPVLbJTteX9y6qWEZ7f/CWzXRj3UmYJewYAAkfDjTVy0rW1NDVtBgdxOaQc5WkIUepLG1lvSjnKIO7aSs16jc2ppIw4/jDd1zpjTMOl6d9NTSvfESSA7tkqeRg+irueMFtizkRqKSnrIyyphZK09nDKQt1po7VzBRxNia/q1owE9wfRGCoy+icLsY3O0UN3pnwVlOyQOGOIjJCRsdnZZKR9LE8uiLstB7D0UohGXjBG1ZyUvV/h5btS075I2NhqsZDmgDJ9yvni+2Ct0/cJKWsiLcHZ2NiPqvrtVzVukaLVNudFMxonA8j8dCnVXOPD6FWVZ5R8rRDLuuArlYKCibwy88c30cQFCai05XaauT6WpY4Nz5HEfMEtZbHU3B4k8zIx+Ja0/KM00nW03g0KCGNu4Icpu0jOR6lQFviENMGcWSNsqzaei5s5HbOVFnTObBc4RamEUlDxY6BSFulJ4pMb8OUxrW/6m8eydWv8A9cBY5fSdCPEsEtQ1Jqmy56tPCs11bS/DXqQgYa87LQ6JvIrp2dA93EFWNeUzXsiqGb4J4lFL2zx7kXrdDnwV2OZzqONrOpdgqdt1MXubxbhvUqFtMXHACRvnZW+ki5UA9T1T5vHAqpZ5YqWAjHZcFnE4Do0JXK8Lg3qcJQ8k7LWmmqeSd4pDuPQ+qtfZVC3Q8TuYeg6Kx0U/EOBx3HRMpuSlsZE6+NyHqEIW0QCEIQAIQhAAhCEAC86IVO8R9UwaY0vO8yFtVO0sg4evF6oJSy8GW+M+tzWVjbJbpC6CP+2c3u8FZRGS5gJGCk3Vs1ZVyTTDL5HFxJ9UukPk1tYW0FyXtHVwC6TSshc9nE0nIUIoe1ZjfA4cYyole5d3JXiYlgAQhCCQQhCAPQCTgDKv2mdD0WqKXFPNyKgdRI47p54fXnTBdHRXihh5p2bIWZz9Styt9ps9M1s9vpIGBwyHxhJstceBkK9xVdAaAdpF876h8csjz5XNHQYVqpLFQ0Vynr4ogJ5scTiPT0UmhZJTbeWaIwSWEBAIw4Aj0KAABgAAegQhVLghCEACACegXccZdueiXDQ0bBWUclXLAgInFdCE+qXAJ7IV9iKb2JCAd16ImhKIU7URuZyGAdl7gegXqFJB5gegRwj0C9QgDkxtPZIvj4dx0TheEZGFVxTJUmhoheubwuIXiUOKnrjTdPfLeHviBfGRuBvgLOWvht4FO2PhaNlt72CRhY4ZDhhZRrCz/C1cha3y58qfRPDwxV9KupaX1R5I6ARkcUZ2KnLJNynlzTuCqvannzMPQKas8gbWPjccZyRla5rhnBi/JfDKKujdwdSOiXtbieHiGCHYUFQ1BgnAJ8p6qx0/DzGFoG5ysklhYN1Ut3JKysxUtlH5CoG50jq601bD8zW7ZVmLQ5gTaWmDYJ8fjGFnhLBonDJSbVSBhEePl3KsHQbJlQRcBkcevEQnZkYHBpcMn3WiTyxMFhCLInmYyPO3YJcUZrJWjfAOdk8hoHyYc4jh9ipKGBkLcNH6pUrMdDI157PA1tNT4H4QuKCaWSPnOOCSQMbJaRnGwtXBLaanc78LRlJyNxz9idhlEsYcEoq5Yri6cSOcPKX8KsQOQupRPdHD7RjnHD46OkIQnlAQhCABCEIATe7haXE4AGSvlXxU1V/pFqqVtPIXUkBDWNztkZBW9+I2oW2DTU5bKGTzN4Y8n918qXF8Tqkzxu4nOcS5ROPy5DT2r1XHD/AMBAS5m7cJZcxniYDhdJBqfYJnJXNY4tLU5dI1nzHCY1kcbxzGOGVKIGcrmvkLmjAK4QEK5IIQhAAhCWpmxvqY2zZEZcA7HplAGh6C0FbNQtZPPcWF/Uw43W9Wu2w2qhZSQfI3oqLoTR2noYIrhbquWSXAJaJiQPqFowGBj0WK2eXg01RwsnqEISRwIQhAAgDJAQvW9QhAOmjDcLpg4ngLwIB4XA+iejOx81jQNgkKhgAyF22dvDukpZeMYHROk44FRTyJIQhJHAhCEACEIQAIQhACEw7pJOJvkTdKl2Nh0CrurbeKq3GUDLowrEkqiITwPjcMhwVUMhLbJMxWmpjBI/PcruVj2vbNEcPBAUhcKc01bLGR+In+abNbxva33C6Nc8rJxNbQqrpRXXaJ+me6SmY92ziFaqFxMMZPUFViNvDG1vorPTbQNx6LPMjT9ss0RzG0+y8kaXRuaO6So38dO32CXLgCATuVhfDOiuij1dbJTSvhDS08RKYvbUEc54OOxV8lttNNNzXsy5c11JE+jLBG0D2C0K5dYMkqJPOWVm23+WlIjnPFH6+it1PUR1MIkjcCCqHXURp3lzRlhUrpmtLJXU73eUjIypsrTW5EU2yjLZItiQrIXVFLJE04LxjKXQsyeDY1lYG9FSto6cRt+pTyK900dwhtsr8VEjSWD1AUfVV7KaaOLGXuIWWa+vk9t1tQTU7+F8L+H9CVr0ibs5MeqmoQ+Xwb2hIU0zailimYctkYHD9Qll0RS5PUIQgk8zshGdlFagvUFgtM1dUfKwYaPV3ZBWUlFbn0Zp4nU0F8uvw083BFTN4R0xkjJWE3e2xWmtLY5Gyxk7HIP9FoF41FRXijlFZUCGSTcuJ7rMaxsUNU4RTc5mdnBKk23yW0PzZknwx3G4ObkdF0kaeVr24AwllQ1NYYjURCWIjuOihiHNcWk9FLVTpmjMfRRLnFziXdVeJB4hCFJIIQhAAlaamlrJ2wwN4pHdAklPaXtt6qrpFNaYHvka4eYDO2UN4RBf9A6Q1fb6qOobJyaXIJZzMZH0wtxjDhEwP+YAZ+qY2T437Kh+0Bip4fPthSCwWTcnybK4bUCEISxgIQhAAjohCAHUZywLopvE/hOCnCdF5QlrDBCEKSAQhCABCEIAEIQgAQheEgDJQAnMdsJBdPdxHK5CTJ5Y6KwgQhCgkz3WlN8NXGdo2LQq1TTNeWvae4yr/rWm5tvbJjfKyds76apdg7Z6LZp+U0Y/iizCFn6F9Y7ijBVht0okpgO4VUtdS2qomPHopm3TOjm4BuComvBzqpYkWu2zgOMZPVF7FQynbPTk8Ue5A7qBoqh8VwkY4/iyFbIJW1EO+/qFlmtktxug98Whjbbq2vpi3PDOBjB2TqBlQWSCox7YOUgbLTip50Q4HZyVIgeXBVJOP8JeCl/EVyohEgfG4KBiLqG4NPTDv5KzVbeGocoO7w9JQN+i0weTNdHyvBcoqhslM2bPlIyu4pWTs42HLVB2SQ1lqdBnduApqmgFPCI29AssopZRphJySYxnt7pboypJ8jWrDfEGq5+tKnfIjkOF9Azu4KaV/wCVpK+atQSmr1bXSDfMmVu0GXNt+Ec74k1Gvg2vwx1VJdKR9tqCOKmY3gPcgrSAO6+XtPahOnL5SVhdiMP+8HqML6aoqplbQw1MfySsDx9CuhNY5Rk0Fspwe4coQhLN54sj8ZrxwU1PagSDLiU/oVrhWKeJrKe5XSaSTyupgYwR3wjdgyaxN14Rj9WIuUTKCW+yggBz/umkt91ZDE2ZpZw8QPsoquoX217X5aWuPQFVsRPwqxLMOc/0BjQBsAF0uWOD2ghdJJ0xKWdkTfMQfZRE0gkkLgMBSctIyUkl2CmM1KyLPnyrRwA2QhCsSCEIQApDBLUyiKFhe92wAG63jwlprpb4H01dQCOJ3ma90eD09VhVLUzUdQyene5sjTkFq2LRPirVHl0N1ppHN2aJQ1zil2puPBaDSlybOhJwTMqIWyx54XDIyMJRYDaCEIQAIQhAAhCEACVjlxsUkhSnghrI7DgehXqZglvQrsTOCupryUcByhIif2Rzx6KdyK7WLISPO9lzzj6I3InaxwvMgd03MriuS5x6lRvRKgxd0oCRc8vK5QqOTZZRSBCFy+RkbSXva0f4jhQWOkKt3bXNiszXc+qy8dmDi/7qgXfxraOJltpWP9HOyEyNU5dIVK6Ee2adqKHm2mTb5QSsSrW8FS4eq0DR2rn6t01VGpAbUsDiWg52yqTcIS+48ACfQnCbixWsas0m5eGTWmHO+Fc09MbK12xodVE+gVZs4ETjGOislukEdVv32VrO2cmrhofVkDmVDaiMdNipSlqXREPHQ9QuCAR7LwAAYCQ+Vhm6Kw8olJ2Pq4uOnk4X+5XdB8U2NzaktJGwIUMa2SicHAZaTupSK7RSRhw7pMoSSwhkZRb75ELgMVBKi69nHSu9t1IVc7ZpOIdE0mw6B/0TIcJFZ85E9KSESSM9SrWqlpcYq5PYq2OPC0n0S7vrDTf8Y0u0vJtFW/0id/RfPVjYK3UMsrxxAuOcrbdU1wi0tVyZ6hzf5LC9M18VIyWY7vJ2C26KL2SZzviM1ujnomr7ZIWU7527NA3BWxeF18betJtwcmmfyd/QLDqu6z1jHRv+Q9sq/wDgfU8muudtY7MfLE+M9+LH/db0moNSMOjtj6jUfJtSEISjrCNRKIKaWUjIjYXfsMrFtQU7btPM+Q7SPLj9StS1XcY7bY5XSPDeb900k9yD/wCFkEN0p6md1PFIHvG5wcpU854M17T+VjOisdJRBzuEOOOqzfU8dG24ONLOJDndoPRa3xtLiziGehCz/V+n6WlLq6KVrXnqwnr+ihvPZfQuMJ4KtTuJj3bhLJGne57MkYSyqdCXYhPFJIDwvwo6alljHE7JHqpOeUxMyASomaeSVx4jgeitHJAkhCFYkEIQgB5baqCkrWS1MJmjB3YDjK3XRGo9J3FrIIKRlPU4+VzgSVk+jqyw01YBeopHtJ2LRst+01/ovUxtfaY6cvx6DiCTc+Oi9a5LOGgNw3YKpV3iRp+31b6aaqjEjNiOJTWo7k20WCqrHHHLbkL5SrJ3VdfUTvOS+Rx3+qVRSp5bL33OGEj6L/8AVTTf/Fxf5krF4n6Zk618Lfq5fNPCEYWj8LAz/ipn1NBrrTdR8t0g/dSlPeLbV45FXG/PovkcOe35ZHD6FLxV9dAcx1k7fo8qr0i8MstW/KPr8DiGRuEL5at+ur/bnNMdU54HZ7iVeLT41VDOFlxgDh3LGJMtNNdcjo6mL7NtQqhZ/Eaw3YACbkuP94QFaYKiCpZxQTMkH+E5SXFx7Q6M4y6YshCFUuCEIQAIQhAAhCMgDJ6IAEnPPFTQmad4ZG3q4qqap8QbXpyFzRIJqjs1hzg+6w7Umu7tqKZ3FM6KDs1hLdk+uiU+fAiy+MODWdSeLVrtfHDQEVUo2yx3RZRfPEG+3x7g6oMcR6MVVGXu2y9x/UqUodOXe445FFNg9yw4WyNUIGKVs5ka975XF0j3OcfUrzCvND4U6gqwC/lxg/m2U5D4JV7h97Ux/o5S7oLyQqZvwV3w2uxt15ngLsRzRhuPqVcamFor5H+hIC8o/CCe1TfGmpb915tn9V3NtM4HqCk7oyszE0yjKOjmpe6FKF/BVsHqVIw3APuJhj/AOLKg+Zyp43DsUrYDzKuaV3uP5pjjw2cdPnBotHUCeEb+YdUtzG8fDxeb0VbgnfA7iYV0amR1Rzc7rLsNav45LG5ocCCMgpOOBsTiWbZXIBmphg4JHVcRfER+V+HD2VR+eRYxlzsk7ei9kAEL/oug4eu64mcOS/fsgk70zDgzyf4lO1buCjld6NUHpidpbNH34gpe4tfJQSxsHmc3ASJ/XyWq/wCPgoWuK3l6IlOd3TYWN2huIHLUvFUmi0vBS58zntcVmFrx8OV19Gv3bf3OH8SbxgVrzI2ke6M4ICt3gFVPGtatjiSZaVzT+hB/7Kp1buGllIGfKrL4Ef7eSH/kPWp/Sxfw7pn0yhCFmOsYd463qVporbDIWCN/MdjuSCsftl2ntdQ6eMcTyMZJV28Z6l8mvp4TkNZFGQP0WdK+Fg58nmTZbbFqTiur5q6Qta89Oqa635c9UyohqTI13RhxgbKuJOZr3j5icepVJQXY3Tz22J5wew1I2Y4Y+idplTcsvDC3zk4HuVdrP4f3u7ta/kvgiPRzm5CztpdnXksvgqpAIweijq1sLflxxey1iq8HbjyPuq+Pi7jgKg6jwbvrAXNk5h9mFRGcfchwkvBmqFZrnoLUNryZLfM5g/EBsq29j4nlkjS1w6gpqafRHXZygbnHqhet+dv1Ckg0vSvhFXXeOOqr5DBTuwRwkHIWyad0fatNRAUcLeZjeTGCUrpGTmaYpDnPkA/kFNrBZZJvDNVdcUsmV+Mt6NPaY7dGXF0wIcAFhjWSEbRSH/pK+rrlpe03eoE9dTmV46briLSFig+SiH6p1V8YRxgTZRKcs5PlcQTnpBL/AJCvfh6j+4l/yFfWLdP2pvSkZ+wXv2Da/wDhGfsFb8UvYr+FfufJvw9R/cS/5CuTFKOsMv8AkK+tPsG1/wDCM/YJN2lrRN1om/sFK1S9iPwr9z5NIcOrHj6tK8z6g/qvqmXw/wBPz/PQ/sVDVvhFp6qyY4DGfdxVlqY+UUeml7nzeAGu4mnDvUKds+sb5ZJAaetlcwf7snAWo13gdCQTS1bGegIJVVuPg/fKQE08nPA7MYVf1a5cMr6VkeUWzTXjFT1TmU92ibC47cbcnK1Gkraevp2T00okjcMggr5WuGlL7bc/EW6ZoH4sYW2eEdvrKTTrpapzsS8JY13YLPdXBLdE0UWTb2yNEQhCyGwEIQgAVG8Tr5X2TT7n0OWl7d3g4LVeVD6ksMOo7RJQTEAP7nsrQaUk2UsTcWkfK2Ku6VZcRJPO89cZV6054T3e8cMtZmnhO/lIJ/mth09oaz6diHJga+Xu87qzxuZEC44awDJ7YWqWozxEyx0/mRT7F4V2G0taZoWVUg/FI3/wrjT2+lo4uCnhbE0dA1UrVHipZ7CHw0721VQNuFjtwVl1f4yX+pnc6nfyY+zS0FCrnPlh6kIcI+hSTk7rxYJavGe5QSgV8bp2Z34cBazpnWNs1PBxUsjWygbx5yQkTpnDlj4XQlwiXubuG21B/wABWTynMrj7rUb4/gtUx9WkLLCcnKtp/qJ1jxpX92htPnmNTqzjk00j/UlcOaHdV22QRUpYPXK2Z4wefxjksMJ4oGH1CViYZJWtHdNaJ3FRRH/Cpq0whznSHqOizy4HVx3NIkw5sEAz2HZMZK+aV3BBH+qkiAeq5LcfIAD9EtNGxpvpjSGklI4pJ3Bx7IqIzDA5xkLsjG6UfDMXB4kG3bCa3SUiFsffup7ZSWIxYjZKr4a4MJPld1V6ByAfULNWkse1w6grQLXUfFUMb+/RKvj5LaWfcTJPGqpzUwU+fwtKzW3Tsi4mvOFcvF2q52p2R52bGFno6rr6WOKUcrWJWTaZYhJFOC0EEdwr14P0MNPq6SRo3MTll9vY90+QTgdVrPhN/tQ7/wClyZLpmGlOu+MYs3dnyBC5jOW/TZCQd4+a/E+y3Gp1NW3OoDBiNuQ30CzZabrXXMVbcKqERNfxsAycrM3Hie5wGATlWg3jk5rDslqKlfWVTIWDqcFIgZOFefD2zfGVzJHNyHHCrbPZFs16LT+taovrt/kW/THh9RTww1NXHjgII26kLS2CKnjDGhrGjoBsk/JRUjWgbNGMKMf8VVuJAPD2C5UpOXZ6PapPjhIlviYvzj90o2QOHldn9VB/AVH5f5r1raumOd8Kpb014ZMyRRytLZI2vB7OGVQdc+HNBerfLVUcTYqqNpcAwYBV3paxs4wdnjsnQVoycXlCJ154Z8a1dLLRVctNM0iSN3CQku4+oWt+L2jvhagXmkj+7dtIGj8RKyPuPqF0ISUllGKSccpn1doZ3FpKlP8A/ugViVa0CQ7R9Nj1/wCwVlXPn9TNlf0ghCFUuCEKJvmo7dp+ldPWzhuBs3qSpSb4RDaSyyZiZxu9kq+aCEfeSsZ/EcLA7/4yV1RI6K1R8mPoJGuIKpFbrPUNwJ510nIPbIWuvTyxyY7NQs8H1YbrbgcGup8/xhdC4ULulZAfo8L49N0uJOfi5ifXCVZe7vH8ldUDHsmfh/uL/EfY+xGuZIMscHD1G6SmHCV8vWvxJ1Lay0fGzSsH4XHC07THjBR3N7Ka6NbBKdg4EnKVZTJIbXfFvk0mWmp524mgjeP8Tcr2KGOCMRxMaxg6NaMBEE0VRE2WF4exwyCClFkNax2CQqKltOzJ6+iXJwMnoFAVkxmnPoNkDIR3MXN0lJOAMJWG6cTsSD9lGIwgf6cSyscHt4gdl6om21PC7lPO3ZSyDPKO14OJpo6eF8srg1jBkklYfrrxHrLnVvtVlDywHhc5g3P7LR9eR3CstMVvtwPHUuMbyD0GE10l4d22wQMmqImz1hGXPcNwU+txgt0jLZvk9sTKtPeGF4vzxUVxMcbtyZCQ5aDR+DllhiAmkmc/v5lpQ2GB0HQIyiWom/sTDTxXfJm1V4N2SaMiKSZru3mUFR+HV50lfYK62zB9O12XN4skhbKvQVVXz6bJdEe0V/U05ZYYy7Zzm+b64WWx1zTM6N+2DsVoWuqjgpGxZ91k7zmRx907TRzlifiUttEI+7yWIEEZC8du0hJUmTTNz1XRfwzYK0YOQWC3tc2jYHeimbbVthcWP6HuoaKdkdG17jsMBOGnibkd0iSyXhLa8otYIcMg5Cj6+u5Q5cZ8yYQ18sMRZnIPRNiS5xc45JVFHkfO7K4J2hqxPD5jhw6qJrZudUOPYbJFj3R54TjK59SpSwxcrHKOD1jS+RrR1JWhWynFNSRx/qqJbpY2VzHSfKFcK+809FbZagOzy2ZSbU20kO07jFOTPnzxDqfidWTHOeHLf5qqp9eqw195qqg/ikcR+6Yrt1x2wSOXZLdJskbZM1pLD1WqeE/+1Lv/AKXLHGOLHhzeoWreDVZz9UuYRhwhcpmuBEan68Zo+gYflP1QiH5T9ULMdk+MbxVQ1lxfNAwtYQNicpivXsMbyw9l4mI5oDcge627wzo2sg4sdBlYk35m/ULePDd4NKR/hCyav6Udn4Ql87+xfHxtkdl266AAGwC9Tatl5VO4jquedNc8HktfDE7hyCfZIOukZBHAord7vUlOG0Mzm5AQO9OK7EuaWzcxu26nKWobPECDv3Civs+fHQLul5lLUcLwcHZBM0pLgeXa2wXa2zUc7Q5r2nGfXGy+VtU2CbTl8mopWnga7yu9V9ag5GQs58UtJtvVpfXU7M1NOM7Dcp9E9rwzBdDKyiZ8NXh+i6cj85VuVL8Li7/QuNrhhzZXNI+iuiXP6mMr+lAhC8LsKhcg9V6jg0zZZayU+bo0Z7lfNt1u921bdHykSTOcfLG3svpPUtgptS2w0VTkNLgcjrsm9i0hZ7DCGQU7JHj8b2jK0VWQrWccma2qdkseDFrH4VXy6hr52mkYf7xn/hXy2+C9sgaDWyiZ3fhJC05rgBgDA9AugcqJaibJjpoR7KjB4a6Zgbj4RxP8aX/9PtNY/wDZO/zK0IS/Ul7jfTh7FJq/CzTVSDw0zmH141VLr4JsLXPt1YyN3UDclbChWjdNeSkqIPwZhoiPUmmq/wCzLlDLNRn5ZcYAP6rT145rXHzAH6r1UnLc8l4Q2rA3rJOXTuPqNlA5ySfVSl1kw1rPdRaqa6l8oIQhAw9a4seHDsVYKaUTQNd3IVe7KQttQGZY44HZAuyOVkleFpOSAT7hBOF5xtI2cD9Ek5yBCR056440k56T40FkhzzF016aca7Y/dBO0z/xAr8VPCDtgBUNnm4fdWjWsEr6s8XY5/RVykj45mN9F0NOkq8nI+LN+rGPhJE5A3hhaEjVEtcxw9U6AwMJrPmSVrB0BymR7Oc+hWpfI6kw122QcKYtleyWmY15w73UUW+ThXMLSxmOmFVpNYJXZaC4Bhd2AyuY5BKzib0UDJXyRUsjSc5GF1bbi+OkYHDOypseMk55JqeYQt9z0XYJMeT6ZUL8Z8ZdIWO2a1ymn7Ru9gqtYBM9tTefUvHYFJ67uAotPPha7DpmloTnTLeIVEh/MMKm+JVaZK+OlB2Yc/yV645swE5bamzPBE5xJPdeuj4W7DKcIXRyc3exGKMYy4LSfBcY1m/bbkOWedFpHgz/ALXP/wDocqyfDG0y/eI+hIflP1QuI2uOcHCFnOsfFlUwxzlpSKl9SQCmvUsYGMAKITDmB3Ww+GNcC1jCfmOFjyuegrn8LcGsLsBpys+pjmB1fhNmLXB/xLB9C9ymFzB5GU5p5RNTRyA54mgrqeITRFh7rmHZj8suSLtsAkkL3DIHRTHRRNLJ8HM6OXYHoU6muETGnhPEfZBaacpDsuA6kLlzGSDfBUDLVSyuJLsJWkrHxSAOOWlBPpNLJNtHCMJIsbIZGOGWu2ISrXB7Q4dCuG/2jkCWNbZbILVTugpwGsc8vwB3JT5C5cdkdkpeDlzsJJz0PckHOQXSFC9ecabl684/dBbA6D0o16Ztf7pVrkEND1rshdJuxyXadkFGj1CEIIBcSSsiblxwvJ5RDEXFQM9Q+d5JO3ogvCG4UrZxPLlvRN0IQaUsLAIQhAAhCEAKRVEkRyHHHopGKcTR57qKTqiJ39EFJxWMjl7kiXrqRNnE7oIihYPSjHJm1xyl2FBLRVtaUwP3oHVoCptsiA4ndwcLRNUxcdtBx3WYxTupqp/5crZpnlNHL+LRW2E/0JtJ8UbXkZHEknVsYblu5VVguU3224zEgO8oH6p+DlVxU3gu0UT5gSwZwlY6CplfwsjySvLPUcFTwAZa7dWekl5FUx+Bsd9kqU2ma46WLXZXpLDcJG8Jg2SUtrqqGEGWLhYNsrWo3MfE1wa3cZ6KN1BSNq7RK1rRkYOwQrH0VlpUk2mZFM8xV0TwcHiVlgqRPRvyfMGlViuBFRH7OT9kjo2eU9W4TZRykYl5LjptnBbXv/MMrKdY1BqNRznOwAWuWdvLskZ7mIlYpfH8y81DvdTRzNspqeIJDENLtglmQY3cuoB5Mrt8jWDzFbDlyk84Rw6FpG2y0HwcYWaueD/cOVCaQ4ZC0LwgH/6ucf8AkOVZdDdLJ+qkb7D8p+qEQ/KfqhIO6fMfilZ5Y9d1TaWneIRGwjylUAgtcWuGCNivoTxbuMNmmiqSAZJogwD1wSvn6eU1FRJKRjiOcK0W2c+Sw2jjunVtqjR18coOBndNEKzWVgmux1yU49o+j9G3llfb2xF4LsZH0Vo9l896M1I+31LY3vIwdj7ei3a23OG50jZY3DixuPRci2twlg9RGyN8FbDz39mOKilZUN8wwfVMTaXZ2dt9VKoSyym10MYrZG0eYklcz2xjmkxnBUghAb5d5GlCXtaY5Oo6Jdv9o5d4GcppFWQyVkkDX5e07hBDy3lDxJPKVSL0AhB5Td7ku9NnoGoRc5ch+6H90mAcoGJDhjk4YU1jSgeSeFvVBVofMKcMTWFvCN+qdMQJkdoQhBUYXTPJGOmVEBWOWJsrC1w6qKltkjSeDcIHVzSWGMUJZ1JO3qxJFrm/MMIHJpniEZQgAQjKeUVEZjxvHlQQ2kssbxU8kx2G3qpCOAQsx3T4RtYzhaMBIvagS57hm/BJGd0g5qRu8gomiqD8cPUeqcwubUQtlZuHBQnzgYlhZEA3dLsCGs3KVaxSQ2RWox/+JJPuskJEtTJjs7C1nVLxHacdySsfpCTU1OfzrZpVw2cz4q8UwX3Y8GygLxCYahs7PZT+cJpcIBUUjh3G60nFqltlk0TwyqbfVW57puUasEAc3GMY3VgvzKZtSDTuaXH5gw5AWIaarHQVDoOItJV/s9W4vdHI4knok2ROrV3k0G1VJnt5bnzN/opaJ7JKUREM5ZjPFn5sqqWap5FXwk+V2ys/Ii4uLhGfVKTLzjkx3UdN8LeOXjYOyEpTM5kjG/RTuv6Dhq4alo2cd/2UdZYebUt9gtG7MEzmThtsaLhTs5draz0jKwm7f/Kz/wAR/qt6e5sdI7iOBwELA74eG7zhvqraXlsTq1whJ07Yo8Dqmsj3SHJKGRPkOwXLmOjOHBb0jDGMU/uLQVHLBDui03wckEmrHEdOS5ZYPNsFqHgyMarcP+Q5Umm1hGvS0bpueOj6Dh+U/VC6YAGjHohZjoGSePFGJrDbpmROfN8QWAj04SVgM9JPScPPjcwkZAK+udaMpf8ARauqKqJsjaaMzNBGcED/APtfKF4ubrpWOlIDWjZoHorRbMVyxMYgFxw0ZKWNFUNZxmN2Popaz0beXzXjJPTKmHAYxjI9FfBzLdXsntiiAtFC583Nly3HRXyy32a3St4XkAeqmNJ6bobpb5BNlkpJ4RhRF8oIbJNJRAcT844is8pV2Nw8munU6rS41Kfyvx4NItWpqSvY0PeI3+56qba5sjcxuDh7LBoauWB2WOOVLQavqbfGXyTu4R2yss9JNdcnd03xfSajCb2y9n1/M2XCFlVH4rQPZ5iP1TseKED9m8vKS6ZrwdTYsZ3L+ZpIBwVVqYiHVsrQ7Ie5Uu5eI8nLdwucP4Ux0nq83K9c2QkOY7v1Kt6Fii5NcFqJ1NuCmm2ukbYknhdxvEkTHg5BaCgjKSKXA0eEg9qePakXMQMTGTmLng3TosRwIL7hq7yjHdLwR4Ge5XDmcU4CcSuFPTPlI2aFL4QN+BZg7d05YMKu2O7R1olnnlYzsGl2O6mDc6NvWoj/AMwVFJNZKThJPA8QmBvFC3/fs/zBcG/W8f73P0U7l7ldkvYkkKJOoqAd5D9Grh+pqNoyI6g/SMqN0fcFCfsTOB6Lh0THjBaP2VefqviPDBR1Dj7xOXAud8qtqehaM/nBCnKfRb05LvgmJbWx5JZsmzrY5vWRoCbNteq6vqIYwfSTCWZou7zn/Wa6Rv8ABIrKFj6iyfUhH6po7bDRQHM9VHt7rt9/tVOOEVMZx2BS0Ph9T9Z62oefcgqRptFWmnIJiEmPzNV1p7n4SEy1NHltkA7U8DsiCmkmPbgITaStvtd5aSgliB7vYCr9BaLfTj7ukib9Gp61jWDDWgD2TVo2/qkJeuhH6I/zMguul706glra+qbws34A0hTVihcy0Rtd1yVPa2qOG0mlb803QJrSQCOkiZj8IP8AJZ51RrsxE1V6iVlWZ+5xy101iX5aHcMTC92zQN1AZKVrapDGCEHoMrM44+Coe7s45Vl1TcxVXF4z34VA4W/Tx2xz7nI+K2J2RrX8K/qM7hK6OHDepTiMZgAPcJrcW5YxOg4MgDj0DVpf0o5C7ZXakOoLnzG7AlbhoW0W64WllfI100rh8rHbtWO3eIT0rZ2jopbR9/rKKF8EFQ9mB0BwlSR0qZ7o8GqXKlbb7gGxuyB5vp7Kw0NQypihL3YaG+Y+6oNtrpK1jjO8ukz1JVlslSGymCT5XbhZsYZuxmI91fSw1tidJjEkYJAKqOmIeKRziOgwr7UUjZqaSNxLuMY3VWslKaY1AIweYQFfd8rMVtbUk2ObkM05YO7SsPu7Ab1Ln1W51Q4n47cDlh10PFepj/iT9L5MGs6OGgAYAXL2NePMElPI6MjHRec4vb6LZh+DBRRO2SUfJwWMa48K1HwcopW6idUO2BicAD3WfW2hE7nTTeWCPdxPcey0fwnq31WsnBjSIGQuaMDYrpuj0dPL/s1z/o9bDTKihxXeOTdmjDQPZC9QuGc8jL9bxdbFWUJGefEWL5IltZbfamj4cCKQt/Yr7JO4Xzprqz/YeupHNZ5KjM2cepV4GHWtxjuR5ZNLSPpQ90WYh0+is9PZNPxxfeBhk9x0UpZb1SNskTS0cQZjsqXfrmWSvjh2LjusalZbNx6EOFNFSs4k37jmpv7bPWYoXcTWnt6Ktah1PFc6507gGuzuMqNrqoRRO82Xu2UAYJXjjIzlbIUxjz5McZyui1N4j7CtyvVS3/2wIb6hQFRdKupBZLK4j0U02mkc0nHTsmFVQ8zJA4XJyeDbp/RhxhfmRJ27ruPmNdxMzkLhzXRuLXDGFJW6eMDlPAz6lOTyjdZJxjlcjuimdJGeN2Xe6WoK/wCzL7HJnhYXeZciBgfxtyD7Jrc4nOYHt/ClyipJpmbTXenepxPpjSd1bcLaxpdl4Gf0VhWB+HWqzC9kMr8Oad89wt2pamOrp2zRnIIz9Fwba3XJxZ6uWJpWR6Yo5uUkWeyXXmEsqmNuWvOBOeFHAgncM2Rffk47JWSASwSRkbFpTgNAK9QDkZ/Z7BTVV7noKqXlOBHACOuVcY/Dm2t+Yh36KE1PbpoZWXWhyJojxHHdWrS2p6e80bY3ODahgw5pO+ytpo1N7JrkNXO7ara5cefsJx+H9lb81O1ycx6Kskf/AOzYVYl4SB1W9UVrqKOW9Va+5Mh2aWs8fy0bAnDLJbo/lpmhLVdQIog5rhsV3DVRPga8vAyFdVwXSKO2x9tnsdHBF8kbR+iVDW9AAkzWU46zN/dRkFziZcHxvmbwYJByrcIryyZwvcJi67Uo6SNd9Ck/tdp+SCR30UkYZJIUb8ZUyfJC5v8AEEq2OrkHne0D6IDA7JA7o4hgnsEkynDdyST9VCaovbLTQOYw5ml8jWjrvtlVnNQi5MtXW7JKMSButT9samZCw5ipSQ79VLgYbj02UTYKB9LR86feol3eSpdcrLk3J+TrtKKUI9I8G2yrWq7w2jo3U7HedwwfZS11ukNspXPe4ceNgsivF0kuFU97nZyUyuDmys7Y0Qdk/wBPuyIqJTUXF5PYZXRe0O4Sd0hT7zPf+ibREy3JxycNyF01Hx7Hl52SnJyl22OqpnGweyUe3jgLf8OEuyF02wG3qlRROwfMNlGQUSNZDxUbonDsoKildb7m3OwDt1anQvaCcbKtXqn4JxK0bOUPk0aeW14Na0fZn3Nhq+by4MYzjO6mKykktlU05y07sd6hULQ2rqm2UhjjIc0Zy0jKub7y+9BsryBwjAaB0WeyPk6dbbf2LjaKptZCZXYdgfL6JpXQRU9UWx48w4iAq3BUzUry6F+Cex6JzSVTn1JMr8uPuqZWCtkHhsdzDZ7vRjv6LB654fd5t9+M/wBVvNX5aOZ3+A/0Xz495F2mf6PP9Vq0vlnK1MHPCQrOA7ZK0NG6smDRswdSuIYZKuo4GDJJ39lKVDhTRC3Ug4pXbSOHc+y9BotNtW+Xb6+x2Ph2iVEMvtnkz/i5GW+j2hadyP5rTfCEwNv9XTQgYip8uP8Ai4gFmcrm2yl+Gh89TIMPcPT2Wx+D1iFBaJ7hLn4iodw5/wAI3Tda0qJGvUNKpmoIQhedOQedlnvijaGVVmFcyPM8TgOIDfhytCzsmN0o21tunp3AHjYQM+uFaLwzNq6vUqlFdmCWuuijoS2R3maMBVe83Phlc7q92wT65U/2bcJqSV2HxHBBVTrpubUuOcgdFeFaTbOFUpWNRkuEKxsfM/mSnbtlOwWkbEYUbLUEsDRsAEl8Xy/xq+Mmh1SkSzXNJwMKNqT96dkhHcGRvLuZ9UjPconPLsglCWBtennGXRxV0wlYSB5gooEsd6EJ8+5/lamEjzK8uwrJ4Z0KYySxIsFJM2SJo4hxY33XFdVNhbwkA57KEjkdGctOClMy1b+7imLnkX+GSnub4FaWonoqltTBkYOdu62/QetWTQsZI/bo4HsVjMUMraR8b24wCQm1BcKi11QkheW4O4WTU0KxZXZ1NDrNjcJcx/8Acn2FFLHNGJI3BzT6JRY/ovX7JGMjc/PYsytVobhBXxB8LwfULjyg4vDOrKHG6LyvcdoQhVKAhCEAcva2Rpa4AtPUFUu72SrtFZ9o2txABy5oOFdly5oc0gjIKrKOS8LHB/Yb6X1pT3SMU1WeVUt2IdsD+6t20jcg5B7hZvdtKxVLzU0Z5M43yO5XFt1VdLC8U91ifJCNhIT0WmnUuPy2fzM92jjZ89P8i/1NvbLE/L3DZNaWzNMLeKeTp0Xdt1BbrqwGnna4kbhSgxjYhbouMllHOkpQeJLAwbaIR1e4/VM5LVALo0FuW8Pop1JviDpA/upwVTYiy3UjOkDP2SzYImfKxo+iVRlSRk8XqSknjjYXPeAB7qr3bWMEJNPQD4ioO2GnoqTsjBZkxldM7HiKJe83qms9G6WVwL8eVg3JP0VJoaaovdwN0rweWD92w+nZd09qqbjVCtu7y92ctjd+FT/khj7NY0LnW2ux89HUqrjTHEeZPz/o9+ijrreKe107nyPBfjYBRd71ZTUDHRwPDpPUHos0u14nrzK97ycjqprqc2Fs4UR32/ovLFNS6hnuBdIx54Q8DGeiimu4mcXqmZ/+Od7yBO2DEQHsukq4wjhHnb9VPUT3S68L2EaX+zefcrigizNKfV6UpB927+Ip1Sxhs+B33Ut4yZ0s4JWJgijACb0ry90mT6pzIeGMn0CZW87SO9yqrpj/ACPGNBYQRlRd5tjaiie5g8zRsFLt+UFdxRmWUMHdVJXHJn9nqjRV/A/IB8u6vFPVPp3B8Ttj2Xt50jT1sfNpgI5wM7DqVYdMaDqKy2NNVV8EgAw0hVlJY5N1VmRmy+t4PO3zfRdWuvfU3hpOzewVk/8ATT/+aP8AKvW6HZaA6ufWgtiHERw+iVmHgdKTaImrvHw9TcWVEmImOLWjPsshLDLVScsZLnnH7qZ1PdftK81Bgd90X7Y7rimiZa6X4qYffu/s2nsV2/h2kz+8kuP7hpNPl75/oenhtNKI2AOqpB27AoYBa6Xny+aqlGWg74+q8p4xE11xrNyT5Gn17FeU8ZrJZLhWHETTndd06h3Q05YPjagF0rz90w7klfSmlKM0Nhp2uHC57Q8t9MrE/D+zy6o1ZFVSM/1OicHlp6EbgL6GY0MYGgYHYLkfE7eq/PZh1lnGwUQhC5JzwR2QhAGBeM2nmUFwZdoGvHxJJkIOwIWNTVjIyQDxOX1xr7Tp1LpSqoYgOe4ZYe4wvlKXTU1vkkNY0hzXluCPQp8HlGGVUK23JkQ6apqD5WnHsENoah/c5Vht9B8TJwMaGgdwrHT22CADy8R9SFMml2U/ENfSsFAZaJ3HB6+icwaflmJwCcdVfBSwtcXCNuSu2RMjzwNAz6Km9exDvsfkozrKKYZkjdj1K9EEQGA0Y+iuNdS/FwFmcFRM9sZTUJe8njyVeM0xcpyfbKfW0hheXtHlK5oqnkS5IGD1U05gkYWuGQVCVlK6CQkfKeiZ0aqrFZHZIm3yt+HdIMEYVdlPFK4+pTukquEGKQ5YU2qGtbK4MORnZD6LUV+nJpjy0SPjrA9jyCD2K0Wx6vnopGh7yCO/ZZlSPdFJzB0b1U9G8SMDgeoSpUwsWJDPxl2mnug+Pbwb9ZtbU9YxrZyOL1GwVogqoKluYpWu+hXzHTVs9M8GOQgemVb7ZqippmtPNc3+ErnW6OUeY8nVo+I6e/iXyv8AobkjYLP7brw4DZg1w9Sd1ZqTVFvqQMvLXH2WRxa7NvpSazHlfYm0JCKrp5hlkzD/ANQSwIPRwP0KqUxg9ScsEU7S2SNjgfVoKUQgCvVWlqdzzLSSywyddnkD9guYpdTWvaKeKVg7FvEVYtl7k+qhLHMXgu5trEln8yEGsrvAMT0EryO7WBLt15UY3ttRn+EKULWu6jK55Uf5Arq21fxC9lD7gRx1xVvGI7bPn3aEib/qGryIY2RA/njUviNn5W/qm89xpKYfeSt/Qgo9S19yJjXX/DAifse4V7+O41hI9InFqlKS20lBH5GDb8T9z+6iqnVMXEY6SGSV/QeQ4ScFt1BfDl/+rQH8rt/2KI1uT4HSTUfne1D+4ahoqBpHMD3js0qiXrWE9YXMY7hZ6DYrSqfQlA2mLZ3ulkcN3uAyFTr94dTU/HLRjjj679VojRt5khPr1uLjS/m93/gzGuqJZquIuecH3XU21O/+FOLjaqqmqWcUbgG9cjCbVGRTvyOy1xcWltPO6mu9SbtzkanPw7AflJBT7GyavaPsxh78QTlhywFXmZYnELeFpHupKihOeMhI0sHNdxH5QpAvZHhv7JbeRsY+Tmqdw0zz7JvSMLaf3LkvVNL4+Ad0oxgawD0CM/Lgv5Ohs3CkrbD1kP6KPY0veGj1U9DGI4g0dlRsshQdU50pUyQ6kfA6RxbLlwBO2wTZI00hpdSUk4zjhIP6lLksxY+iWJo1DOASXYA6lZD4j61dO82ugk8g+dwP7hT3iFrJtqojQUb/APWZW4JH4VkdDSOrJn1VS48AJc5x7lafhuhd0t8vpR0ox9R4XR3bqRkERrar5G/K09Xe6Vgaa6d9dVnEEe4b04h7Iy67VXC3yUkXTsMLmaR1wqGUVKOGBpxnoF62KwsLj/CNqWFhAOZdqvid5KaIfQYH/ddyF10qmUlMOGmj2B9vdeVEny26i6Z87h691P6Zs/2heqez03zE8U0g7Y36/RROSgtzBtJZZrvhtZ47ZYWSMZwGTrnqcFXdIU0DKWnZDG0BjWgABLrzF1nqWORxrZ75uR6hCEsWCEIQB5gYWReKml2GZlzYwcqXDHtA6O33/Va7hMrpb47pbZqSUAtkYQCex7FShV1e+P3PmWjomUbXBvcpyHAkgHok9Th9mrKiiLS2Rjy0Z7j1UHaa3lzOEz9ndyVfa2ss5mSwEgdV6q7dLiZJeCF2GjfIUnaS91IXPOTnZQ4NLIZH6jLlW07YnRHDnY6JO8VU0ADGbB3dQBJccuJJ91eEM8shs9PU46LiWJsjC1w2K6LgOpwkJKuKPq4H6JwRUm+CHqaZ1O8g9OxTcnKmnT09WwsdsexKiZoTE8jOR2Kr0dOqblxLscUWHOdGejk8opjFK6F526hRcEnKkBVzs2kKq/vjlhBO42HVRKajHLJ/Dzum4RXYxAycDqpi2W6rnOA13Cei1DT3hQ8sa6pwB3Duq0a1aOtlsa0tiDnD824WeV8pcRQ2vQU082yy/Zf7MdtehrjUxmfkP4WjOVYtP6epqwzMnPnidwlq11sEbGcDWNawjGAMLO66J1h1S55GIKklxPbPRY74yxls7GivjiVda2+xzJpTgOaWp5fskPs6+Uh+6qXSD2arWCHAEdCvcrJkcrp+eSqCv1BBs+me8BdDUVxj/tKB/wC6tOAeoC4LGHrGw/ojJPqxfcUVr/SqfvQu/dH+lU3/AALv3Vk5MP8AcR/5Qjkw/wBxH/lCOCfUr/6f1K0dS1z/AOyoH/uuPtG/1O0dM9gVpETB0jYP+ldAAdAAjJHqwXUUVM22+VLXOnqXMbjOCF5pSww3esn+NJlbGNt/dWC61QpLZLITjsEvoSiMNqNQ4YdI537ZTqI7pckXaiUaJSXHhYJuisdBQAciBrf5qSAAGwAXv6r1b0kujhynKTzJ5BeEAjBGV6hSVIO7aZt92Y7mRNEh6OWZaj8OqqnZI6naZYyOoHRbOMoc0OGCAR6FUcFnK4ZohqJKO2a3R9mfLVxt9RS07afgJLXDK5Y3ADe6+h7zpK33ZhLow1/Yt2WaXvQVXbpDJGwyRj8gyoc5LiRSWjpt5peH7P8AwytwRiOIBNmnm1/s0EJ89joiWvaWkdimdK372V3+JEWmm0YrKp1S2zWB3heBwJwDuEnPJyoXO9EjQtJiLj1JKnHGSueSXt0XHLxkbBS+cDKa0UfKpwT3GUrHJzQdtktkhDJzQT2BwmV2u8FoYJngOmxhgS9bWQ26kfK8gYGw9Ss4q6qovdxJ3IJ2HoE7T6eV89qH6eqVkkkel1Vf7m+oqHk5PnefwhLzvNXI2goxiFnzkfzK9qHimjFvoxxSP2e4b5RK9tsphTw4dUyfMevXsvU01Rqiox/99zu1wUEkjyqkDGtttFuekjh+I+q9lc220/wkHmqZBh5CUpad1DCCBx1coy0Hfh9cqQtenqsPfUSROklO7DjIyqXaqmn65f8A0dGuUlwJ2+0zRQhsQLqqbvjsVtHh1o5unba6qqQH1lTh5cRuwY6KF8PbFL9oSTVlO4NY3LXOGxOei1Pt1XBt1tl7fPymLX2KP7pd+WdIQhIOWCEIQAIQhAAhCEAZV4taMNyoPtejYDUwgB7R3b3KwE8LTgkA+6+zZ4WVEEkMgyx7S1w9ivlzxV0HUaavD6ulB+BncXMwNmD0WiqW5YMVunW7KeCpGRg/EP3VjoLjSR0IJkA4eqoBY49Xo5TvzlXlByRVaeK8lku98p55AGHIb7KDkujzsxo+qbCD1OV2GNb0ClQaWBkaq19zl008p3ccJ1S2wzsL3uI9EkzHEPTKnYccpvD0RKOEUutcFiPBES2iRgyw5+qj5WysPDJnZWpN6qkZURkEebsVQXVq2niZWmtL3NaOpK+n/CG2NipBK9ufIMfVfN9vpibxFA4b8S+ufDqkFPp2N2MHos1rzNI71D26ec15wi5IQhBjOfRQmpbM2729zQMSs3a7vtupzshQ0msMvXOVclKPaM7sdyceKgrPJUR7b91Oe651Jpj44/GUR5dWzcEDqVXqXUElFJ8LdYzFI3bid3XOsqcGdiDjet8O/KLIhIwVMFSwOikDwfRLYSir47BCEIAEIOwJPQKvXa/Na74Oi+9qH+Xy9kJZLRg5vCErtK673SK1U+4z94R7LRKGlZSUkcLBgNaFXdJaddboTV1QzVS+Z2RuCrWuhRXtWWYtbdGTVcOl/c9XLzwscfQZXS8IyCE8wldsuo/tS4T0r4wx8X898KwhZ9Wt+xNcMlb5YqnhZ/UrQWODmgjoUuEm8pmnU1xi4yh00dIQhMMwLlzGvaWuGQey6QgCr3nRtvubHOjYIZCOrB1Wc3bR9faHOcIuOLOeIblbYVxJG2RnC5oIPqlutPlcGmGpeNti3L7nzZcWvbDwcJBPXITimbwMYPotF13aLZRwCaNjWzvzgeqzz6Kqk/pYrU6auEFbW+H4ZPsHFTtA6YQ58dLAXvIaxu5XFG/NKCTs0bqm6ov3xDzR07vINnEd1MISnLbEywg5vCGF8u0t3reTFnlg4AHqvfJaKURx+arlHX8vbC4pomWulNTOPvnjyNPUehXVOzltdcq3dzt2NP4vdeo0umjTDHk7tFKqjgIw210xqJfNVSfKPyleU0QgjdX1fme4+RvXddUdLLcJn19S0uhZvj8w9FPWK0m91v3o2HlaPQI1Oqhp4OUuTVCG94z+ZzpOnbX3Hn1hLeN2RnstporfAWxxwRM6dVUm6GdG0NhnAI6YCvWmLXV2yiLKyUSSHGB+ULyd1j1Vzn4F6u2Ealsl14JuGFkDAxjQAEojshaEsLCOE3nlnqEIUgCEIQAIQhAAhCEAeKJ1DYaTUVpmoKtgLXjZ2NwVLrxSm08ohrKwfGmsNLVmlb1NSVDDwZyx+NiDnCrwBPQL7B1voui1danQytDahgJjkxuCvmS86dqNP3CWhqoiHMJAJHVa42prJksl6fDKwhK1DQyUgdEkmrklPKydR4DwT0BUvDUxOaADj6qGR06KJRyUnWp9lhBB6HKFDRPrI2cwAuj906hubD5ZRwH6JD4M0qJLrkf2yj5moqaQDbi3X1jpen+HssLMfhB/kvmTTAZUXSNzSDhwX1Va4+XboGj+7b/RZZc2M7lLa0UU/LY9QhCkUIVM4pqZ8zgSGDJATG1Xyku7Hcg4c04LXHdSMjGvjLHjLSMEKhXq0VOnq/7VtgPJJzJGNhuqSbjz4NFFdduYN4l4L+VH3CzUVyjLZ4m5P4gN1xZL1BeKNssbhx48zfRSitxJC3vqljpoolVoWWF5fbqp7fQPecJi6g1NQHAMcjR6DK0leH2wlOiDNMdfauJYf5mbfaN9j2fROP0jXn2nfHbNoXA+8a0vCMBU/DR9y/4//wDCM2ZZtQ3d2JnthjPXGQVaLLpWktTeY4c2bu5+6sKEyFMY9CbdbZYtq4X2DoF6hCaZQQhCAKhrmiMlvirIx56dxfn9FMaerG11np5AckMAd9U6uVKKy3T05GeNpCqmh6p0E1XbZPmZIeH6BK+mf5m1fvNK15i/6MvCEjLUQwNJllYwD8zgFUr34j2Kztc01HHKPwgZCaYi5JF1XTtlERlZzD0bndYRffGS4VnFHb4GxM6B7XEFReib1d7zrqiNVXTSAv3aTsmOmxR3tcF/Tko7muD6Rwk5pGwwvkccBoJXbPkb9AqlrS8GmpW0UB+/mI6emcFJlJRWWWpqds1FFA1bcZ7xcpJGBxgYfKeyr/bC1C3WanitbYJ42vcR5iVR9bU9DYqYuhm++fsGAdFkrtbljHZ0NXRVasJ428L2KzeL78LQmkgP3jup9FB0FMyKM19Xu1u7QfxJOhpXVszqqpJETdyfdTFts1bqy4tgpoyykYcZ6AD2Xo9NVXpa3dc8e7fhC9Lp1XHdLsaUNJUXmrNQY3Ojb8rQFYGaZbKDVXadsVPGPLEHcLh7EKxXKtt2l6Rlrt0MclZgcb+nD75VBu9zqrnUfCCV0jifvHH1SaNTqfiMt1XyV+H5a+3sjUm5dClTcXXOQUFCwRUUZxxYwf1Kl9P10lJVAUjHODOpIzkqs1czLdSmjpzmRw+8d6rUfCi2w3AGpkiDooh3GxcrfE1CFKriuW//ADGwthXmUvC69zQtMyuuFKKqaF8bgcAOGMnrlWH6LxsbY2hrQA0ei9XKrgoRwcO6z1JuS4R0hCFcWCEIQAIQhAAhCEACEIQAIQhAHip+udE0uqrc/DWsrGN+7kx/JXFeKU8FJwU1hnxNfbLX2S5y0tfC6OVhwQ5M6eAyOy75V9a630LQ6st7g5jWVbR93J0/dfN9709W6ern0lXC5nCdnEYBWlWZXBjtlKHylYqIuVJt0SbPnAxn2T+rYHM90hTUpfM3mZDO6bGXHIQmnHkslOxrIGt4cAjoU1q7dSzNLnANd6pOaUcYbEXcAA6pN0rn9SUtvJgjGcZZTJrQVCYr5jj4mcQwvrCiGKOEf8tv9F8w6BYTeGbbFwX1BTf+1i/gH9Fif1yPSKTelrz9xZCEKwkEnLEyaJ0b2gtIwQUohAGeXSgqtK3H7RoQ51I45kYOwVxtN1gu1G2eF4JI3A7FPJ6eOphdFK0Oa4YIIVAqqar0hdfiafifRSO8zeuM9Ur6HldG+LWpjtl9a6+5oiEyt1xguVKyoheC1wz16J6mp5MLi4vDPUIQggEIQgAQhCABeE4XqgNZVzrdperqGO4XNGxCAC76vslma74yuiY8fgJ3Kyl+qLlUahfV6coZZGvBBezBG/dPdG6Up7pb/tS4ySzzPld5XuyMZ26rQaagpKNgbBTxx4/K0BeS+I/tNCibrqjmS8vo1UwlFPD4ZjespdTx0jKi6VxbzRkRcPCQs+PE4kuc5xPqcrVfF97g6ib2w5ZQV7v9l5PVaCOptScpZ/udCiiEY5wejurx4UR8etKd35XqjLRfByLj1M9+PkcF0/ijxSl9xeuf7tI+gaqoZTU0kzzhrG5KzqiD75fprjMCYYnFsefQqS1/exTUoooned3zY9CqRaNTus8LhKByR123yvJ3ty4RGkrVdbk3iT6/Iu1+vdPYrbJVTuAIHlbnqsIrayr1ReJKiZx5YP6BuU+1NqCp1XduXCXCAHyj/wAplMRAxltohxSvPmcOuT2XY+F6HH72ZEI73ufRI2u2TagucVroWkUzP7R46HC1C6PpdE6cFNQMHxT24jx1cUvoPTrLDY2yvYPiJgHuJ6hUjxDvQZdHxtfxyNPkA3wV5+3VT+N/FfwkH+6hzL74/wDozO+WPBU7hWvY9zGv5lXOcud6Z7JEltnpevFVyDP8PqEQMbRQuraneZ/ytPb3UxpTRty1dcuc9jm0+cue4ED9F7icoaevC6RayarjljDS2lK/VVzbDCx3LJ+8lxkMHqV9J6esNJp20x0NI3DRu4/md3K9sVgotP29lLSRgYHmfjdylV5622Vs3KRyJzc5bmeoQhLKAhCEACEIQAIQhAAhCEACEIQAIQhAAhCEAeKv6n0pb9T0DoKuJokx5JQMuaVYV4pTx0VnBTWGfKWq9D3PTFY5k0LpKcnySgZyPfCrTGPe7haMlfZFdQU1xpX09TE2SJ4wWuCyDUfhWbW+SstDDNEd+UBuz/ymxnk5moqnUnJLKMafSyxHzs6pwy1zSRteOh3Vhlhw4skZuDgg9knJJHTxjiIa3orZOf8AiJPol9Fwci407SPNxbr6Ng3pov4B/RfO2k545bzCGPDsO7Lfai5U9uo6d9Q8Ma8BoJ+iyZxOWT1FClLSVLzz/ckkJOGVk8LZYyC1wyCEorlAQhCAPE3rKSKtp3wytDmuGN04QgE2nlGcltXou6kjifbpXZx2b2Cv1HWQ11M2eFwc1wXFfQwXClfTztDmuCodPVT6OvIpJnl9FK7DT6d0n/jf2N/Gqjx9a/qaQhJwytnhZK35XDISicYAQhCABCEIAFQfFir5OkpYQd5CMfur6st8WZebNbqEH+1zkfQpdktsHL2AnNK03wun6ePGMgO/cBTSbUMYioKdgHSNv9E5XxrUT9S2U35Z0UsIyzxfg4oKST0BWQrdPFKl5unnTY/swsOhifPKyKNpc9xwAO6+1/sRqFL4Ssv6W1/k20v5TqKCSd/BG0uK0zwja2grbjUTkDlYJTOW0w6R0oauYA3CcDhB6tadiofStxkgpauPiwZscRWjVfEVq4OVa+VPCfu13+gi9KyUU3hZLJfLk+5XKaokdsCWj6AqkXe4OqpvhoMkZwcJ3e7pwAwQnLndSEzpomWym+LqBmd48jD1we6roNI7XmXRkUfxNzl/Cuj08NopOWzerkG5HVv0Vo0BY2yXhs1QwPlGH4Pb3VZpInA/H1I4pHbxM/Mtk0FYJLfQfGVY+/lyRkfhO4Cn9pPiMdDoZRg8Slwv8/ojdNqMcFgvla212aepccYaQ36kFfP0YfWVk10ryZPMS1p349+i2HXXxNxgjtlM0u5hDjj2PRc6Z8OI+OOrujMtbuyAjBaff1XH/Y6qGm0UtRPje/1aX+2KjKMI7pMqOkfD6s1RWNuNz4oaBh8oPV2O2D2W5UFvpbXRspaOFsULBgNaEvFEyGMMjaGtAwAOyU7Lr6nUyull9eEYLrnZLPg9QhCziQQhCABCEIAEIQgAQhCABCEIAEIQgAQhCABCEIAEIQgAXhAIwRkL1CAKNrDQFNfqd01JiCsHQjZrvqsE1Hp682SodBXwP4WnHMAPCf1X1mmVytVDdqY09dTRzxH8LxlMjPHZis0kc7ocHzLoN2LyzJ/EF9E3i2tudh4MedsYcz64VSPhXTW+5urrZUFuXZELgAB+q0aFnLgZG7BLWgHH0SZLM5ezOnVY4UV4+pZKvo26OlpZLfOcS05DAD3VtVAvcL9PalhucIIhl2kx6k4V5p521FOyVhy1w6qsH/C/A3VQTatj1L+/kXQhCYZDxeFwaMk4ATerrIKKB0s7w1jRkqi3LUdbepnUtrBZDnDpQcbKk7FBcj6NNO18de5MX7WFNbwaenIkqHbDG4CZWfTk9ynbcrtJxnPExgOQFHf6LQGkdxv4qo78wjfKXsmo6qzVQt91JMZOGSFZo2qcvmOk6dlTVHfn3/Q0BjGxsDGjAAwF0k4Z4542yRuDmuGQQlFsOO/ueoQhBAIQhAHiyHWbzcPEe2UnURlwIWuk4aT6LHYz8f4s1cnVtPKQPbZYPidvpaSyX2ZaCzJGiRt4YmN9GgLtCF8efZ0Cva1pfi9L1ceMkt2WZeG2nBXXeSrnZmOE+XPqCtkr4BU0MsRGeIKD0Xaha7VIwtw8zvP6Er1nwz4zLSfCLtPF4lJrH5PsbGWItGc+LFYX3anpm7MbH0H1VHpqr4andwnzFWzxR/2ij/gP9VV7VbnVs3G5ruSz5sDOV9F+F6fd8M06XWMt/qJ1FTsUYroVoacBrq+r+UfID3KWpKea7VZqJGOMTThrWjv2Vot+hbrqGZjpmGno24AA36d1qNk0XQW6COKOBr3MAy8jGT6pur/aDSaKHp6f559JLn+o5ShVHCKjpDRUlTVMuVyYAxuDHF2H1C1GClLgGtHCxowncVI1gwd05ADRgDAXlrPh+p+JX+vrnhf9V/YxWajPQgKODLSY2lze5G6cYQhd+EIwgoRWEukZm2+z1CEJhAIQhAAhCEACEIQAIQhAAhCEACEIQAIQhAAhCEACEIQAIQhAAhCEACEIQAIQhAEbd7XFdqB1NJtncOx0ITLTdLX0FO+jrGkiL5JcjDlPIUbVnIxWyUHDweHqoW9aipLRGWucHzH5YwdyplzQ5haehGFAw6UoI611XK6SeTORzHZAUS3eCafTzmz+XuUKquNZd7qxl3Lqenc7ytdtn9lbqSngp4Gtp2jgxsfVSt609SXakMZaGPA8rmjcKmRSXHTlR8NXxPdTE4ZKASP3WO6uSeezrV2wuhthw14LMmVwtsNwgMcrd+zhthOYZ46iISRPDmn0KUWYhNxeUVmiuVx0vU8qcOmoidiO36lX63XSkulM2amla7I3APRQctPFUsMczQ5p9VXqi019kqDV2yRxjzkxk7fstNVzjw+ittNd/wBpf0Zpq8/RVGyazhrCIKwGGcbHiGArXHLHKwOje1w9QcrZGSkso5ltM6niSFEIQrChvWP5dFO/8sbj/JZHoZvxup71XHfilBB/RadqKpFLYK2Qn/cvH8is58LWZs8lSes2CSuB+0tuz4fJe7SG0rMy/BGcIScrXnHAxx3HRfMIQlJ4Ru7Z2eibmqpYH8oyMa4/hS9TRVk0BFNwNee7+gTCn0TATzq6omknJySx5DQvRfDv2ev1UXOfyrx9yFOtLM5Ga6101Xag1fSwUcRc1zCXOA2AytA09oektVHFFyg6Ro8zzuCrjFTRQRNY0bNGBnqlgABhe5/C3z0dekssxCK5S4z+bET1TaxEbQ0MULAGtAA9BhOGtDRgDC6QtNGjpoWK4pGZyb7PUIQtRUEIQgAQhCABCEIAEIQgAQhCABCEIAEIQgAQhCABCEIAEIQgAQhCABCEIAEIQgAQhCABCEIAEIQgAQhCABN6mngqY3RzxRysPVr2hwP6FCEEp4Y3prPQ0jS2npo42n8LRgIkt0DvMOJvsEIS5Vx9i/qSz2eG0Q/nk/cf+F6Le1owXlw9ChCS64rwWVk/cg71pOhq2mThDZBuHY6KoNvFw03V8htU+aMHAadghCV9MuDraJu2DjPlF/sF7deION0QYQPXKmkIW2DyjlaiEY2NIjr5ao7zbJKKSaSESDHGzGR+6jdOaVpdO2qOhgmfKGDBe8AE/shCxfEKK7q0rFlC4NronBRxjqAUq2JjRs0IQrabRaev6IJfoRKTYphCELaVBCEIAEIQgAQhCABCEIAEIQgAQhCABCEIAEIQgAQhCABCEIA//9k=)');
INSERT INTO `ar_article` VALUES ('1125040614373310466', '1', '言情,假的', NULL, '第三个文章哦', '第三个文章哦', NULL, 1557065559366, 1557065559366, 0, 1, 0, 0, 0, 1, NULL, NULL, 0.0, NULL, 2, '<p>第三个文章哦</p>');
INSERT INTO `ar_article` VALUES ('1157221525755600897', '1', 'asdasd,asd,asd,标签意', NULL, '测试第一条文章标题', '测试第一条文章描述', NULL, 1564738086518, 1564738086518, 0, 1, 0, 0, 0, 2, NULL, NULL, 0.0, NULL, 3, '<h2>前言</h2>\n<p>最近在搭建spring cloud项目的时候用到了Eureka注册中心，所以要有生产者和消费者的概念，所以在生产者启动类上要加一个服务发现的注解，但是在网上看代码教程的时候发现有两个不一样的注解，实现的是同一个功能，所以在网上找了下@EnableEurekaClient与@EnableDiscoveryClient区别。</p>\n<p>&nbsp;</p>\n<h2>区别</h2>\n<blockquote>\n<p>spring cloud中discovery service有许多种实现（eureka、consul、zookeeper等等），@EnableDiscoveryClient基于spring-cloud-commons, @EnableEurekaClient基于spring-cloud-netflix。<br />其实用更简单的话来说，就是如果选用的注册中心是eureka，那么就推荐@EnableEurekaClient，如果是其他的注册中心，那么推荐使用@EnableDiscoveryClient。</p>\n</blockquote>');
INSERT INTO `ar_article` VALUES ('1157517664509816834', '1123854055171100673', '', '1353259235236756534', 'ada', 'asd', NULL, 1564808691514, 1564808691514, 0, 0, 0, 0, 0, 2, NULL, NULL, 0.0, NULL, 2, 'asd');
INSERT INTO `ar_article` VALUES ('1157518139778985985', '1123854055171100673', '', '1353259235236756534', 'asd', 'asdd', NULL, 1564808804827, 1564808804827, 0, 0, 0, 0, 0, 2, NULL, NULL, 0.0, NULL, 2, 'ASA');
INSERT INTO `ar_article` VALUES ('1157770104106725378', '1', '', '1353259235236756534', '66666', '66666', NULL, 1564868877752, 1564868877752, 0, 0, 0, 0, 0, 2, NULL, NULL, 0.0, NULL, 2, '66666');
COMMIT;

-- ----------------------------
-- Table structure for ar_article_tags
-- ----------------------------
DROP TABLE IF EXISTS `ar_article_tags`;
CREATE TABLE `ar_article_tags` (
  `id` int(20) NOT NULL COMMENT 'ID',
  `article_id` int(20) DEFAULT NULL COMMENT '文章id',
  `tags_id` int(20) DEFAULT NULL COMMENT '标签id',
  PRIMARY KEY (`id`) USING BTREE
) ENGINE=InnoDB DEFAULT CHARSET=utf8 ROW_FORMAT=COMPACT COMMENT='文章板块/文章_标签中间表';

-- ----------------------------
-- Records of ar_article_tags
-- ----------------------------
BEGIN;
INSERT INTO `ar_article_tags` VALUES (1111101, 1, 1);
INSERT INTO `ar_article_tags` VALUES (1111102, 2, 3);
INSERT INTO `ar_article_tags` VALUES (1111103, 3, 1);
COMMIT;

-- ----------------------------
-- Table structure for ar_category
-- ----------------------------
DROP TABLE IF EXISTS `ar_category`;
CREATE TABLE `ar_category` (
  `id` varchar(20) CHARACTER SET utf8 COLLATE utf8_general_ci NOT NULL COMMENT 'ID',
  `parent_id` varchar(20) CHARACTER SET utf8 COLLATE utf8_general_ci DEFAULT NULL COMMENT '父ID',
  `name` varchar(100) CHARACTER SET utf8 COLLATE utf8_general_ci DEFAULT NULL COMMENT '分类名称',
  `summary` varchar(1000) CHARACTER SET utf8 COLLATE utf8_general_ci DEFAULT NULL COMMENT '分类简介',
  `user_id` varchar(20) CHARACTER SET utf8 COLLATE utf8_general_ci DEFAULT NULL COMMENT '用户ID',
  `create_at` bigint(20) DEFAULT NULL COMMENT '创建时间',
  `state` int(2) DEFAULT NULL COMMENT '状态',
  `update_at` bigint(20) DEFAULT NULL COMMENT '更新时间',
  PRIMARY KEY (`id`) USING BTREE
) ENGINE=InnoDB DEFAULT CHARSET=utf8 ROW_FORMAT=COMPACT COMMENT='文章板块/文章分类表';

-- ----------------------------
-- Records of ar_category
-- ----------------------------
BEGIN;
INSERT INTO `ar_category` VALUES ('1', '0', 'java', 'spring开发标签', '1151577', 1555773930915, 1, 1555773930915);
INSERT INTO `ar_category` VALUES ('1123854055171100673', '3', '121', '1212', '1151577', 1555773930915, 1, 1555773930915);
INSERT INTO `ar_category` VALUES ('2', '0', 'javaScript', 'javaScript', '1151577', 1555773930915, 1, 1555773930915);
INSERT INTO `ar_category` VALUES ('3', '1', 'mybatis', 'mybatis', '1151577', 1555773930915, 1, 1555773930915);
COMMIT;

-- ----------------------------
-- Table structure for ar_comment
-- ----------------------------
DROP TABLE IF EXISTS `ar_comment`;
CREATE TABLE `ar_comment` (
  `id` varchar(11) CHARACTER SET utf8 COLLATE utf8_general_ci NOT NULL COMMENT '评论表id',
  `article_id` varchar(11) CHARACTER SET utf8 COLLATE utf8_general_ci DEFAULT NULL COMMENT '外键文章表ID',
  `content` varchar(255) CHARACTER SET utf8 COLLATE utf8_general_ci DEFAULT NULL COMMENT '评论内容',
  `user_id` varchar(11) CHARACTER SET utf8 COLLATE utf8_general_ci DEFAULT NULL COMMENT '评论人ID',
  `parent_id` varchar(11) CHARACTER SET utf8 COLLATE utf8_general_ci DEFAULT NULL COMMENT '父评论ID(如果为0表示文章的顶级评论,每一条评论都可以被评论)',
  `publish_date` bigint(20) DEFAULT NULL COMMENT '评论日期',
  PRIMARY KEY (`id`) USING BTREE
) ENGINE=InnoDB DEFAULT CHARSET=utf8 ROW_FORMAT=COMPACT COMMENT='文章板块/文章评论';

-- ----------------------------
-- Table structure for ar_tags
-- ----------------------------
DROP TABLE IF EXISTS `ar_tags`;
CREATE TABLE `ar_tags` (
  `id` varchar(20) CHARACTER SET utf8 COLLATE utf8_general_ci NOT NULL COMMENT 'ID',
  `name` varchar(100) CHARACTER SET utf8 COLLATE utf8_general_ci DEFAULT NULL COMMENT '标签名称',
  `slug` varchar(100) CHARACTER SET utf8 COLLATE utf8_general_ci DEFAULT NULL COMMENT '英文名称',
  `description` varchar(1000) CHARACTER SET utf8 COLLATE utf8_general_ci DEFAULT NULL COMMENT '描述',
  `icon` varchar(20) CHARACTER SET utf8 COLLATE utf8_general_ci DEFAULT NULL COMMENT '标签图标',
  `create_at` bigint(20) DEFAULT NULL COMMENT '创建时间',
  `state` varchar(1) CHARACTER SET utf8 COLLATE utf8_general_ci DEFAULT NULL COMMENT '状态',
  `update_at` bigint(20) DEFAULT NULL COMMENT '更新时间',
  PRIMARY KEY (`id`) USING BTREE
) ENGINE=InnoDB DEFAULT CHARSET=utf8 ROW_FORMAT=COMPACT COMMENT='文章板块/文章标签表';

-- ----------------------------
-- Records of ar_tags
-- ----------------------------
BEGIN;
INSERT INTO `ar_tags` VALUES ('1', '2019', '2019', '2019年标签', 'icon-math', 20190130190724, '1', 20190309021015);
INSERT INTO `ar_tags` VALUES ('2', '多肉植物', 'succulent', '多肉植物标签', 'icon-physics', 20190130190724, '1', 20190309021011);
INSERT INTO `ar_tags` VALUES ('3', 'LeetCode', 'LeetCode', 'LeetCode标签', 'icon-physics', 20190130190724, '1', 20190309020958);
COMMIT;

-- ----------------------------
-- Table structure for ba_dict
-- ----------------------------
DROP TABLE IF EXISTS `ba_dict`;
CREATE TABLE `ba_dict` (
  `id` varchar(20) CHARACTER SET utf8 COLLATE utf8_general_ci NOT NULL COMMENT '树形字典',
  `parent_id` varchar(20) CHARACTER SET utf8 COLLATE utf8_general_ci DEFAULT NULL COMMENT '父节点ID',
  `code` varchar(20) CHARACTER SET utf8 COLLATE utf8_general_ci DEFAULT NULL COMMENT '编码',
  `name` varchar(50) CHARACTER SET utf8 COLLATE utf8_general_ci DEFAULT NULL COMMENT '名称',
  `description` varchar(1000) CHARACTER SET utf8 COLLATE utf8_general_ci DEFAULT NULL COMMENT '描述',
  `state` int(2) DEFAULT NULL COMMENT '状态',
  `type` varchar(20) CHARACTER SET utf8 COLLATE utf8_general_ci DEFAULT NULL COMMENT '类型',
  `create_at` bigint(20) DEFAULT NULL COMMENT '创建时间',
  `update_at` bigint(20) DEFAULT NULL COMMENT '更新时间',
  PRIMARY KEY (`id`) USING BTREE
) ENGINE=InnoDB DEFAULT CHARSET=utf8 ROW_FORMAT=COMPACT COMMENT='基础板块/字典管理';

-- ----------------------------
-- Records of ba_dict
-- ----------------------------
BEGIN;
INSERT INTO `ba_dict` VALUES ('1133978689470599168', '1133978877252415931', '11', '北京市', '省市', 1, 'city', 1559196607257, 1559196607257);
INSERT INTO `ba_dict` VALUES ('1133978689890029568', '1133978689470599168', '110101', '东城区', '省市', 1, 'city', 1559196607361, 1559196607362);
INSERT INTO `ba_dict` VALUES ('1133978690313654272', '1133978689470599168', '110102', '西城区', '省市', 1, 'city', 1559196607431, 1559196607431);
INSERT INTO `ba_dict` VALUES ('1133978690737278976', '1133978689470599168', '110105', '朝阳区', '省市', 1, 'city', 1559196607500, 1559196607500);
INSERT INTO `ba_dict` VALUES ('1133978691156709376', '1133978689470599168', '110106', '丰台区', '省市', 1, 'city', 1559196607571, 1559196607571);
INSERT INTO `ba_dict` VALUES ('1133978691580334080', '1133978689470599168', '110107', '石景山区', '省市', 1, 'city', 1559196607642, 1559196607642);
INSERT INTO `ba_dict` VALUES ('1133978692003958784', '1133978689470599168', '110108', '海淀区', '省市', 1, 'city', 1559196607712, 1559196607712);
INSERT INTO `ba_dict` VALUES ('1133978692423389184', '1133978689470599168', '110109', '门头沟区', '省市', 1, 'city', 1559196607782, 1559196607782);
INSERT INTO `ba_dict` VALUES ('1133978692842819584', '1133978689470599168', '110111', '房山区', '省市', 1, 'city', 1559196607852, 1559196607852);
INSERT INTO `ba_dict` VALUES ('1133978693262249984', '1133978689470599168', '110112', '通州区', '省市', 1, 'city', 1559196607922, 1559196607922);
INSERT INTO `ba_dict` VALUES ('1133978693681680384', '1133978689470599168', '110113', '顺义区', '省市', 1, 'city', 1559196607993, 1559196607993);
INSERT INTO `ba_dict` VALUES ('1133978694105305088', '1133978689470599168', '110114', '昌平区', '省市', 1, 'city', 1559196608063, 1559196608063);
INSERT INTO `ba_dict` VALUES ('1133978694528929792', '1133978689470599168', '110115', '大兴区', '省市', 1, 'city', 1559196608133, 1559196608133);
INSERT INTO `ba_dict` VALUES ('1133978694948360192', '1133978689470599168', '110116', '怀柔区', '省市', 1, 'city', 1559196608202, 1559196608202);
INSERT INTO `ba_dict` VALUES ('1133978695371984896', '1133978689470599168', '110117', '平谷区', '省市', 1, 'city', 1559196608280, 1559196608280);
INSERT INTO `ba_dict` VALUES ('1133978695791415296', '1133978689470599168', '110118', '密云区', '省市', 1, 'city', 1559196608351, 1559196608351);
INSERT INTO `ba_dict` VALUES ('1133978696215040000', '1133978689470599168', '110119', '延庆区', '省市', 1, 'city', 1559196608446, 1559196608446);
INSERT INTO `ba_dict` VALUES ('1133978696215040001', '1133978877252415931', '12', '天津市', '省市', 1, 'city', 1559196608549, 1559196608549);
INSERT INTO `ba_dict` VALUES ('1133978696634470400', '1133978696215040001', '120101', '和平区', '省市', 1, 'city', 1559196608747, 1559196608747);
INSERT INTO `ba_dict` VALUES ('1133978697053900800', '1133978696215040001', '120102', '河东区', '省市', 1, 'city', 1559196608976, 1559196608976);
INSERT INTO `ba_dict` VALUES ('1133978697473331200', '1133978696215040001', '120103', '河西区', '省市', 1, 'city', 1559196609047, 1559196609047);
INSERT INTO `ba_dict` VALUES ('1133978697896955904', '1133978696215040001', '120104', '南开区', '省市', 1, 'city', 1559196609118, 1559196609118);
INSERT INTO `ba_dict` VALUES ('1133978698316386304', '1133978696215040001', '120105', '河北区', '省市', 1, 'city', 1559196609186, 1559196609186);
INSERT INTO `ba_dict` VALUES ('1133978698740011008', '1133978696215040001', '120106', '红桥区', '省市', 1, 'city', 1559196609256, 1559196609256);
INSERT INTO `ba_dict` VALUES ('1133978699163635712', '1133978696215040001', '120110', '东丽区', '省市', 1, 'city', 1559196609325, 1559196609325);
INSERT INTO `ba_dict` VALUES ('1133978699583066112', '1133978696215040001', '120111', '西青区', '省市', 1, 'city', 1559196609395, 1559196609395);
INSERT INTO `ba_dict` VALUES ('1133978700006690816', '1133978696215040001', '120112', '津南区', '省市', 1, 'city', 1559196609464, 1559196609464);
INSERT INTO `ba_dict` VALUES ('1133978700426121216', '1133978696215040001', '120113', '北辰区', '省市', 1, 'city', 1559196609534, 1559196609534);
INSERT INTO `ba_dict` VALUES ('1133978700849745920', '1133978696215040001', '120114', '武清区', '省市', 1, 'city', 1559196609605, 1559196609605);
INSERT INTO `ba_dict` VALUES ('1133978701269176320', '1133978696215040001', '120115', '宝坻区', '省市', 1, 'city', 1559196609673, 1559196609673);
INSERT INTO `ba_dict` VALUES ('1133978701696995328', '1133978696215040001', '120116', '滨海新区', '省市', 1, 'city', 1559196609742, 1559196609742);
INSERT INTO `ba_dict` VALUES ('1133978702120620032', '1133978696215040001', '120117', '宁河区', '省市', 1, 'city', 1559196609812, 1559196609812);
INSERT INTO `ba_dict` VALUES ('1133978702540050432', '1133978696215040001', '120118', '静海区', '省市', 1, 'city', 1559196609881, 1559196609881);
INSERT INTO `ba_dict` VALUES ('1133978702963675136', '1133978696215040001', '120119', '蓟州区', '省市', 1, 'city', 1559196609950, 1559196609950);
INSERT INTO `ba_dict` VALUES ('1133978702963675137', '1133978877252415931', '13', '河北省', '省市', 1, 'city', 1559196610020, 1559196610020);
INSERT INTO `ba_dict` VALUES ('1133978703383105536', '1133978702963675137', '1301', '石家庄市', '省市', 1, 'city', 1559196610091, 1559196610091);
INSERT INTO `ba_dict` VALUES ('1133978703802535936', '1133978702963675137', '1302', '唐山市', '省市', 1, 'city', 1559196610160, 1559196610160);
INSERT INTO `ba_dict` VALUES ('1133978704226160640', '1133978702963675137', '1303', '秦皇岛市', '省市', 1, 'city', 1559196610229, 1559196610229);
INSERT INTO `ba_dict` VALUES ('1133978704645591040', '1133978702963675137', '1304', '邯郸市', '省市', 1, 'city', 1559196610299, 1559196610299);
INSERT INTO `ba_dict` VALUES ('1133978705065021440', '1133978702963675137', '1305', '邢台市', '省市', 1, 'city', 1559196610375, 1559196610375);
INSERT INTO `ba_dict` VALUES ('1133978705488646144', '1133978702963675137', '1306', '保定市', '省市', 1, 'city', 1559196610444, 1559196610444);
INSERT INTO `ba_dict` VALUES ('1133978705912270848', '1133978702963675137', '1307', '张家口市', '省市', 1, 'city', 1559196610514, 1559196610514);
INSERT INTO `ba_dict` VALUES ('1133978706331701248', '1133978702963675137', '1308', '承德市', '省市', 1, 'city', 1559196610583, 1559196610583);
INSERT INTO `ba_dict` VALUES ('1133978706755325952', '1133978702963675137', '1309', '沧州市', '省市', 1, 'city', 1559196610652, 1559196610652);
INSERT INTO `ba_dict` VALUES ('1133978707174756352', '1133978702963675137', '1310', '廊坊市', '省市', 1, 'city', 1559196610721, 1559196610721);
INSERT INTO `ba_dict` VALUES ('1133978707598381056', '1133978702963675137', '1311', '衡水市', '省市', 1, 'city', 1559196610790, 1559196610790);
INSERT INTO `ba_dict` VALUES ('1133978707598381057', '1133978877252415931', '14', '山西省', '省市', 1, 'city', 1559196610860, 1559196610860);
INSERT INTO `ba_dict` VALUES ('1133978708022005760', '1133978707598381057', '1401', '太原市', '省市', 1, 'city', 1559196610931, 1559196610931);
INSERT INTO `ba_dict` VALUES ('1133978708441436160', '1133978707598381057', '1402', '大同市', '省市', 1, 'city', 1559196611002, 1559196611002);
INSERT INTO `ba_dict` VALUES ('1133978708865060864', '1133978707598381057', '1403', '阳泉市', '省市', 1, 'city', 1559196611073, 1559196611073);
INSERT INTO `ba_dict` VALUES ('1133978709284491264', '1133978707598381057', '1404', '长治市', '省市', 1, 'city', 1559196611143, 1559196611143);
INSERT INTO `ba_dict` VALUES ('1133978709703921664', '1133978707598381057', '1405', '晋城市', '省市', 1, 'city', 1559196611218, 1559196611218);
INSERT INTO `ba_dict` VALUES ('1133978710127546368', '1133978707598381057', '1406', '朔州市', '省市', 1, 'city', 1559196611292, 1559196611292);
INSERT INTO `ba_dict` VALUES ('1133978710551171072', '1133978707598381057', '1407', '晋中市', '省市', 1, 'city', 1559196611362, 1559196611362);
INSERT INTO `ba_dict` VALUES ('1133978710974795776', '1133978707598381057', '1408', '运城市', '省市', 1, 'city', 1559196611432, 1559196611432);
INSERT INTO `ba_dict` VALUES ('1133978711394226176', '1133978707598381057', '1409', '忻州市', '省市', 1, 'city', 1559196611505, 1559196611505);
INSERT INTO `ba_dict` VALUES ('1133978711817850880', '1133978707598381057', '1410', '临汾市', '省市', 1, 'city', 1559196611575, 1559196611575);
INSERT INTO `ba_dict` VALUES ('1133978712237281280', '1133978707598381057', '1411', '吕梁市', '省市', 1, 'city', 1559196611644, 1559196611644);
INSERT INTO `ba_dict` VALUES ('1133978712237281281', '1133978877252415931', '15', '内蒙古自治区', '省市', 1, 'city', 1559196611717, 1559196611717);
INSERT INTO `ba_dict` VALUES ('1133978712656711680', '1133978712237281281', '1501', '呼和浩特市', '省市', 1, 'city', 1559196611800, 1559196611800);
INSERT INTO `ba_dict` VALUES ('1133978713080336384', '1133978712237281281', '1502', '包头市', '省市', 1, 'city', 1559196611871, 1559196611871);
INSERT INTO `ba_dict` VALUES ('1133978713503961088', '1133978712237281281', '1503', '乌海市', '省市', 1, 'city', 1559196611941, 1559196611941);
INSERT INTO `ba_dict` VALUES ('1133978713923391488', '1133978712237281281', '1504', '赤峰市', '省市', 1, 'city', 1559196612035, 1559196612035);
INSERT INTO `ba_dict` VALUES ('1133978714342821888', '1133978712237281281', '1505', '通辽市', '省市', 1, 'city', 1559196612132, 1559196612132);
INSERT INTO `ba_dict` VALUES ('1133978714766446592', '1133978712237281281', '1506', '鄂尔多斯市', '省市', 1, 'city', 1559196612212, 1559196612212);
INSERT INTO `ba_dict` VALUES ('1133978715185876992', '1133978712237281281', '1507', '呼伦贝尔市', '省市', 1, 'city', 1559196612282, 1559196612282);
INSERT INTO `ba_dict` VALUES ('1133978715609501696', '1133978712237281281', '1508', '巴彦淖尔市', '省市', 1, 'city', 1559196612352, 1559196612352);
INSERT INTO `ba_dict` VALUES ('1133978716033126400', '1133978712237281281', '1509', '乌兰察布市', '省市', 1, 'city', 1559196612426, 1559196612426);
INSERT INTO `ba_dict` VALUES ('1133978716456751104', '1133978712237281281', '1522', '兴安盟', '省市', 1, 'city', 1559196612492, 1559196612492);
INSERT INTO `ba_dict` VALUES ('1133978716880375808', '1133978712237281281', '1525', '锡林郭勒盟', '省市', 1, 'city', 1559196612561, 1559196612561);
INSERT INTO `ba_dict` VALUES ('1133978717304000512', '1133978712237281281', '1529', '阿拉善盟', '省市', 1, 'city', 1559196612631, 1559196612631);
INSERT INTO `ba_dict` VALUES ('1133978717304000513', '1133978877252415931', '21', '辽宁省', '省市', 1, 'city', 1559196612708, 1559196612708);
INSERT INTO `ba_dict` VALUES ('1133978717727625216', '1133978717304000513', '2101', '沈阳市', '省市', 1, 'city', 1559196612804, 1559196612804);
INSERT INTO `ba_dict` VALUES ('1133978718147055616', '1133978717304000513', '2102', '大连市', '省市', 1, 'city', 1559196612892, 1559196612892);
INSERT INTO `ba_dict` VALUES ('1133978718570680320', '1133978717304000513', '2103', '鞍山市', '省市', 1, 'city', 1559196612960, 1559196612960);
INSERT INTO `ba_dict` VALUES ('1133978718990110720', '1133978717304000513', '2104', '抚顺市', '省市', 1, 'city', 1559196613030, 1559196613030);
INSERT INTO `ba_dict` VALUES ('1133978719413735424', '1133978717304000513', '2105', '本溪市', '省市', 1, 'city', 1559196613099, 1559196613099);
INSERT INTO `ba_dict` VALUES ('1133978719833165824', '1133978717304000513', '2106', '丹东市', '省市', 1, 'city', 1559196613195, 1559196613195);
INSERT INTO `ba_dict` VALUES ('1133978720260984832', '1133978717304000513', '2107', '锦州市', '省市', 1, 'city', 1559196613264, 1559196613264);
INSERT INTO `ba_dict` VALUES ('1133978720680415232', '1133978717304000513', '2108', '营口市', '省市', 1, 'city', 1559196613335, 1559196613335);
INSERT INTO `ba_dict` VALUES ('1133978721099845632', '1133978717304000513', '2109', '阜新市', '省市', 1, 'city', 1559196613406, 1559196613406);
INSERT INTO `ba_dict` VALUES ('1133978721523470336', '1133978717304000513', '2110', '辽阳市', '省市', 1, 'city', 1559196613475, 1559196613475);
INSERT INTO `ba_dict` VALUES ('1133978721942900736', '1133978717304000513', '2111', '盘锦市', '省市', 1, 'city', 1559196613545, 1559196613545);
INSERT INTO `ba_dict` VALUES ('1133978722366525440', '1133978717304000513', '2112', '铁岭市', '省市', 1, 'city', 1559196613619, 1559196613619);
INSERT INTO `ba_dict` VALUES ('1133978722790150144', '1133978717304000513', '2113', '朝阳市', '省市', 1, 'city', 1559196613694, 1559196613694);
INSERT INTO `ba_dict` VALUES ('1133978723209580544', '1133978717304000513', '2114', '葫芦岛市', '省市', 1, 'city', 1559196613764, 1559196613764);
INSERT INTO `ba_dict` VALUES ('1133978723209580545', '1133978877252415931', '22', '吉林省', '省市', 1, 'city', 1559196613833, 1559196613833);
INSERT INTO `ba_dict` VALUES ('1133978723633205248', '1133978723209580545', '2201', '长春市', '省市', 1, 'city', 1559196613903, 1559196613903);
INSERT INTO `ba_dict` VALUES ('1133978724056829952', '1133978723209580545', '2202', '吉林市', '省市', 1, 'city', 1559196613979, 1559196613979);
INSERT INTO `ba_dict` VALUES ('1133978724476260352', '1133978723209580545', '2203', '四平市', '省市', 1, 'city', 1559196614048, 1559196614048);
INSERT INTO `ba_dict` VALUES ('1133978724895690752', '1133978723209580545', '2204', '辽源市', '省市', 1, 'city', 1559196614117, 1559196614117);
INSERT INTO `ba_dict` VALUES ('1133978725319315456', '1133978723209580545', '2205', '通化市', '省市', 1, 'city', 1559196614186, 1559196614186);
INSERT INTO `ba_dict` VALUES ('1133978725742940160', '1133978723209580545', '2206', '白山市', '省市', 1, 'city', 1559196614260, 1559196614260);
INSERT INTO `ba_dict` VALUES ('1133978726166564864', '1133978723209580545', '2207', '松原市', '省市', 1, 'city', 1559196614329, 1559196614330);
INSERT INTO `ba_dict` VALUES ('1133978726590189568', '1133978723209580545', '2208', '白城市', '省市', 1, 'city', 1559196614407, 1559196614407);
INSERT INTO `ba_dict` VALUES ('1133978727009619968', '1133978723209580545', '2224', '延边朝鲜族自治州', '省市', 1, 'city', 1559196614493, 1559196614493);
INSERT INTO `ba_dict` VALUES ('1133978727009619969', '1133978877252415931', '23', '黑龙江省', '省市', 1, 'city', 1559196614564, 1559196614564);
INSERT INTO `ba_dict` VALUES ('1133978727433244672', '1133978727009619969', '2301', '哈尔滨市', '省市', 1, 'city', 1559196614632, 1559196614632);
INSERT INTO `ba_dict` VALUES ('1133978727852675072', '1133978727009619969', '2302', '齐齐哈尔市', '省市', 1, 'city', 1559196614700, 1559196614700);
INSERT INTO `ba_dict` VALUES ('1133978728276299776', '1133978727009619969', '2303', '鸡西市', '省市', 1, 'city', 1559196614769, 1559196614769);
INSERT INTO `ba_dict` VALUES ('1133978728699924480', '1133978727009619969', '2304', '鹤岗市', '省市', 1, 'city', 1559196614837, 1559196614837);
INSERT INTO `ba_dict` VALUES ('1133978729119354880', '1133978727009619969', '2305', '双鸭山市', '省市', 1, 'city', 1559196614906, 1559196614906);
INSERT INTO `ba_dict` VALUES ('1133978729542979584', '1133978727009619969', '2306', '大庆市', '省市', 1, 'city', 1559196614977, 1559196614977);
INSERT INTO `ba_dict` VALUES ('1133978729962409984', '1133978727009619969', '2307', '伊春市', '省市', 1, 'city', 1559196615049, 1559196615049);
INSERT INTO `ba_dict` VALUES ('1133978730381840384', '1133978727009619969', '2308', '佳木斯市', '省市', 1, 'city', 1559196615123, 1559196615123);
INSERT INTO `ba_dict` VALUES ('1133978730801270784', '1133978727009619969', '2309', '七台河市', '省市', 1, 'city', 1559196615193, 1559196615193);
INSERT INTO `ba_dict` VALUES ('1133978731224895488', '1133978727009619969', '2310', '牡丹江市', '省市', 1, 'city', 1559196615263, 1559196615264);
INSERT INTO `ba_dict` VALUES ('1133978731644325888', '1133978727009619969', '2311', '黑河市', '省市', 1, 'city', 1559196615333, 1559196615333);
INSERT INTO `ba_dict` VALUES ('1133978732067950592', '1133978727009619969', '2312', '绥化市', '省市', 1, 'city', 1559196615404, 1559196615404);
INSERT INTO `ba_dict` VALUES ('1133978732487380992', '1133978727009619969', '2327', '大兴安岭地区', '省市', 1, 'city', 1559196615475, 1559196615475);
INSERT INTO `ba_dict` VALUES ('1133978732487380993', '1133978877252415931', '31', '上海市', '省市', 1, 'city', 1559196615546, 1559196615546);
INSERT INTO `ba_dict` VALUES ('1133978732915200000', '1133978732487380993', '310101', '黄浦区', '省市', 1, 'city', 1559196615619, 1559196615619);
INSERT INTO `ba_dict` VALUES ('1133978733334630400', '1133978732487380993', '310104', '徐汇区', '省市', 1, 'city', 1559196615687, 1559196615687);
INSERT INTO `ba_dict` VALUES ('1133978733758255104', '1133978732487380993', '310105', '长宁区', '省市', 1, 'city', 1559196615755, 1559196615755);
INSERT INTO `ba_dict` VALUES ('1133978734177685504', '1133978732487380993', '310106', '静安区', '省市', 1, 'city', 1559196615824, 1559196615824);
INSERT INTO `ba_dict` VALUES ('1133978734597115904', '1133978732487380993', '310107', '普陀区', '省市', 1, 'city', 1559196615892, 1559196615892);
INSERT INTO `ba_dict` VALUES ('1133978735020740608', '1133978732487380993', '310109', '虹口区', '省市', 1, 'city', 1559196615963, 1559196615963);
INSERT INTO `ba_dict` VALUES ('1133978735440171008', '1133978732487380993', '310110', '杨浦区', '省市', 1, 'city', 1559196616031, 1559196616031);
INSERT INTO `ba_dict` VALUES ('1133978735863795712', '1133978732487380993', '310112', '闵行区', '省市', 1, 'city', 1559196616101, 1559196616101);
INSERT INTO `ba_dict` VALUES ('1133978736283226112', '1133978732487380993', '310113', '宝山区', '省市', 1, 'city', 1559196616171, 1559196616171);
INSERT INTO `ba_dict` VALUES ('1133978736706850816', '1133978732487380993', '310114', '嘉定区', '省市', 1, 'city', 1559196616270, 1559196616270);
INSERT INTO `ba_dict` VALUES ('1133978737126281216', '1133978732487380993', '310115', '浦东新区', '省市', 1, 'city', 1559196616374, 1559196616374);
INSERT INTO `ba_dict` VALUES ('1133978737545711616', '1133978732487380993', '310116', '金山区', '省市', 1, 'city', 1559196616476, 1559196616476);
INSERT INTO `ba_dict` VALUES ('1133978737969336320', '1133978732487380993', '310117', '松江区', '省市', 1, 'city', 1559196616607, 1559196616607);
INSERT INTO `ba_dict` VALUES ('1133978738392961024', '1133978732487380993', '310118', '青浦区', '省市', 1, 'city', 1559196616736, 1559196616736);
INSERT INTO `ba_dict` VALUES ('1133978738812391424', '1133978732487380993', '310120', '奉贤区', '省市', 1, 'city', 1559196616850, 1559196616850);
INSERT INTO `ba_dict` VALUES ('1133978739236016128', '1133978732487380993', '310151', '崇明区', '省市', 1, 'city', 1559196616984, 1559196616984);
INSERT INTO `ba_dict` VALUES ('1133978739236016129', '1133978877252415931', '32', '江苏省', '省市', 1, 'city', 1559196617055, 1559196617055);
INSERT INTO `ba_dict` VALUES ('1133978739659640832', '1133978739236016129', '3201', '南京市', '省市', 1, 'city', 1559196617123, 1559196617123);
INSERT INTO `ba_dict` VALUES ('1133978740079071232', '1133978739236016129', '3202', '无锡市', '省市', 1, 'city', 1559196617193, 1559196617193);
INSERT INTO `ba_dict` VALUES ('1133978740498501632', '1133978739236016129', '3203', '徐州市', '省市', 1, 'city', 1559196617262, 1559196617262);
INSERT INTO `ba_dict` VALUES ('1133978740922126336', '1133978739236016129', '3204', '常州市', '省市', 1, 'city', 1559196617332, 1559196617332);
INSERT INTO `ba_dict` VALUES ('1133978741341556736', '1133978739236016129', '3205', '苏州市', '省市', 1, 'city', 1559196617447, 1559196617447);
INSERT INTO `ba_dict` VALUES ('1133978741769375744', '1133978739236016129', '3206', '南通市', '省市', 1, 'city', 1559196617524, 1559196617524);
INSERT INTO `ba_dict` VALUES ('1133978742188806144', '1133978739236016129', '3207', '连云港市', '省市', 1, 'city', 1559196617768, 1559196617768);
INSERT INTO `ba_dict` VALUES ('1133978742608236544', '1133978739236016129', '3208', '淮安市', '省市', 1, 'city', 1559196617913, 1559196617913);
INSERT INTO `ba_dict` VALUES ('1133978743031861248', '1133978739236016129', '3209', '盐城市', '省市', 1, 'city', 1559196618040, 1559196618040);
INSERT INTO `ba_dict` VALUES ('1133978743455485952', '1133978739236016129', '3210', '扬州市', '省市', 1, 'city', 1559196618169, 1559196618169);
INSERT INTO `ba_dict` VALUES ('1133978743879110656', '1133978739236016129', '3211', '镇江市', '省市', 1, 'city', 1559196618270, 1559196618270);
INSERT INTO `ba_dict` VALUES ('1133978744298541056', '1133978739236016129', '3212', '泰州市', '省市', 1, 'city', 1559196618410, 1559196618410);
INSERT INTO `ba_dict` VALUES ('1133978744722165760', '1133978739236016129', '3213', '宿迁市', '省市', 1, 'city', 1559196618509, 1559196618509);
INSERT INTO `ba_dict` VALUES ('1133978744722165761', '1133978877252415931', '33', '浙江省', '省市', 1, 'city', 1559196618611, 1559196618611);
INSERT INTO `ba_dict` VALUES ('1133978745141596160', '1133978744722165761', '3301', '杭州市', '省市', 1, 'city', 1559196618698, 1559196618698);
INSERT INTO `ba_dict` VALUES ('1133978745565220864', '1133978744722165761', '3302', '宁波市', '省市', 1, 'city', 1559196618767, 1559196618767);
INSERT INTO `ba_dict` VALUES ('1133978745984651264', '1133978744722165761', '3303', '温州市', '省市', 1, 'city', 1559196618836, 1559196618836);
INSERT INTO `ba_dict` VALUES ('1133978746404081664', '1133978744722165761', '3304', '嘉兴市', '省市', 1, 'city', 1559196618905, 1559196618905);
INSERT INTO `ba_dict` VALUES ('1133978746831900672', '1133978744722165761', '3305', '湖州市', '省市', 1, 'city', 1559196618975, 1559196618976);
INSERT INTO `ba_dict` VALUES ('1133978747251331072', '1133978744722165761', '3306', '绍兴市', '省市', 1, 'city', 1559196619064, 1559196619064);
INSERT INTO `ba_dict` VALUES ('1133978747674955776', '1133978744722165761', '3307', '金华市', '省市', 1, 'city', 1559196619166, 1559196619166);
INSERT INTO `ba_dict` VALUES ('1133978748094386176', '1133978744722165761', '3308', '衢州市', '省市', 1, 'city', 1559196619259, 1559196619259);
INSERT INTO `ba_dict` VALUES ('1133978748513816576', '1133978744722165761', '3309', '舟山市', '省市', 1, 'city', 1559196619362, 1559196619363);
INSERT INTO `ba_dict` VALUES ('1133978748937441280', '1133978744722165761', '3310', '台州市', '省市', 1, 'city', 1559196619449, 1559196619449);
INSERT INTO `ba_dict` VALUES ('1133978749356871680', '1133978744722165761', '3311', '丽水市', '省市', 1, 'city', 1559196619521, 1559196619521);
INSERT INTO `ba_dict` VALUES ('1133978749356871681', '1133978877252415931', '34', '安徽省', '省市', 1, 'city', 1559196619592, 1559196619592);
INSERT INTO `ba_dict` VALUES ('1133978749776302080', '1133978749356871681', '3401', '合肥市', '省市', 1, 'city', 1559196619663, 1559196619663);
INSERT INTO `ba_dict` VALUES ('1133978750199926784', '1133978749356871681', '3402', '芜湖市', '省市', 1, 'city', 1559196619765, 1559196619765);
INSERT INTO `ba_dict` VALUES ('1133978750623551488', '1133978749356871681', '3403', '蚌埠市', '省市', 1, 'city', 1559196619837, 1559196619837);
INSERT INTO `ba_dict` VALUES ('1133978751042981888', '1133978749356871681', '3404', '淮南市', '省市', 1, 'city', 1559196619906, 1559196619907);
INSERT INTO `ba_dict` VALUES ('1133978751462412288', '1133978749356871681', '3405', '马鞍山市', '省市', 1, 'city', 1559196619976, 1559196619976);
INSERT INTO `ba_dict` VALUES ('1133978751881842688', '1133978749356871681', '3406', '淮北市', '省市', 1, 'city', 1559196620044, 1559196620044);
INSERT INTO `ba_dict` VALUES ('1133978752305467392', '1133978749356871681', '3407', '铜陵市', '省市', 1, 'city', 1559196620113, 1559196620113);
INSERT INTO `ba_dict` VALUES ('1133978752724897792', '1133978749356871681', '3408', '安庆市', '省市', 1, 'city', 1559196620185, 1559196620185);
INSERT INTO `ba_dict` VALUES ('1133978753144328192', '1133978749356871681', '3410', '黄山市', '省市', 1, 'city', 1559196620254, 1559196620254);
INSERT INTO `ba_dict` VALUES ('1133978753567952896', '1133978749356871681', '3411', '滁州市', '省市', 1, 'city', 1559196620322, 1559196620322);
INSERT INTO `ba_dict` VALUES ('1133978753987383296', '1133978749356871681', '3412', '阜阳市', '省市', 1, 'city', 1559196620398, 1559196620398);
INSERT INTO `ba_dict` VALUES ('1133978754411008000', '1133978749356871681', '3413', '宿州市', '省市', 1, 'city', 1559196620466, 1559196620466);
INSERT INTO `ba_dict` VALUES ('1133978754830438400', '1133978749356871681', '3415', '六安市', '省市', 1, 'city', 1559196620536, 1559196620536);
INSERT INTO `ba_dict` VALUES ('1133978755254063104', '1133978749356871681', '3416', '亳州市', '省市', 1, 'city', 1559196620605, 1559196620605);
INSERT INTO `ba_dict` VALUES ('1133978755673493504', '1133978749356871681', '3417', '池州市', '省市', 1, 'city', 1559196620675, 1559196620675);
INSERT INTO `ba_dict` VALUES ('1133978756097118208', '1133978749356871681', '3418', '宣城市', '省市', 1, 'city', 1559196620744, 1559196620744);
INSERT INTO `ba_dict` VALUES ('1133978756097118209', '1133978877252415931', '35', '福建省', '省市', 1, 'city', 1559196620812, 1559196620812);
INSERT INTO `ba_dict` VALUES ('1133978756516548608', '1133978756097118209', '3501', '福州市', '省市', 1, 'city', 1559196620882, 1559196620882);
INSERT INTO `ba_dict` VALUES ('1133978756940173312', '1133978756097118209', '3502', '厦门市', '省市', 1, 'city', 1559196620953, 1559196620953);
INSERT INTO `ba_dict` VALUES ('1133978757363798016', '1133978756097118209', '3503', '莆田市', '省市', 1, 'city', 1559196621021, 1559196621021);
INSERT INTO `ba_dict` VALUES ('1133978757783228416', '1133978756097118209', '3504', '三明市', '省市', 1, 'city', 1559196621089, 1559196621089);
INSERT INTO `ba_dict` VALUES ('1133978758206853120', '1133978756097118209', '3505', '泉州市', '省市', 1, 'city', 1559196621158, 1559196621158);
INSERT INTO `ba_dict` VALUES ('1133978758630477824', '1133978756097118209', '3506', '漳州市', '省市', 1, 'city', 1559196621226, 1559196621226);
INSERT INTO `ba_dict` VALUES ('1133978759049908224', '1133978756097118209', '3507', '南平市', '省市', 1, 'city', 1559196621295, 1559196621295);
INSERT INTO `ba_dict` VALUES ('1133978759469338624', '1133978756097118209', '3508', '龙岩市', '省市', 1, 'city', 1559196621363, 1559196621363);
INSERT INTO `ba_dict` VALUES ('1133978759892963328', '1133978756097118209', '3509', '宁德市', '省市', 1, 'city', 1559196621433, 1559196621433);
INSERT INTO `ba_dict` VALUES ('1133978759892963329', '1133978877252415931', '36', '江西省', '省市', 1, 'city', 1559196621504, 1559196621504);
INSERT INTO `ba_dict` VALUES ('1133978760316588032', '1133978759892963329', '3601', '南昌市', '省市', 1, 'city', 1559196621572, 1559196621572);
INSERT INTO `ba_dict` VALUES ('1133978760736018432', '1133978759892963329', '3602', '景德镇市', '省市', 1, 'city', 1559196621640, 1559196621640);
INSERT INTO `ba_dict` VALUES ('1133978761159643136', '1133978759892963329', '3603', '萍乡市', '省市', 1, 'city', 1559196621710, 1559196621710);
INSERT INTO `ba_dict` VALUES ('1133978761579073536', '1133978759892963329', '3604', '九江市', '省市', 1, 'city', 1559196621779, 1559196621779);
INSERT INTO `ba_dict` VALUES ('1133978761998503936', '1133978759892963329', '3605', '新余市', '省市', 1, 'city', 1559196621848, 1559196621848);
INSERT INTO `ba_dict` VALUES ('1133978762422128640', '1133978759892963329', '3606', '鹰潭市', '省市', 1, 'city', 1559196621917, 1559196621917);
INSERT INTO `ba_dict` VALUES ('1133978762845753344', '1133978759892963329', '3607', '赣州市', '省市', 1, 'city', 1559196621988, 1559196621988);
INSERT INTO `ba_dict` VALUES ('1133978763269378048', '1133978759892963329', '3608', '吉安市', '省市', 1, 'city', 1559196622058, 1559196622058);
INSERT INTO `ba_dict` VALUES ('1133978763688808448', '1133978759892963329', '3609', '宜春市', '省市', 1, 'city', 1559196622127, 1559196622127);
INSERT INTO `ba_dict` VALUES ('1133978764112433152', '1133978759892963329', '3610', '抚州市', '省市', 1, 'city', 1559196622197, 1559196622197);
INSERT INTO `ba_dict` VALUES ('1133978764531863552', '1133978759892963329', '3611', '上饶市', '省市', 1, 'city', 1559196622264, 1559196622264);
INSERT INTO `ba_dict` VALUES ('1133978764531863553', '1133978877252415931', '37', '山东省', '省市', 1, 'city', 1559196622334, 1559196622334);
INSERT INTO `ba_dict` VALUES ('1133978764955488256', '1133978764531863553', '3701', '济南市', '省市', 1, 'city', 1559196622404, 1559196622404);
INSERT INTO `ba_dict` VALUES ('1133978765374918656', '1133978764531863553', '3702', '青岛市', '省市', 1, 'city', 1559196622473, 1559196622473);
INSERT INTO `ba_dict` VALUES ('1133978765794349056', '1133978764531863553', '3703', '淄博市', '省市', 1, 'city', 1559196622542, 1559196622542);
INSERT INTO `ba_dict` VALUES ('1133978766213779456', '1133978764531863553', '3704', '枣庄市', '省市', 1, 'city', 1559196622611, 1559196622611);
INSERT INTO `ba_dict` VALUES ('1133978766637404160', '1133978764531863553', '3705', '东营市', '省市', 1, 'city', 1559196622682, 1559196622682);
INSERT INTO `ba_dict` VALUES ('1133978767061028864', '1133978764531863553', '3706', '烟台市', '省市', 1, 'city', 1559196622752, 1559196622752);
INSERT INTO `ba_dict` VALUES ('1133978767480459264', '1133978764531863553', '3707', '潍坊市', '省市', 1, 'city', 1559196622820, 1559196622820);
INSERT INTO `ba_dict` VALUES ('1133978767899889664', '1133978764531863553', '3708', '济宁市', '省市', 1, 'city', 1559196622890, 1559196622890);
INSERT INTO `ba_dict` VALUES ('1133978768323514368', '1133978764531863553', '3709', '泰安市', '省市', 1, 'city', 1559196622961, 1559196622961);
INSERT INTO `ba_dict` VALUES ('1133978768742944768', '1133978764531863553', '3710', '威海市', '省市', 1, 'city', 1559196623029, 1559196623029);
INSERT INTO `ba_dict` VALUES ('1133978769166569472', '1133978764531863553', '3711', '日照市', '省市', 1, 'city', 1559196623099, 1559196623099);
INSERT INTO `ba_dict` VALUES ('1133978769590194176', '1133978764531863553', '3712', '莱芜市', '省市', 1, 'city', 1559196623169, 1559196623169);
INSERT INTO `ba_dict` VALUES ('1133978770013818880', '1133978764531863553', '3713', '临沂市', '省市', 1, 'city', 1559196623237, 1559196623237);
INSERT INTO `ba_dict` VALUES ('1133978770433249280', '1133978764531863553', '3714', '德州市', '省市', 1, 'city', 1559196623307, 1559196623307);
INSERT INTO `ba_dict` VALUES ('1133978770856873984', '1133978764531863553', '3715', '聊城市', '省市', 1, 'city', 1559196623375, 1559196623375);
INSERT INTO `ba_dict` VALUES ('1133978771280498688', '1133978764531863553', '3716', '滨州市', '省市', 1, 'city', 1559196623444, 1559196623444);
INSERT INTO `ba_dict` VALUES ('1133978771704123392', '1133978764531863553', '3717', '菏泽市', '省市', 1, 'city', 1559196623512, 1559196623512);
INSERT INTO `ba_dict` VALUES ('1133978771704123393', '1133978877252415931', '41', '河南省', '省市', 1, 'city', 1559196623585, 1559196623585);
INSERT INTO `ba_dict` VALUES ('1133978772123553792', '1133978771704123393', '4101', '郑州市', '省市', 1, 'city', 1559196623653, 1559196623653);
INSERT INTO `ba_dict` VALUES ('1133978772547178496', '1133978771704123393', '4102', '开封市', '省市', 1, 'city', 1559196623726, 1559196623726);
INSERT INTO `ba_dict` VALUES ('1133978772970803200', '1133978771704123393', '4103', '洛阳市', '省市', 1, 'city', 1559196623795, 1559196623795);
INSERT INTO `ba_dict` VALUES ('1133978773390233600', '1133978771704123393', '4104', '平顶山市', '省市', 1, 'city', 1559196623863, 1559196623863);
INSERT INTO `ba_dict` VALUES ('1133978773813858304', '1133978771704123393', '4105', '安阳市', '省市', 1, 'city', 1559196623938, 1559196623938);
INSERT INTO `ba_dict` VALUES ('1133978774233288704', '1133978771704123393', '4106', '鹤壁市', '省市', 1, 'city', 1559196624009, 1559196624009);
INSERT INTO `ba_dict` VALUES ('1133978774656913408', '1133978771704123393', '4107', '新乡市', '省市', 1, 'city', 1559196624080, 1559196624080);
INSERT INTO `ba_dict` VALUES ('1133978775080538112', '1133978771704123393', '4108', '焦作市', '省市', 1, 'city', 1559196624149, 1559196624149);
INSERT INTO `ba_dict` VALUES ('1133978775504162816', '1133978771704123393', '4109', '濮阳市', '省市', 1, 'city', 1559196624218, 1559196624218);
INSERT INTO `ba_dict` VALUES ('1133978775923593216', '1133978771704123393', '4110', '许昌市', '省市', 1, 'city', 1559196624286, 1559196624286);
INSERT INTO `ba_dict` VALUES ('1133978776343023616', '1133978771704123393', '4111', '漯河市', '省市', 1, 'city', 1559196624356, 1559196624356);
INSERT INTO `ba_dict` VALUES ('1133978776762454016', '1133978771704123393', '4112', '三门峡市', '省市', 1, 'city', 1559196624425, 1559196624425);
INSERT INTO `ba_dict` VALUES ('1133978777186078720', '1133978771704123393', '4113', '南阳市', '省市', 1, 'city', 1559196624493, 1559196624493);
INSERT INTO `ba_dict` VALUES ('1133978777605509120', '1133978771704123393', '4114', '商丘市', '省市', 1, 'city', 1559196624570, 1559196624570);
INSERT INTO `ba_dict` VALUES ('1133978778029133824', '1133978771704123393', '4115', '信阳市', '省市', 1, 'city', 1559196624637, 1559196624637);
INSERT INTO `ba_dict` VALUES ('1133978778448564224', '1133978771704123393', '4116', '周口市', '省市', 1, 'city', 1559196624706, 1559196624706);
INSERT INTO `ba_dict` VALUES ('1133978778872188928', '1133978771704123393', '4117', '驻马店市', '省市', 1, 'city', 1559196624775, 1559196624775);
INSERT INTO `ba_dict` VALUES ('1133978779295813632', '1133978771704123393', '419001', '济源市', '省市', 1, 'city', 1559196624843, 1559196624843);
INSERT INTO `ba_dict` VALUES ('1133978779295813633', '1133978877252415931', '42', '湖北省', '省市', 1, 'city', 1559196624914, 1559196624914);
INSERT INTO `ba_dict` VALUES ('1133978779719438336', '1133978779295813633', '4201', '武汉市', '省市', 1, 'city', 1559196624983, 1559196624983);
INSERT INTO `ba_dict` VALUES ('1133978780143063040', '1133978779295813633', '4202', '黄石市', '省市', 1, 'city', 1559196625053, 1559196625053);
INSERT INTO `ba_dict` VALUES ('1133978780566687744', '1133978779295813633', '4203', '十堰市', '省市', 1, 'city', 1559196625122, 1559196625122);
INSERT INTO `ba_dict` VALUES ('1133978780986118144', '1133978779295813633', '4205', '宜昌市', '省市', 1, 'city', 1559196625191, 1559196625191);
INSERT INTO `ba_dict` VALUES ('1133978781405548544', '1133978779295813633', '4206', '襄阳市', '省市', 1, 'city', 1559196625262, 1559196625262);
INSERT INTO `ba_dict` VALUES ('1133978781824978944', '1133978779295813633', '4207', '鄂州市', '省市', 1, 'city', 1559196625331, 1559196625331);
INSERT INTO `ba_dict` VALUES ('1133978782244409344', '1133978779295813633', '4208', '荆门市', '省市', 1, 'city', 1559196625400, 1559196625400);
INSERT INTO `ba_dict` VALUES ('1133978782668034048', '1133978779295813633', '4209', '孝感市', '省市', 1, 'city', 1559196625469, 1559196625469);
INSERT INTO `ba_dict` VALUES ('1133978783087464448', '1133978779295813633', '4210', '荆州市', '省市', 1, 'city', 1559196625545, 1559196625545);
INSERT INTO `ba_dict` VALUES ('1133978783506894848', '1133978779295813633', '4211', '黄冈市', '省市', 1, 'city', 1559196625614, 1559196625614);
INSERT INTO `ba_dict` VALUES ('1133978783926325248', '1133978779295813633', '4212', '咸宁市', '省市', 1, 'city', 1559196625683, 1559196625683);
INSERT INTO `ba_dict` VALUES ('1133978784349949952', '1133978779295813633', '4213', '随州市', '省市', 1, 'city', 1559196625752, 1559196625752);
INSERT INTO `ba_dict` VALUES ('1133978784773574656', '1133978779295813633', '4228', '恩施土家族苗族自治州', '省市', 1, 'city', 1559196625821, 1559196625821);
INSERT INTO `ba_dict` VALUES ('1133978785193005056', '1133978779295813633', '429004', '仙桃市', '省市', 1, 'city', 1559196625891, 1559196625891);
INSERT INTO `ba_dict` VALUES ('1133978785616629760', '1133978779295813633', '429005', '潜江市', '省市', 1, 'city', 1559196625960, 1559196625960);
INSERT INTO `ba_dict` VALUES ('1133978786036060160', '1133978779295813633', '429006', '天门市', '省市', 1, 'city', 1559196626029, 1559196626029);
INSERT INTO `ba_dict` VALUES ('1133978786459684864', '1133978779295813633', '429021', '神农架林区', '省市', 1, 'city', 1559196626099, 1559196626099);
INSERT INTO `ba_dict` VALUES ('1133978786459684865', '1133978877252415931', '43', '湖南省', '省市', 1, 'city', 1559196626167, 1559196626167);
INSERT INTO `ba_dict` VALUES ('1133978786883309568', '1133978786459684865', '4301', '长沙市', '省市', 1, 'city', 1559196626236, 1559196626236);
INSERT INTO `ba_dict` VALUES ('1133978787302739968', '1133978786459684865', '4302', '株洲市', '省市', 1, 'city', 1559196626306, 1559196626306);
INSERT INTO `ba_dict` VALUES ('1133978787726364672', '1133978786459684865', '4303', '湘潭市', '省市', 1, 'city', 1559196626375, 1559196626375);
INSERT INTO `ba_dict` VALUES ('1133978788149989376', '1133978786459684865', '4304', '衡阳市', '省市', 1, 'city', 1559196626444, 1559196626444);
INSERT INTO `ba_dict` VALUES ('1133978788569419776', '1133978786459684865', '4305', '邵阳市', '省市', 1, 'city', 1559196626513, 1559196626513);
INSERT INTO `ba_dict` VALUES ('1133978788988850176', '1133978786459684865', '4306', '岳阳市', '省市', 1, 'city', 1559196626582, 1559196626582);
INSERT INTO `ba_dict` VALUES ('1133978789408280576', '1133978786459684865', '4307', '常德市', '省市', 1, 'city', 1559196626650, 1559196626650);
INSERT INTO `ba_dict` VALUES ('1133978789831905280', '1133978786459684865', '4308', '张家界市', '省市', 1, 'city', 1559196626719, 1559196626719);
INSERT INTO `ba_dict` VALUES ('1133978790251335680', '1133978786459684865', '4309', '益阳市', '省市', 1, 'city', 1559196626788, 1559196626789);
INSERT INTO `ba_dict` VALUES ('1133978790674960384', '1133978786459684865', '4310', '郴州市', '省市', 1, 'city', 1559196626856, 1559196626856);
INSERT INTO `ba_dict` VALUES ('1133978791094390784', '1133978786459684865', '4311', '永州市', '省市', 1, 'city', 1559196626924, 1559196626924);
INSERT INTO `ba_dict` VALUES ('1133978791518015488', '1133978786459684865', '4312', '怀化市', '省市', 1, 'city', 1559196626996, 1559196626996);
INSERT INTO `ba_dict` VALUES ('1133978791937445888', '1133978786459684865', '4313', '娄底市', '省市', 1, 'city', 1559196627064, 1559196627064);
INSERT INTO `ba_dict` VALUES ('1133978792361070592', '1133978786459684865', '4331', '湘西土家族苗族自治州', '省市', 1, 'city', 1559196627144, 1559196627144);
INSERT INTO `ba_dict` VALUES ('1133978792361070593', '1133978877252415931', '44', '广东省', '省市', 1, 'city', 1559196627213, 1559196627213);
INSERT INTO `ba_dict` VALUES ('1133978792780500992', '1133978792361070593', '4401', '广州市', '省市', 1, 'city', 1559196627282, 1559196627282);
INSERT INTO `ba_dict` VALUES ('1133978793199931392', '1133978792361070593', '4402', '韶关市', '省市', 1, 'city', 1559196627350, 1559196627350);
INSERT INTO `ba_dict` VALUES ('1133978793619361792', '1133978792361070593', '4403', '深圳市', '省市', 1, 'city', 1559196627423, 1559196627423);
INSERT INTO `ba_dict` VALUES ('1133978794038792192', '1133978792361070593', '4404', '珠海市', '省市', 1, 'city', 1559196627496, 1559196627496);
INSERT INTO `ba_dict` VALUES ('1133978794462416896', '1133978792361070593', '4405', '汕头市', '省市', 1, 'city', 1559196627565, 1559196627565);
INSERT INTO `ba_dict` VALUES ('1133978794881847296', '1133978792361070593', '4406', '佛山市', '省市', 1, 'city', 1559196627634, 1559196627635);
INSERT INTO `ba_dict` VALUES ('1133978795301277696', '1133978792361070593', '4407', '江门市', '省市', 1, 'city', 1559196627704, 1559196627704);
INSERT INTO `ba_dict` VALUES ('1133978795724902400', '1133978792361070593', '4408', '湛江市', '省市', 1, 'city', 1559196627781, 1559196627781);
INSERT INTO `ba_dict` VALUES ('1133978796144332800', '1133978792361070593', '4409', '茂名市', '省市', 1, 'city', 1559196627851, 1559196627851);
INSERT INTO `ba_dict` VALUES ('1133978796567957504', '1133978792361070593', '4412', '肇庆市', '省市', 1, 'city', 1559196627920, 1559196627920);
INSERT INTO `ba_dict` VALUES ('1133978796987387904', '1133978792361070593', '4413', '惠州市', '省市', 1, 'city', 1559196627990, 1559196627990);
INSERT INTO `ba_dict` VALUES ('1133978797411012608', '1133978792361070593', '4414', '梅州市', '省市', 1, 'city', 1559196628061, 1559196628061);
INSERT INTO `ba_dict` VALUES ('1133978797830443008', '1133978792361070593', '4415', '汕尾市', '省市', 1, 'city', 1559196628130, 1559196628130);
INSERT INTO `ba_dict` VALUES ('1133978798254067712', '1133978792361070593', '4416', '河源市', '省市', 1, 'city', 1559196628201, 1559196628201);
INSERT INTO `ba_dict` VALUES ('1133978798673498112', '1133978792361070593', '4417', '阳江市', '省市', 1, 'city', 1559196628271, 1559196628271);
INSERT INTO `ba_dict` VALUES ('1133978799097122816', '1133978792361070593', '4418', '清远市', '省市', 1, 'city', 1559196628355, 1559196628355);
INSERT INTO `ba_dict` VALUES ('1133978799516553216', '1133978792361070593', '4419', '东莞市', '省市', 1, 'city', 1559196628423, 1559196628423);
INSERT INTO `ba_dict` VALUES ('1133978799935983616', '1133978792361070593', '4420', '中山市', '省市', 1, 'city', 1559196628493, 1559196628493);
INSERT INTO `ba_dict` VALUES ('1133978800363802624', '1133978792361070593', '4451', '潮州市', '省市', 1, 'city', 1559196628562, 1559196628562);
INSERT INTO `ba_dict` VALUES ('1133978800783233024', '1133978792361070593', '4452', '揭阳市', '省市', 1, 'city', 1559196628631, 1559196628631);
INSERT INTO `ba_dict` VALUES ('1133978801206857728', '1133978792361070593', '4453', '云浮市', '省市', 1, 'city', 1559196628699, 1559196628699);
INSERT INTO `ba_dict` VALUES ('1133978801206857729', '1133978877252415931', '45', '广西壮族自治区', '省市', 1, 'city', 1559196628769, 1559196628769);
INSERT INTO `ba_dict` VALUES ('1133978801626288128', '1133978801206857729', '4501', '南宁市', '省市', 1, 'city', 1559196628845, 1559196628845);
INSERT INTO `ba_dict` VALUES ('1133978802045718528', '1133978801206857729', '4502', '柳州市', '省市', 1, 'city', 1559196628917, 1559196628917);
INSERT INTO `ba_dict` VALUES ('1133978802469343232', '1133978801206857729', '4503', '桂林市', '省市', 1, 'city', 1559196628994, 1559196628994);
INSERT INTO `ba_dict` VALUES ('1133978802888773632', '1133978801206857729', '4504', '梧州市', '省市', 1, 'city', 1559196629063, 1559196629063);
INSERT INTO `ba_dict` VALUES ('1133978803312398336', '1133978801206857729', '4505', '北海市', '省市', 1, 'city', 1559196629139, 1559196629139);
INSERT INTO `ba_dict` VALUES ('1133978803736023040', '1133978801206857729', '4506', '防城港市', '省市', 1, 'city', 1559196629215, 1559196629215);
INSERT INTO `ba_dict` VALUES ('1133978804155453440', '1133978801206857729', '4507', '钦州市', '省市', 1, 'city', 1559196629291, 1559196629291);
INSERT INTO `ba_dict` VALUES ('1133978804574883840', '1133978801206857729', '4508', '贵港市', '省市', 1, 'city', 1559196629359, 1559196629359);
INSERT INTO `ba_dict` VALUES ('1133978804994314240', '1133978801206857729', '4509', '玉林市', '省市', 1, 'city', 1559196629437, 1559196629437);
INSERT INTO `ba_dict` VALUES ('1133978805417938944', '1133978801206857729', '4510', '百色市', '省市', 1, 'city', 1559196629507, 1559196629507);
INSERT INTO `ba_dict` VALUES ('1133978805837369344', '1133978801206857729', '4511', '贺州市', '省市', 1, 'city', 1559196629578, 1559196629578);
INSERT INTO `ba_dict` VALUES ('1133978806260994048', '1133978801206857729', '4512', '河池市', '省市', 1, 'city', 1559196629653, 1559196629653);
INSERT INTO `ba_dict` VALUES ('1133978806680424448', '1133978801206857729', '4513', '来宾市', '省市', 1, 'city', 1559196629722, 1559196629722);
INSERT INTO `ba_dict` VALUES ('1133978807104049152', '1133978801206857729', '4514', '崇左市', '省市', 1, 'city', 1559196629801, 1559196629801);
INSERT INTO `ba_dict` VALUES ('1133978807104049153', '1133978877252415931', '46', '海南省', '省市', 1, 'city', 1559196629880, 1559196629880);
INSERT INTO `ba_dict` VALUES ('1133978807523479552', '1133978807104049153', '4601', '海口市', '省市', 1, 'city', 1559196629951, 1559196629951);
INSERT INTO `ba_dict` VALUES ('1133978807947104256', '1133978807104049153', '4602', '三亚市', '省市', 1, 'city', 1559196630022, 1559196630022);
INSERT INTO `ba_dict` VALUES ('1133978808366534656', '1133978807104049153', '4603', '三沙市', '省市', 1, 'city', 1559196630104, 1559196630104);
INSERT INTO `ba_dict` VALUES ('1133978808785965056', '1133978807104049153', '4604', '儋州市', '省市', 1, 'city', 1559196630180, 1559196630180);
INSERT INTO `ba_dict` VALUES ('1133978809209589760', '1133978807104049153', '469001', '五指山市', '省市', 1, 'city', 1559196630248, 1559196630248);
INSERT INTO `ba_dict` VALUES ('1133978809633214464', '1133978807104049153', '469002', '琼海市', '省市', 1, 'city', 1559196630317, 1559196630317);
INSERT INTO `ba_dict` VALUES ('1133978810052644864', '1133978807104049153', '469005', '文昌市', '省市', 1, 'city', 1559196630390, 1559196630390);
INSERT INTO `ba_dict` VALUES ('1133978810472075264', '1133978807104049153', '469006', '万宁市', '省市', 1, 'city', 1559196630459, 1559196630459);
INSERT INTO `ba_dict` VALUES ('1133978810891505664', '1133978807104049153', '469007', '东方市', '省市', 1, 'city', 1559196630537, 1559196630537);
INSERT INTO `ba_dict` VALUES ('1133978811315130368', '1133978807104049153', '469021', '定安县', '省市', 1, 'city', 1559196630608, 1559196630608);
INSERT INTO `ba_dict` VALUES ('1133978811738755072', '1133978807104049153', '469022', '屯昌县', '省市', 1, 'city', 1559196630678, 1559196630678);
INSERT INTO `ba_dict` VALUES ('1133978812158185472', '1133978807104049153', '469023', '澄迈县', '省市', 1, 'city', 1559196630749, 1559196630749);
INSERT INTO `ba_dict` VALUES ('1133978812581810176', '1133978807104049153', '469024', '临高县', '省市', 1, 'city', 1559196630818, 1559196630818);
INSERT INTO `ba_dict` VALUES ('1133978813005434880', '1133978807104049153', '469025', '白沙黎族自治县', '省市', 1, 'city', 1559196630887, 1559196630887);
INSERT INTO `ba_dict` VALUES ('1133978813424865280', '1133978807104049153', '469026', '昌江黎族自治县', '省市', 1, 'city', 1559196630972, 1559196630972);
INSERT INTO `ba_dict` VALUES ('1133978813844295680', '1133978807104049153', '469027', '乐东黎族自治县', '省市', 1, 'city', 1559196631041, 1559196631042);
INSERT INTO `ba_dict` VALUES ('1133978814267920384', '1133978807104049153', '469028', '陵水黎族自治县', '省市', 1, 'city', 1559196631113, 1559196631113);
INSERT INTO `ba_dict` VALUES ('1133978814687350784', '1133978807104049153', '469029', '保亭黎族苗族自治县', '省市', 1, 'city', 1559196631181, 1559196631181);
INSERT INTO `ba_dict` VALUES ('1133978815106781184', '1133978807104049153', '469030', '琼中黎族苗族自治县', '省市', 1, 'city', 1559196631251, 1559196631251);
INSERT INTO `ba_dict` VALUES ('1133978815106781185', '1133978877252415931', '50', '重庆市', '省市', 1, 'city', 1559196631319, 1559196631319);
INSERT INTO `ba_dict` VALUES ('1133978815530405888', '1133978815106781185', '500101', '万州区', '省市', 1, 'city', 1559196631390, 1559196631390);
INSERT INTO `ba_dict` VALUES ('1133978815949836288', '1133978815106781185', '500102', '涪陵区', '省市', 1, 'city', 1559196631458, 1559196631458);
INSERT INTO `ba_dict` VALUES ('1133978816369266688', '1133978815106781185', '500103', '渝中区', '省市', 1, 'city', 1559196631531, 1559196631531);
INSERT INTO `ba_dict` VALUES ('1133978816788697088', '1133978815106781185', '500104', '大渡口区', '省市', 1, 'city', 1559196631599, 1559196631599);
INSERT INTO `ba_dict` VALUES ('1133978817212321792', '1133978815106781185', '500105', '江北区', '省市', 1, 'city', 1559196631669, 1559196631669);
INSERT INTO `ba_dict` VALUES ('1133978817635946496', '1133978815106781185', '500106', '沙坪坝区', '省市', 1, 'city', 1559196631738, 1559196631738);
INSERT INTO `ba_dict` VALUES ('1133978818055376896', '1133978815106781185', '500107', '九龙坡区', '省市', 1, 'city', 1559196631806, 1559196631806);
INSERT INTO `ba_dict` VALUES ('1133978818479001600', '1133978815106781185', '500108', '南岸区', '省市', 1, 'city', 1559196631874, 1559196631874);
INSERT INTO `ba_dict` VALUES ('1133978818902626304', '1133978815106781185', '500109', '北碚区', '省市', 1, 'city', 1559196631942, 1559196631942);
INSERT INTO `ba_dict` VALUES ('1133978819326251008', '1133978815106781185', '500110', '綦江区', '省市', 1, 'city', 1559196632010, 1559196632010);
INSERT INTO `ba_dict` VALUES ('1133978819745681408', '1133978815106781185', '500111', '大足区', '省市', 1, 'city', 1559196632079, 1559196632079);
INSERT INTO `ba_dict` VALUES ('1133978820165111808', '1133978815106781185', '500112', '渝北区', '省市', 1, 'city', 1559196632148, 1559196632148);
INSERT INTO `ba_dict` VALUES ('1133978820588736512', '1133978815106781185', '500113', '巴南区', '省市', 1, 'city', 1559196632223, 1559196632223);
INSERT INTO `ba_dict` VALUES ('1133978821008166912', '1133978815106781185', '500114', '黔江区', '省市', 1, 'city', 1559196632295, 1559196632295);
INSERT INTO `ba_dict` VALUES ('1133978821431791616', '1133978815106781185', '500115', '长寿区', '省市', 1, 'city', 1559196632365, 1559196632365);
INSERT INTO `ba_dict` VALUES ('1133978821851222016', '1133978815106781185', '500116', '江津区', '省市', 1, 'city', 1559196632434, 1559196632434);
INSERT INTO `ba_dict` VALUES ('1133978822274846720', '1133978815106781185', '500117', '合川区', '省市', 1, 'city', 1559196632501, 1559196632501);
INSERT INTO `ba_dict` VALUES ('1133978822698471424', '1133978815106781185', '500118', '永川区', '省市', 1, 'city', 1559196632575, 1559196632575);
INSERT INTO `ba_dict` VALUES ('1133978823117901824', '1133978815106781185', '500119', '南川区', '省市', 1, 'city', 1559196632653, 1559196632653);
INSERT INTO `ba_dict` VALUES ('1133978823537332224', '1133978815106781185', '500120', '璧山区', '省市', 1, 'city', 1559196632725, 1559196632725);
INSERT INTO `ba_dict` VALUES ('1133978823960956928', '1133978815106781185', '500151', '铜梁区', '省市', 1, 'city', 1559196632798, 1559196632798);
INSERT INTO `ba_dict` VALUES ('1133978824380387328', '1133978815106781185', '500152', '潼南区', '省市', 1, 'city', 1559196632867, 1559196632867);
INSERT INTO `ba_dict` VALUES ('1133978824804012032', '1133978815106781185', '500153', '荣昌区', '省市', 1, 'city', 1559196632936, 1559196632936);
INSERT INTO `ba_dict` VALUES ('1133978825223442432', '1133978815106781185', '500154', '开州区', '省市', 1, 'city', 1559196633005, 1559196633005);
INSERT INTO `ba_dict` VALUES ('1133978825647067136', '1133978815106781185', '500155', '梁平区', '省市', 1, 'city', 1559196633073, 1559196633073);
INSERT INTO `ba_dict` VALUES ('1133978826066497536', '1133978815106781185', '500156', '武隆区', '省市', 1, 'city', 1559196633143, 1559196633144);
INSERT INTO `ba_dict` VALUES ('1133978826485927936', '1133978815106781185', '500229', '城口县', '省市', 1, 'city', 1559196633234, 1559196633234);
INSERT INTO `ba_dict` VALUES ('1133978826909552640', '1133978815106781185', '500230', '丰都县', '省市', 1, 'city', 1559196633346, 1559196633346);
INSERT INTO `ba_dict` VALUES ('1133978827328983040', '1133978815106781185', '500231', '垫江县', '省市', 1, 'city', 1559196633432, 1559196633432);
INSERT INTO `ba_dict` VALUES ('1133978827752607744', '1133978815106781185', '500233', '忠县', '省市', 1, 'city', 1559196633537, 1559196633537);
INSERT INTO `ba_dict` VALUES ('1133978828172038144', '1133978815106781185', '500235', '云阳县', '省市', 1, 'city', 1559196633626, 1559196633626);
INSERT INTO `ba_dict` VALUES ('1133978828595662848', '1133978815106781185', '500236', '奉节县', '省市', 1, 'city', 1559196633727, 1559196633727);
INSERT INTO `ba_dict` VALUES ('1133978829015093248', '1133978815106781185', '500237', '巫山县', '省市', 1, 'city', 1559196633796, 1559196633796);
INSERT INTO `ba_dict` VALUES ('1133978829434523648', '1133978815106781185', '500238', '巫溪县', '省市', 1, 'city', 1559196633865, 1559196633865);
INSERT INTO `ba_dict` VALUES ('1133978829862342656', '1133978815106781185', '500240', '石柱土家族自治县', '省市', 1, 'city', 1559196633933, 1559196633933);
INSERT INTO `ba_dict` VALUES ('1133978830281773056', '1133978815106781185', '500241', '秀山土家族苗族自治县', '省市', 1, 'city', 1559196634003, 1559196634003);
INSERT INTO `ba_dict` VALUES ('1133978830705397760', '1133978815106781185', '500242', '酉阳土家族苗族自治县', '省市', 1, 'city', 1559196634074, 1559196634074);
INSERT INTO `ba_dict` VALUES ('1133978831124828160', '1133978815106781185', '500243', '彭水苗族土家族自治县', '省市', 1, 'city', 1559196634143, 1559196634143);
INSERT INTO `ba_dict` VALUES ('1133978831124828161', '1133978877252415931', '51', '四川省', '省市', 1, 'city', 1559196634214, 1559196634214);
INSERT INTO `ba_dict` VALUES ('1133978831544258560', '1133978831124828161', '5101', '成都市', '省市', 1, 'city', 1559196634282, 1559196634282);
INSERT INTO `ba_dict` VALUES ('1133978831967883264', '1133978831124828161', '5103', '自贡市', '省市', 1, 'city', 1559196634350, 1559196634350);
INSERT INTO `ba_dict` VALUES ('1133978832387313664', '1133978831124828161', '5104', '攀枝花市', '省市', 1, 'city', 1559196634420, 1559196634420);
INSERT INTO `ba_dict` VALUES ('1133978832806744064', '1133978831124828161', '5105', '泸州市', '省市', 1, 'city', 1559196634514, 1559196634514);
INSERT INTO `ba_dict` VALUES ('1133978833230368768', '1133978831124828161', '5106', '德阳市', '省市', 1, 'city', 1559196634583, 1559196634583);
INSERT INTO `ba_dict` VALUES ('1133978833653993472', '1133978831124828161', '5107', '绵阳市', '省市', 1, 'city', 1559196634651, 1559196634651);
INSERT INTO `ba_dict` VALUES ('1133978834073423872', '1133978831124828161', '5108', '广元市', '省市', 1, 'city', 1559196634721, 1559196634721);
INSERT INTO `ba_dict` VALUES ('1133978834492854272', '1133978831124828161', '5109', '遂宁市', '省市', 1, 'city', 1559196634789, 1559196634789);
INSERT INTO `ba_dict` VALUES ('1133978834916478976', '1133978831124828161', '5110', '内江市', '省市', 1, 'city', 1559196634858, 1559196634858);
INSERT INTO `ba_dict` VALUES ('1133978835340103680', '1133978831124828161', '5111', '乐山市', '省市', 1, 'city', 1559196634928, 1559196634928);
INSERT INTO `ba_dict` VALUES ('1133978835759534080', '1133978831124828161', '5113', '南充市', '省市', 1, 'city', 1559196634996, 1559196634996);
INSERT INTO `ba_dict` VALUES ('1133978836183158784', '1133978831124828161', '5114', '眉山市', '省市', 1, 'city', 1559196635066, 1559196635066);
INSERT INTO `ba_dict` VALUES ('1133978836602589184', '1133978831124828161', '5115', '宜宾市', '省市', 1, 'city', 1559196635136, 1559196635136);
INSERT INTO `ba_dict` VALUES ('1133978837026213888', '1133978831124828161', '5116', '广安市', '省市', 1, 'city', 1559196635206, 1559196635206);
INSERT INTO `ba_dict` VALUES ('1133978837449838592', '1133978831124828161', '5117', '达州市', '省市', 1, 'city', 1559196635276, 1559196635276);
INSERT INTO `ba_dict` VALUES ('1133978837869268992', '1133978831124828161', '5118', '雅安市', '省市', 1, 'city', 1559196635345, 1559196635345);
INSERT INTO `ba_dict` VALUES ('1133978838288699392', '1133978831124828161', '5119', '巴中市', '省市', 1, 'city', 1559196635414, 1559196635414);
INSERT INTO `ba_dict` VALUES ('1133978838712324096', '1133978831124828161', '5120', '资阳市', '省市', 1, 'city', 1559196635483, 1559196635483);
INSERT INTO `ba_dict` VALUES ('1133978839131754496', '1133978831124828161', '5132', '阿坝藏族羌族自治州', '省市', 1, 'city', 1559196635560, 1559196635560);
INSERT INTO `ba_dict` VALUES ('1133978839555379200', '1133978831124828161', '5133', '甘孜藏族自治州', '省市', 1, 'city', 1559196635629, 1559196635629);
INSERT INTO `ba_dict` VALUES ('1133978839974809600', '1133978831124828161', '5134', '凉山彝族自治州', '省市', 1, 'city', 1559196635710, 1559196635710);
INSERT INTO `ba_dict` VALUES ('1133978839974809601', '1133978877252415931', '52', '贵州省', '省市', 1, 'city', 1559196635777, 1559196635777);
INSERT INTO `ba_dict` VALUES ('1133978840398434304', '1133978839974809601', '5201', '贵阳市', '省市', 1, 'city', 1559196635848, 1559196635848);
INSERT INTO `ba_dict` VALUES ('1133978840817864704', '1133978839974809601', '5202', '六盘水市', '省市', 1, 'city', 1559196635917, 1559196635917);
INSERT INTO `ba_dict` VALUES ('1133978841241489408', '1133978839974809601', '5203', '遵义市', '省市', 1, 'city', 1559196635986, 1559196635986);
INSERT INTO `ba_dict` VALUES ('1133978841665114112', '1133978839974809601', '5204', '安顺市', '省市', 1, 'city', 1559196636055, 1559196636055);
INSERT INTO `ba_dict` VALUES ('1133978842084544512', '1133978839974809601', '5205', '毕节市', '省市', 1, 'city', 1559196636125, 1559196636125);
INSERT INTO `ba_dict` VALUES ('1133978842508169216', '1133978839974809601', '5206', '铜仁市', '省市', 1, 'city', 1559196636193, 1559196636193);
INSERT INTO `ba_dict` VALUES ('1133978842927599616', '1133978839974809601', '5223', '黔西南布依族苗族自治州', '省市', 1, 'city', 1559196636282, 1559196636282);
INSERT INTO `ba_dict` VALUES ('1133978843347030016', '1133978839974809601', '5226', '黔东南苗族侗族自治州', '省市', 1, 'city', 1559196636358, 1559196636358);
INSERT INTO `ba_dict` VALUES ('1133978843770654720', '1133978839974809601', '5227', '黔南布依族苗族自治州', '省市', 1, 'city', 1559196636440, 1559196636440);
INSERT INTO `ba_dict` VALUES ('1133978843770654721', '1133978877252415931', '53', '云南省', '省市', 1, 'city', 1559196636509, 1559196636509);
INSERT INTO `ba_dict` VALUES ('1133978844190085120', '1133978843770654721', '5301', '昆明市', '省市', 1, 'city', 1559196636617, 1559196636617);
INSERT INTO `ba_dict` VALUES ('1133978844609515520', '1133978843770654721', '5303', '曲靖市', '省市', 1, 'city', 1559196636746, 1559196636746);
INSERT INTO `ba_dict` VALUES ('1133978845028945920', '1133978843770654721', '5304', '玉溪市', '省市', 1, 'city', 1559196636858, 1559196636858);
INSERT INTO `ba_dict` VALUES ('1133978845452570624', '1133978843770654721', '5305', '保山市', '省市', 1, 'city', 1559196636966, 1559196636966);
INSERT INTO `ba_dict` VALUES ('1133978845872001024', '1133978843770654721', '5306', '昭通市', '省市', 1, 'city', 1559196637067, 1559196637067);
INSERT INTO `ba_dict` VALUES ('1133978846299820032', '1133978843770654721', '5307', '丽江市', '省市', 1, 'city', 1559196637174, 1559196637174);
INSERT INTO `ba_dict` VALUES ('1133978846719250432', '1133978843770654721', '5308', '普洱市', '省市', 1, 'city', 1559196637285, 1559196637285);
INSERT INTO `ba_dict` VALUES ('1133978847142875136', '1133978843770654721', '5309', '临沧市', '省市', 1, 'city', 1559196637397, 1559196637397);
INSERT INTO `ba_dict` VALUES ('1133978847562305536', '1133978843770654721', '5323', '楚雄彝族自治州', '省市', 1, 'city', 1559196637510, 1559196637510);
INSERT INTO `ba_dict` VALUES ('1133978847985930240', '1133978843770654721', '5325', '红河哈尼族彝族自治州', '省市', 1, 'city', 1559196637621, 1559196637621);
INSERT INTO `ba_dict` VALUES ('1133978848409554944', '1133978843770654721', '5326', '文山壮族苗族自治州', '省市', 1, 'city', 1559196637735, 1559196637735);
INSERT INTO `ba_dict` VALUES ('1133978848833179648', '1133978843770654721', '5328', '西双版纳傣族自治州', '省市', 1, 'city', 1559196637853, 1559196637853);
INSERT INTO `ba_dict` VALUES ('1133978849252610048', '1133978843770654721', '5329', '大理白族自治州', '省市', 1, 'city', 1559196637959, 1559196637959);
INSERT INTO `ba_dict` VALUES ('1133978849676234752', '1133978843770654721', '5331', '德宏傣族景颇族自治州', '省市', 1, 'city', 1559196638071, 1559196638071);
INSERT INTO `ba_dict` VALUES ('1133978850099859456', '1133978843770654721', '5333', '怒江傈僳族自治州', '省市', 1, 'city', 1559196638191, 1559196638191);
INSERT INTO `ba_dict` VALUES ('1133978850519289856', '1133978843770654721', '5334', '迪庆藏族自治州', '省市', 1, 'city', 1559196638300, 1559196638300);
INSERT INTO `ba_dict` VALUES ('1133978850519289857', '1133978877252415931', '54', '西藏自治区', '省市', 1, 'city', 1559196638385, 1559196638385);
INSERT INTO `ba_dict` VALUES ('1133978850938720256', '1133978850519289857', '5401', '拉萨市', '省市', 1, 'city', 1559196638461, 1559196638461);
INSERT INTO `ba_dict` VALUES ('1133978851362344960', '1133978850519289857', '5402', '日喀则市', '省市', 1, 'city', 1559196638530, 1559196638530);
INSERT INTO `ba_dict` VALUES ('1133978851781775360', '1133978850519289857', '5403', '昌都市', '省市', 1, 'city', 1559196638599, 1559196638599);
INSERT INTO `ba_dict` VALUES ('1133978852205400064', '1133978850519289857', '5404', '林芝市', '省市', 1, 'city', 1559196638668, 1559196638668);
INSERT INTO `ba_dict` VALUES ('1133978852629024768', '1133978850519289857', '5405', '山南市', '省市', 1, 'city', 1559196638740, 1559196638740);
INSERT INTO `ba_dict` VALUES ('1133978853048455168', '1133978850519289857', '5406', '那曲市', '省市', 1, 'city', 1559196638807, 1559196638807);
INSERT INTO `ba_dict` VALUES ('1133978853467885568', '1133978850519289857', '5425', '阿里地区', '省市', 1, 'city', 1559196638876, 1559196638876);
INSERT INTO `ba_dict` VALUES ('1133978853467885569', '1133978877252415931', '61', '陕西省', '省市', 1, 'city', 1559196638945, 1559196638945);
INSERT INTO `ba_dict` VALUES ('1133978853887315968', '1133978853467885569', '6101', '西安市', '省市', 1, 'city', 1559196639019, 1559196639019);
INSERT INTO `ba_dict` VALUES ('1133978854310940672', '1133978853467885569', '6102', '铜川市', '省市', 1, 'city', 1559196639089, 1559196639089);
INSERT INTO `ba_dict` VALUES ('1133978854730371072', '1133978853467885569', '6103', '宝鸡市', '省市', 1, 'city', 1559196639159, 1559196639159);
INSERT INTO `ba_dict` VALUES ('1133978855153995776', '1133978853467885569', '6104', '咸阳市', '省市', 1, 'city', 1559196639228, 1559196639228);
INSERT INTO `ba_dict` VALUES ('1133978855573426176', '1133978853467885569', '6105', '渭南市', '省市', 1, 'city', 1559196639301, 1559196639301);
INSERT INTO `ba_dict` VALUES ('1133978855997050880', '1133978853467885569', '6106', '延安市', '省市', 1, 'city', 1559196639369, 1559196639369);
INSERT INTO `ba_dict` VALUES ('1133978856416481280', '1133978853467885569', '6107', '汉中市', '省市', 1, 'city', 1559196639443, 1559196639443);
INSERT INTO `ba_dict` VALUES ('1133978856840105984', '1133978853467885569', '6108', '榆林市', '省市', 1, 'city', 1559196639514, 1559196639514);
INSERT INTO `ba_dict` VALUES ('1133978857259536384', '1133978853467885569', '6109', '安康市', '省市', 1, 'city', 1559196639588, 1559196639588);
INSERT INTO `ba_dict` VALUES ('1133978857678966784', '1133978853467885569', '6110', '商洛市', '省市', 1, 'city', 1559196639658, 1559196639658);
INSERT INTO `ba_dict` VALUES ('1133978857678966785', '1133978877252415931', '62', '甘肃省', '省市', 1, 'city', 1559196639729, 1559196639729);
INSERT INTO `ba_dict` VALUES ('1133978858102591488', '1133978857678966785', '6201', '兰州市', '省市', 1, 'city', 1559196639797, 1559196639797);
INSERT INTO `ba_dict` VALUES ('1133978858522021888', '1133978857678966785', '6202', '嘉峪关市', '省市', 1, 'city', 1559196639866, 1559196639866);
INSERT INTO `ba_dict` VALUES ('1133978858941452288', '1133978857678966785', '6203', '金昌市', '省市', 1, 'city', 1559196639933, 1559196639933);
INSERT INTO `ba_dict` VALUES ('1133978859365076992', '1133978857678966785', '6204', '白银市', '省市', 1, 'city', 1559196640002, 1559196640002);
INSERT INTO `ba_dict` VALUES ('1133978859784507392', '1133978857678966785', '6205', '天水市', '省市', 1, 'city', 1559196640070, 1559196640070);
INSERT INTO `ba_dict` VALUES ('1133978860203937792', '1133978857678966785', '6206', '武威市', '省市', 1, 'city', 1559196640138, 1559196640139);
INSERT INTO `ba_dict` VALUES ('1133978860623368192', '1133978857678966785', '6207', '张掖市', '省市', 1, 'city', 1559196640205, 1559196640205);
INSERT INTO `ba_dict` VALUES ('1133978861046992896', '1133978857678966785', '6208', '平凉市', '省市', 1, 'city', 1559196640281, 1559196640281);
INSERT INTO `ba_dict` VALUES ('1133978861466423296', '1133978857678966785', '6209', '酒泉市', '省市', 1, 'city', 1559196640349, 1559196640349);
INSERT INTO `ba_dict` VALUES ('1133978861890048000', '1133978857678966785', '6210', '庆阳市', '省市', 1, 'city', 1559196640417, 1559196640417);
INSERT INTO `ba_dict` VALUES ('1133978862309478400', '1133978857678966785', '6211', '定西市', '省市', 1, 'city', 1559196640486, 1559196640486);
INSERT INTO `ba_dict` VALUES ('1133978862733103104', '1133978857678966785', '6212', '陇南市', '省市', 1, 'city', 1559196640555, 1559196640555);
INSERT INTO `ba_dict` VALUES ('1133978863152533504', '1133978857678966785', '6229', '临夏回族自治州', '省市', 1, 'city', 1559196640623, 1559196640623);
INSERT INTO `ba_dict` VALUES ('1133978863576158208', '1133978857678966785', '6230', '甘南藏族自治州', '省市', 1, 'city', 1559196640693, 1559196640693);
INSERT INTO `ba_dict` VALUES ('1133978863576158209', '1133978877252415931', '63', '青海省', '省市', 1, 'city', 1559196640762, 1559196640762);
INSERT INTO `ba_dict` VALUES ('1133978863999782912', '1133978863576158209', '6301', '西宁市', '省市', 1, 'city', 1559196640831, 1559196640831);
INSERT INTO `ba_dict` VALUES ('1133978864419213312', '1133978863576158209', '6302', '海东市', '省市', 1, 'city', 1559196640914, 1559196640914);
INSERT INTO `ba_dict` VALUES ('1133978864842838016', '1133978863576158209', '6322', '海北藏族自治州', '省市', 1, 'city', 1559196640990, 1559196640990);
INSERT INTO `ba_dict` VALUES ('1133978865262268416', '1133978863576158209', '6323', '黄南藏族自治州', '省市', 1, 'city', 1559196641059, 1559196641059);
INSERT INTO `ba_dict` VALUES ('1133978865681698816', '1133978863576158209', '6325', '海南藏族自治州', '省市', 1, 'city', 1559196641154, 1559196641154);
INSERT INTO `ba_dict` VALUES ('1133978866105323520', '1133978863576158209', '6326', '果洛藏族自治州', '省市', 1, 'city', 1559196641224, 1559196641224);
INSERT INTO `ba_dict` VALUES ('1133978866524753920', '1133978863576158209', '6327', '玉树藏族自治州', '省市', 1, 'city', 1559196641293, 1559196641293);
INSERT INTO `ba_dict` VALUES ('1133978866948378624', '1133978863576158209', '6328', '海西蒙古族藏族自治州', '省市', 1, 'city', 1559196641362, 1559196641362);
INSERT INTO `ba_dict` VALUES ('1133978866948378625', '1133978877252415931', '64', '宁夏回族自治区', '省市', 1, 'city', 1559196641431, 1559196641431);
INSERT INTO `ba_dict` VALUES ('1133978867367809024', '1133978866948378625', '6401', '银川市', '省市', 1, 'city', 1559196641509, 1559196641509);
INSERT INTO `ba_dict` VALUES ('1133978867787239424', '1133978866948378625', '6402', '石嘴山市', '省市', 1, 'city', 1559196641576, 1559196641576);
INSERT INTO `ba_dict` VALUES ('1133978868210864128', '1133978866948378625', '6403', '吴忠市', '省市', 1, 'city', 1559196641645, 1559196641645);
INSERT INTO `ba_dict` VALUES ('1133978868630294528', '1133978866948378625', '6404', '固原市', '省市', 1, 'city', 1559196641714, 1559196641714);
INSERT INTO `ba_dict` VALUES ('1133978869049724928', '1133978866948378625', '6405', '中卫市', '省市', 1, 'city', 1559196641783, 1559196641783);
INSERT INTO `ba_dict` VALUES ('1133978869049724929', '1133978877252415931', '65', '新疆维吾尔自治区', '省市', 1, 'city', 1559196641853, 1559196641853);
INSERT INTO `ba_dict` VALUES ('1133978869469155328', '1133978869049724929', '6501', '乌鲁木齐市', '省市', 1, 'city', 1559196641924, 1559196641924);
INSERT INTO `ba_dict` VALUES ('1133978869892780032', '1133978869049724929', '6502', '克拉玛依市', '省市', 1, 'city', 1559196642018, 1559196642018);
INSERT INTO `ba_dict` VALUES ('1133978870312210432', '1133978869049724929', '6504', '吐鲁番市', '省市', 1, 'city', 1559196642114, 1559196642114);
INSERT INTO `ba_dict` VALUES ('1133978870735835136', '1133978869049724929', '6505', '哈密市', '省市', 1, 'city', 1559196642183, 1559196642183);
INSERT INTO `ba_dict` VALUES ('1133978871155265536', '1133978869049724929', '6523', '昌吉回族自治州', '省市', 1, 'city', 1559196642280, 1559196642280);
INSERT INTO `ba_dict` VALUES ('1133978871574695936', '1133978869049724929', '6527', '博尔塔拉蒙古自治州', '省市', 1, 'city', 1559196642352, 1559196642352);
INSERT INTO `ba_dict` VALUES ('1133978871994126336', '1133978869049724929', '6528', '巴音郭楞蒙古自治州', '省市', 1, 'city', 1559196642427, 1559196642427);
INSERT INTO `ba_dict` VALUES ('1133978872413556736', '1133978869049724929', '6529', '阿克苏地区', '省市', 1, 'city', 1559196642533, 1559196642533);
INSERT INTO `ba_dict` VALUES ('1133978872837181440', '1133978869049724929', '6530', '克孜勒苏柯尔克孜自治州', '省市', 1, 'city', 1559196642618, 1559196642618);
INSERT INTO `ba_dict` VALUES ('1133978873256611840', '1133978869049724929', '6531', '喀什地区', '省市', 1, 'city', 1559196642686, 1559196642686);
INSERT INTO `ba_dict` VALUES ('1133978873680236544', '1133978869049724929', '6532', '和田地区', '省市', 1, 'city', 1559196642760, 1559196642760);
INSERT INTO `ba_dict` VALUES ('1133978874099666944', '1133978869049724929', '6540', '伊犁哈萨克自治州', '省市', 1, 'city', 1559196642830, 1559196642830);
INSERT INTO `ba_dict` VALUES ('1133978874523291648', '1133978869049724929', '6542', '塔城地区', '省市', 1, 'city', 1559196642939, 1559196642939);
INSERT INTO `ba_dict` VALUES ('1133978874942722048', '1133978869049724929', '6543', '阿勒泰地区', '省市', 1, 'city', 1559196643008, 1559196643008);
INSERT INTO `ba_dict` VALUES ('1133978875362152448', '1133978869049724929', '659001', '石河子市', '省市', 1, 'city', 1559196643078, 1559196643078);
INSERT INTO `ba_dict` VALUES ('1133978875785777152', '1133978869049724929', '659002', '阿拉尔市', '省市', 1, 'city', 1559196643146, 1559196643146);
INSERT INTO `ba_dict` VALUES ('1133978876209401856', '1133978869049724929', '659003', '图木舒克市', '省市', 1, 'city', 1559196643214, 1559196643214);
INSERT INTO `ba_dict` VALUES ('1133978876628832256', '1133978869049724929', '659004', '五家渠市', '省市', 1, 'city', 1559196643281, 1559196643281);
INSERT INTO `ba_dict` VALUES ('1133978877052456960', '1133978869049724929', '659006', '铁门关市', '省市', 1, 'city', 1559196643351, 1559196643351);
INSERT INTO `ba_dict` VALUES ('1133978877252415931', '0', '10', '全国城市代码表', '全国城市代码表', 1, 'city', 1559196607257, 1559196607257);
COMMIT;

-- ----------------------------
-- Table structure for ba_job
-- ----------------------------
DROP TABLE IF EXISTS `ba_job`;
CREATE TABLE `ba_job` (
  `id` varchar(20) CHARACTER SET utf8 COLLATE utf8_general_ci NOT NULL COMMENT '任务表',
  `job_id` varchar(20) CHARACTER SET utf8 COLLATE utf8_general_ci DEFAULT NULL COMMENT '任务id',
  `class_name` varchar(70) CHARACTER SET utf8 COLLATE utf8_general_ci DEFAULT NULL COMMENT '任务执行时调用哪个类的方法 包名+类名，完全限定名',
  `cron_expression` varchar(20) CHARACTER SET utf8 COLLATE utf8_general_ci DEFAULT NULL COMMENT 'cron 表达式',
  `job_name` varchar(50) CHARACTER SET utf8 COLLATE utf8_general_ci DEFAULT NULL COMMENT '任务名称',
  `job_group` varchar(50) CHARACTER SET utf8 COLLATE utf8_general_ci DEFAULT NULL COMMENT '任务组',
  `trigger_name` varchar(50) CHARACTER SET utf8 COLLATE utf8_general_ci DEFAULT NULL COMMENT '触发器名称',
  `trigger_group` varchar(50) CHARACTER SET utf8 COLLATE utf8_general_ci DEFAULT NULL COMMENT '触发组',
  `pause` int(2) DEFAULT NULL COMMENT '暂停',
  `enable` int(2) DEFAULT NULL COMMENT '是否启用',
  `description` varchar(500) CHARACTER SET utf8 COLLATE utf8_general_ci DEFAULT NULL COMMENT '描述',
  `create_at` bigint(20) DEFAULT NULL COMMENT '创建日期',
  `update_at` bigint(20) DEFAULT NULL COMMENT '修改日期',
  PRIMARY KEY (`id`) USING BTREE
) ENGINE=InnoDB DEFAULT CHARSET=utf8 ROW_FORMAT=COMPACT COMMENT='基础板块/任务调度';

-- ----------------------------
-- Records of ba_job
-- ----------------------------
BEGIN;
INSERT INTO `ba_job` VALUES ('1', NULL, 'com.youyd.base.job.TestJob', '* * * * * ? *', 'TestJob', 'TEST_GROUP', 'TEST_TRIGGER', 'TEST_GROUP', 1, 1, 'Test Job for SpringBoot', 1557030916263, 1557030916264);
COMMIT;

-- ----------------------------
-- Table structure for ba_login_log
-- ----------------------------
DROP TABLE IF EXISTS `ba_login_log`;
CREATE TABLE `ba_login_log` (
  `id` varchar(20) CHARACTER SET utf8 COLLATE utf8_general_ci NOT NULL COMMENT '日志表',
  `user_id` varchar(20) CHARACTER SET utf8 COLLATE utf8_general_ci DEFAULT NULL COMMENT '登录人',
  `client_ip` varchar(20) CHARACTER SET utf8 COLLATE utf8_general_ci DEFAULT NULL COMMENT '登录ip',
  `browser` varchar(50) CHARACTER SET utf8 COLLATE utf8_general_ci DEFAULT NULL COMMENT '浏览器',
  `os_info` varchar(200) CHARACTER SET utf8 COLLATE utf8_general_ci DEFAULT NULL COMMENT '操作系统信息',
  `create_at` bigint(20) DEFAULT NULL COMMENT '创建日期（登录）',
  `update_at` bigint(20) DEFAULT NULL COMMENT '修改日期',
  PRIMARY KEY (`id`) USING BTREE
) ENGINE=InnoDB DEFAULT CHARSET=utf8 ROW_FORMAT=COMPACT COMMENT='基础板块/用户登录日志';

-- ----------------------------
-- Records of ba_login_log
-- ----------------------------
BEGIN;
INSERT INTO `ba_login_log` VALUES ('1140925674221580290', '1353259235236756534', '127.0.0.1', 'Unknown', 'Unknown', 1560852852054, 1560852852055);
INSERT INTO `ba_login_log` VALUES ('1140926060332429314', '1353259235236756534', '127.0.0.1', 'Chrome', 'Mac OS X', 1560852944794, 1560852944794);
INSERT INTO `ba_login_log` VALUES ('1140932976089608194', '1353259235236756534', '127.0.0.1', 'Chrome', 'Mac OS X', 1560854593274, 1560854593274);
INSERT INTO `ba_login_log` VALUES ('1140933923603853313', '1353259235236756534', '127.0.0.1', 'Chrome', 'Mac OS X', 1560854819533, 1560854819534);
INSERT INTO `ba_login_log` VALUES ('1140983783610707969', '1353259235236756534', '127.0.0.1', 'Chrome', 'Mac OS X', 1560866706398, 1560866706399);
INSERT INTO `ba_login_log` VALUES ('1140983822315745282', '1353259235236756534', '127.0.0.1', 'Chrome', 'Mac OS X', 1560866716327, 1560866716327);
INSERT INTO `ba_login_log` VALUES ('1140984136343285762', '1353259235236756534', '127.0.0.1', 'Chrome', 'Mac OS X', 1560866791206, 1560866791206);
INSERT INTO `ba_login_log` VALUES ('1140984194581196802', '1353259235236756534', '127.0.0.1', 'Chrome', 'Mac OS X', 1560866805085, 1560866805085);
INSERT INTO `ba_login_log` VALUES ('1140984396855701505', '1353259235236756534', '127.0.0.1', 'Chrome', 'Mac OS X', 1560866853302, 1560866853302);
INSERT INTO `ba_login_log` VALUES ('1140984787790000129', '1353259235236756534', '127.0.0.1', 'Chrome', 'Mac OS X', 1560866946530, 1560866946530);
INSERT INTO `ba_login_log` VALUES ('1140985270483087362', '1353259235236756534', '127.0.0.1', 'Chrome', 'Mac OS X', 1560867061609, 1560867061609);
INSERT INTO `ba_login_log` VALUES ('1140985823342686210', '1353259235236756534', '127.0.0.1', 'Chrome', 'Mac OS X', 1560867193402, 1560867193403);
INSERT INTO `ba_login_log` VALUES ('1141665963043266561', '1353259235236756534', '127.0.0.1', 'Chrome', 'Mac OS X', 1561029348171, 1561029348172);
INSERT INTO `ba_login_log` VALUES ('1141666101866340354', '1353259235236756534', '127.0.0.1', 'Chrome', 'Mac OS X', 1561029384441, 1561029384441);
INSERT INTO `ba_login_log` VALUES ('1141666274172542977', '1353259235236756534', '127.0.0.1', 'Chrome', 'Mac OS X', 1561029425508, 1561029425508);
INSERT INTO `ba_login_log` VALUES ('1141679795631366145', '1353259235236756534', '127.0.0.1', 'Chrome', 'Mac OS X', 1561032649125, 1561032649125);
INSERT INTO `ba_login_log` VALUES ('1141681630517731329', '1353259235236756534', '127.0.0.1', 'Chrome', 'Mac OS X', 1561033086754, 1561033086754);
INSERT INTO `ba_login_log` VALUES ('1141703721346473986', '1353259235236756534', '127.0.0.1', 'Chrome', 'Mac OS X', 1561038353124, 1561038353124);
INSERT INTO `ba_login_log` VALUES ('1141704085730828289', '1353259235236756534', '127.0.0.1', 'Chrome', 'Mac OS X', 1561038440493, 1561038440493);
INSERT INTO `ba_login_log` VALUES ('1141707299142311938', '1353259235236756534', '127.0.0.1', 'Chrome', 'Mac OS X', 1561039206578, 1561039206581);
INSERT INTO `ba_login_log` VALUES ('1141741185578635266', '1353259235236756534', '127.0.0.1', 'Chrome', 'Mac OS X', 1561047284484, 1561047284484);
INSERT INTO `ba_login_log` VALUES ('1141741236757532673', '1353259235236756534', '127.0.0.1', 'Chrome', 'Mac OS X', 1561047297998, 1561047297998);
INSERT INTO `ba_login_log` VALUES ('1141741281544310786', '1353259235236756534', '127.0.0.1', 'Chrome', 'Mac OS X', 1561047308689, 1561047308689);
INSERT INTO `ba_login_log` VALUES ('1141754721088360450', '1353259235236756534', '127.0.0.1', 'Chrome', 'Mac OS X', 1561050512034, 1561050512035);
INSERT INTO `ba_login_log` VALUES ('1141754796128653314', '1353259235236756534', '127.0.0.1', 'Chrome', 'Mac OS X', 1561050530798, 1561050530798);
INSERT INTO `ba_login_log` VALUES ('1141754839682306050', '1353259235236756534', '127.0.0.1', 'Chrome', 'Mac OS X', 1561050541159, 1561050541159);
INSERT INTO `ba_login_log` VALUES ('1141754897513369601', '1353259235236756534', '127.0.0.1', 'Chrome', 'Mac OS X', 1561050554994, 1561050554994);
INSERT INTO `ba_login_log` VALUES ('1141757471486431234', '1353259235236756534', '127.0.0.1', 'Chrome', 'Mac OS X', 1561051168542, 1561051168543);
INSERT INTO `ba_login_log` VALUES ('1141757606140366850', '1353259235236756534', '127.0.0.1', 'Chrome', 'Mac OS X', 1561051200773, 1561051200773);
INSERT INTO `ba_login_log` VALUES ('1141759002642296834', '1353259235236756534', '127.0.0.1', 'Chrome', 'Mac OS X', 1561051532562, 1561051532562);
INSERT INTO `ba_login_log` VALUES ('1141759013857865729', '1353259235236756534', '127.0.0.1', 'Chrome', 'Mac OS X', 1561051536404, 1561051536404);
INSERT INTO `ba_login_log` VALUES ('1141760474843000834', '1353259235236756534', '127.0.0.1', 'Chrome', 'Mac OS X', 1561051884710, 1561051884711);
INSERT INTO `ba_login_log` VALUES ('1141765873860161538', '1353259235236756534', '127.0.0.1', 'Unknown', 'Unknown', 1561053171622, 1561053171622);
INSERT INTO `ba_login_log` VALUES ('1141766239293091841', '1353259235236756534', '127.0.0.1', 'Unknown', 'Unknown', 1561053259059, 1561053259059);
INSERT INTO `ba_login_log` VALUES ('1141942065963827201', '1353259235236756534', '127.0.0.1', 'Chrome', 'Mac OS X', 1561095178276, 1561095178276);
INSERT INTO `ba_login_log` VALUES ('1141942614155165698', '1353259235236756534', '127.0.0.1', 'Chrome', 'Mac OS X', 1561095310120, 1561095310120);
INSERT INTO `ba_login_log` VALUES ('1141942962072682497', '1353259235236756534', '127.0.0.1', 'Chrome', 'Mac OS X', 1561095393060, 1561095393060);
INSERT INTO `ba_login_log` VALUES ('1141948155032076289', '1353259235236756534', '127.0.0.1', 'Chrome', 'Mac OS X', 1561096631046, 1561096631046);
INSERT INTO `ba_login_log` VALUES ('1141956878173569025', '1353259235236756534', '127.0.0.1', 'Chrome', 'Mac OS X', 1561098710795, 1561098710795);
INSERT INTO `ba_login_log` VALUES ('1142318947444031490', '1353259235236756534', '本地', 'Unknown', 'Unknown', 1561185034597, 1561185034597);
INSERT INTO `ba_login_log` VALUES ('1142332889360887810', '1353259235236756534', '本地', 'Unknown', 'Unknown', 1561188353101, 1561188353101);
INSERT INTO `ba_login_log` VALUES ('1142373766011678722', '1353259235236756534', '127.0.0.1', 'Chrome', 'Mac OS X', 1561198102984, 1561198102984);
INSERT INTO `ba_login_log` VALUES ('1142373897062707202', '1353259235236756534', '127.0.0.1', 'Chrome', 'Mac OS X', 1561198135978, 1561198135978);
INSERT INTO `ba_login_log` VALUES ('1142389875276378113', '1353259235236756534', '127.0.0.1', 'Chrome', 'Mac OS X', 1561201945459, 1561201945459);
INSERT INTO `ba_login_log` VALUES ('1142389926354612226', '1353259235236756534', '127.0.0.1', 'Chrome', 'Mac OS X', 1561201957640, 1561201957641);
INSERT INTO `ba_login_log` VALUES ('1142390019166171138', '1353259235236756534', '127.0.0.1', 'Chrome', 'Mac OS X', 1561201979771, 1561201979771);
INSERT INTO `ba_login_log` VALUES ('1142407434637799425', '1353259235236756534', '127.0.0.1', 'Chrome', 'Mac OS X', 1561206131781, 1561206131781);
INSERT INTO `ba_login_log` VALUES ('1142462943688519681', '1353259235236756534', '127.0.0.1', 'Chrome', 'Mac OS X', 1561219366115, 1561219366116);
INSERT INTO `ba_login_log` VALUES ('1142480591130324994', '1353259235236756534', '127.0.0.1', 'Chrome', 'Mac OS X', 1561223573598, 1561223573598);
INSERT INTO `ba_login_log` VALUES ('1142480635535421441', '1353259235236756534', '127.0.0.1', 'Chrome', 'Mac OS X', 1561223584371, 1561223584371);
INSERT INTO `ba_login_log` VALUES ('1142481174457348098', '1353259235236756534', '127.0.0.1', 'Chrome', 'Mac OS X', 1561223712891, 1561223712891);
INSERT INTO `ba_login_log` VALUES ('1142487418979041282', '1353259235236756534', '127.0.0.1', 'Chrome', 'Mac OS X', 1561225198461, 1561225198462);
INSERT INTO `ba_login_log` VALUES ('1142487493960613889', '1353259235236756534', '127.0.0.1', 'Chrome', 'Mac OS X', 1561225219568, 1561225219568);
INSERT INTO `ba_login_log` VALUES ('1142487560712962049', '1353259235236756534', '127.0.0.1', 'Chrome', 'Mac OS X', 1561225235498, 1561225235498);
INSERT INTO `ba_login_log` VALUES ('1145722138458128386', '1353259235236756534', '127.0.0.1', 'Chrome', 'Mac OS X', 1561996418003, 1561996418004);
INSERT INTO `ba_login_log` VALUES ('1145751130498203649', '1353259235236756534', '127.0.0.1', 'Chrome', 'Mac OS X', 1562003329872, 1562003329874);
INSERT INTO `ba_login_log` VALUES ('1145751148525322241', '1353259235236756534', '127.0.0.1', 'Chrome', 'Mac OS X', 1562003335460, 1562003335460);
INSERT INTO `ba_login_log` VALUES ('1145751186886426626', '1353259235236756534', '127.0.0.1', 'Chrome', 'Mac OS X', 1562003344564, 1562003344564);
INSERT INTO `ba_login_log` VALUES ('1145751243379507202', '1353259235236756534', '127.0.0.1', 'Chrome', 'Mac OS X', 1562003358050, 1562003358050);
INSERT INTO `ba_login_log` VALUES ('1145752926360764417', '1353259235236756534', '127.0.0.1', 'Chrome', 'Mac OS X', 1562003759249, 1562003759251);
INSERT INTO `ba_login_log` VALUES ('1145906031140339713', '1353259235236756534', '本地', 'Chrome', 'Mac OS X', 1562040260860, 1562040260860);
INSERT INTO `ba_login_log` VALUES ('1145913324191911937', '1353259235236756534', '本地', 'Chrome', 'Mac OS X', 1562041999876, 1562041999877);
INSERT INTO `ba_login_log` VALUES ('1145913409688604674', '1353259235236756534', '本地', 'Chrome', 'Mac OS X', 1562042021528, 1562042021528);
INSERT INTO `ba_login_log` VALUES ('1145925988691542017', '1353259235236756534', '本地', 'Chrome', 'Mac OS X', 1562045019574, 1562045019574);
INSERT INTO `ba_login_log` VALUES ('1153236280156905474', '1353259235236756534', '本地', 'Chrome', 'Mac OS X', 1563787929135, 1563787929135);
INSERT INTO `ba_login_log` VALUES ('1157189967292219394', '1353259235236756534', '本地', 'Chrome', 'Mac OS X', 1564730562078, 1564730562078);
INSERT INTO `ba_login_log` VALUES ('1157201800765980673', '1353259235236756534', '本地', 'Chrome', 'Mac OS X', 1564733383721, 1564733383721);
INSERT INTO `ba_login_log` VALUES ('1157202116903256065', '1353259235236756534', '本地', 'Chrome', 'Mac OS X', 1564733459095, 1564733459095);
INSERT INTO `ba_login_log` VALUES ('1157202200000806913', '1353259235236756534', '本地', 'Chrome', 'Mac OS X', 1564733478908, 1564733478908);
INSERT INTO `ba_login_log` VALUES ('1157208131459694594', '1353259235236756534', '本地', 'Chrome', 'Mac OS X', 1564734893067, 1564734893067);
INSERT INTO `ba_login_log` VALUES ('1157246798421094401', '1353259235236756534', '本地', 'Chrome', 'Mac OS X', 1564744111790, 1564744111790);
INSERT INTO `ba_login_log` VALUES ('1157248710625234945', '1353259235236756534', '本地', 'Chrome', 'Mac OS X', 1564744567494, 1564744567494);
INSERT INTO `ba_login_log` VALUES ('1157275124569268226', '1353259235236756534', '本地', 'Chrome', 'Mac OS X', 1564750865178, 1564750865178);
INSERT INTO `ba_login_log` VALUES ('1157480549478621185', '1353259235236756534', '本地', 'Chrome', 'Mac OS X', 1564799842344, 1564799842344);
INSERT INTO `ba_login_log` VALUES ('1157509895887069186', '1353259235236756534', '本地', 'Chrome', 'Mac OS X', 1564806839036, 1564806839037);
INSERT INTO `ba_login_log` VALUES ('1157537957483716609', '1353259235236756534', '本地', 'Chrome', 'Mac OS X', 1564813529435, 1564813529435);
INSERT INTO `ba_login_log` VALUES ('1157554714009202689', '1353259235236756534', '本地', 'Chrome', 'Mac OS X', 1564817520768, 1564817520768);
INSERT INTO `ba_login_log` VALUES ('1157556235404898306', '1353259235236756534', '本地', 'Chrome', 'Mac OS X', 1564817882671, 1564817882671);
INSERT INTO `ba_login_log` VALUES ('1157556539001204738', '1353259235236756534', '本地', 'Chrome', 'Mac OS X', 1564817949368, 1564817949368);
INSERT INTO `ba_login_log` VALUES ('1157558154248617985', '1353259235236756534', '本地', 'Chrome', 'Mac OS X', 1564818344757, 1564818344757);
INSERT INTO `ba_login_log` VALUES ('1157769243569774593', '1353259235236756534', '本地', 'Chrome', 'Mac OS X', 1564868672311, 1564868672311);
INSERT INTO `ba_login_log` VALUES ('1157769440207134722', '1353259235236756534', '本地', 'Chrome', 'Mac OS X', 1564868719511, 1564868719511);
INSERT INTO `ba_login_log` VALUES ('1157770272541597697', '1353259235236756534', '本地', 'Chrome', 'Mac OS X', 1564868917955, 1564868917955);
INSERT INTO `ba_login_log` VALUES ('1157928423534379010', '1353259235236756534', '本地', 'Chrome', 'Mac OS X', 1564906624008, 1564906624008);
INSERT INTO `ba_login_log` VALUES ('1157958499349114882', '1353259235236756534', '本地', 'Chrome', 'Mac OS X', 1564913794281, 1564913794282);
COMMIT;

-- ----------------------------
-- Table structure for ba_opt_log
-- ----------------------------
DROP TABLE IF EXISTS `ba_opt_log`;
CREATE TABLE `ba_opt_log` (
  `id` varchar(20) CHARACTER SET utf8 COLLATE utf8_general_ci NOT NULL COMMENT '日志表',
  `user_id` varchar(20) CHARACTER SET utf8 COLLATE utf8_general_ci DEFAULT NULL COMMENT '操作人',
  `client_ip` varchar(20) CHARACTER SET utf8 COLLATE utf8_general_ci DEFAULT NULL COMMENT '操作ip',
  `type` int(2) DEFAULT NULL COMMENT '操作类型（1：增，2：删，3：改）',
  `browser` varchar(50) CHARACTER SET utf8 COLLATE utf8_general_ci DEFAULT NULL COMMENT '浏览器',
  `os_info` varchar(200) CHARACTER SET utf8 COLLATE utf8_general_ci DEFAULT NULL COMMENT '操作系统信息',
  `method` varchar(255) CHARACTER SET utf8 COLLATE utf8_general_ci DEFAULT NULL COMMENT '操作方法名称',
  `params` varchar(4000) CHARACTER SET utf8 COLLATE utf8_general_ci DEFAULT NULL COMMENT '操作方法的参数（json）',
  `exception_detail` varchar(2000) CHARACTER SET utf8 COLLATE utf8_general_ci DEFAULT NULL COMMENT '异常详情',
  `create_at` bigint(20) DEFAULT NULL COMMENT '创建日期（操作）',
  `update_at` bigint(20) DEFAULT NULL COMMENT '修改日期',
  PRIMARY KEY (`id`) USING BTREE
) ENGINE=InnoDB DEFAULT CHARSET=utf8 ROW_FORMAT=COMPACT COMMENT='基础板块/用户操作日志';

-- ----------------------------
-- Records of ba_opt_log
-- ----------------------------
BEGIN;
INSERT INTO `ba_opt_log` VALUES ('1157660486592466945', '1353259235236756534', '本地', 3, 'Chrome', 'Mac OS X', 'com.youyd.article.controller.backstage.SaArticleController.updateByPrimaryKeySelective()', NULL, NULL, 1564842742858, 1564842742858);
INSERT INTO `ba_opt_log` VALUES ('1157672932308783105', '1353259235236756534', '本地', 3, 'Chrome', 'Mac OS X', 'com.youyd.user.controller.UserController.updateByPrimaryKey()', NULL, NULL, 1564845709718, 1564845709718);
INSERT INTO `ba_opt_log` VALUES ('1157673020611465218', '1353259235236756534', '本地', 3, 'Chrome', 'Mac OS X', 'com.youyd.user.controller.UserController.updateByPrimaryKey()', NULL, NULL, 1564845731291, 1564845731291);
INSERT INTO `ba_opt_log` VALUES ('1157673045332692994', '1353259235236756534', '本地', 3, 'Chrome', 'Mac OS X', 'com.youyd.user.controller.UserController.updateByPrimaryKey()', NULL, NULL, 1564845737185, 1564845737185);
INSERT INTO `ba_opt_log` VALUES ('1157673099032367106', '1353259235236756534', '本地', 3, 'Chrome', 'Mac OS X', 'com.youyd.user.controller.UserController.updateByPrimaryKey()', NULL, NULL, 1564845749988, 1564845749988);
INSERT INTO `ba_opt_log` VALUES ('1157674711859695618', '1353259235236756534', '本地', 3, 'Chrome', 'Mac OS X', 'com.youyd.user.controller.UserController.updateByPrimaryKey()', NULL, NULL, 1564846134517, 1564846134517);
INSERT INTO `ba_opt_log` VALUES ('1157677799039406081', '1353259235236756534', '本地', 3, 'Chrome', 'Mac OS X', 'com.youyd.user.controller.UserController.updateByPrimaryKey()', NULL, NULL, 1564846870559, 1564846870559);
INSERT INTO `ba_opt_log` VALUES ('1157677847835938817', '1353259235236756534', '本地', 3, 'Chrome', 'Mac OS X', 'com.youyd.user.controller.UserController.updateByPrimaryKey()', NULL, NULL, 1564846882190, 1564846882190);
INSERT INTO `ba_opt_log` VALUES ('1157770103125270529', '1353259235236756534', '本地', 1, 'Chrome', 'Mac OS X', 'com.youyd.article.controller.backstage.SaArticleController.insertArticle()', NULL, NULL, 1564868877092, 1564868877092);
INSERT INTO `ba_opt_log` VALUES ('1157966178549313538', '1353259235236756534', '本地', 3, 'Chrome', 'Mac OS X', 'com.youyd.user.controller.RoleController.updateByPrimaryKey()', NULL, NULL, 1564915624897, 1564915624897);
INSERT INTO `ba_opt_log` VALUES ('1157966233926709249', '1353259235236756534', '本地', 3, 'Chrome', 'Mac OS X', 'com.youyd.user.controller.RoleController.updateByPrimaryKey()', NULL, NULL, 1564915638794, 1564915638794);
INSERT INTO `ba_opt_log` VALUES ('1157966298967781378', '1353259235236756534', '本地', 3, 'Chrome', 'Mac OS X', 'com.youyd.user.controller.RoleController.updateByPrimaryKey()', NULL, NULL, 1564915654301, 1564915654301);
INSERT INTO `ba_opt_log` VALUES ('1157966479603871746', '1353259235236756534', '本地', 3, 'Chrome', 'Mac OS X', 'com.youyd.user.controller.RoleController.updateByPrimaryKey()', NULL, NULL, 1564915697368, 1564915697368);
INSERT INTO `ba_opt_log` VALUES ('1157967670417108994', '1353259235236756534', '本地', 3, 'Chrome', 'Mac OS X', 'com.youyd.user.controller.RoleController.updateByPrimaryKey()', NULL, NULL, 1564915981280, 1564915981280);
INSERT INTO `ba_opt_log` VALUES ('1157967744798896129', '1353259235236756534', '本地', 3, 'Chrome', 'Mac OS X', 'com.youyd.user.controller.RoleController.updateByPrimaryKey()', NULL, NULL, 1564915998978, 1564915998978);
INSERT INTO `ba_opt_log` VALUES ('1157967746300456962', '临时用户', '本地', NULL, 'Chrome', 'Mac OS X', 'com.youyd.user.controller.RoleController.updateByPrimaryKey()', NULL, 'org.springframework.jdbc.UncategorizedSQLException:--->\n### Error updating database.  Cause: java.sql.SQLException: sql injection violation, syntax error: syntax error, expect \')\', pos 73, line 2, column 16, token EOF : INSERT INTO us_role_menu(`id`, `us_role_id`, `us_menu_id`)\n        VALUES\n### SQL: INSERT INTO us_role_menu(`id`, `us_role_id`, `us_menu_id`)         VALUES\n### Cause: java.sql.SQLException: sql injection violation, syntax error: syntax error, expect \')\', pos 73, line 2, column 16, token EOF : INSERT INTO us_role_menu(`id`, `us_role_id`, `us_menu_id`)\n        VALUES\n; uncategorized SQLException; SQL state [null]; error code [0]; sql injection violation, syntax error: syntax error, expect \')\', pos 73, line 2, column 16, token EOF : INSERT INTO us_role_menu(`id`, `us_role_id`, `us_menu_id`)\n        VALUES; nested exception is java.sql.SQLException: sql injection violation, syntax error: syntax error, expect \')\', pos 73, line 2, column 16, token EOF : INSERT INTO us_role_menu(`id`, `us_role_id`, `us_menu_id`)\n        VALUES', 1564915999368, 1564915999368);
INSERT INTO `ba_opt_log` VALUES ('1157967775606059009', '1353259235236756534', '本地', 3, 'Chrome', 'Mac OS X', 'com.youyd.user.controller.RoleController.updateByPrimaryKey()', NULL, NULL, 1564916006357, 1564916006357);
INSERT INTO `ba_opt_log` VALUES ('1157967776918876162', '临时用户', '本地', NULL, 'Chrome', 'Mac OS X', 'com.youyd.user.controller.RoleController.updateByPrimaryKey()', NULL, 'org.springframework.jdbc.UncategorizedSQLException:--->\n### Error updating database.  Cause: java.sql.SQLException: sql injection violation, syntax error: syntax error, expect \')\', pos 73, line 2, column 16, token EOF : INSERT INTO us_role_menu(`id`, `us_role_id`, `us_menu_id`)\n        VALUES\n### SQL: INSERT INTO us_role_menu(`id`, `us_role_id`, `us_menu_id`)         VALUES\n### Cause: java.sql.SQLException: sql injection violation, syntax error: syntax error, expect \')\', pos 73, line 2, column 16, token EOF : INSERT INTO us_role_menu(`id`, `us_role_id`, `us_menu_id`)\n        VALUES\n; uncategorized SQLException; SQL state [null]; error code [0]; sql injection violation, syntax error: syntax error, expect \')\', pos 73, line 2, column 16, token EOF : INSERT INTO us_role_menu(`id`, `us_role_id`, `us_menu_id`)\n        VALUES; nested exception is java.sql.SQLException: sql injection violation, syntax error: syntax error, expect \')\', pos 73, line 2, column 16, token EOF : INSERT INTO us_role_menu(`id`, `us_role_id`, `us_menu_id`)\n        VALUES', 1564916006670, 1564916006670);
INSERT INTO `ba_opt_log` VALUES ('1157967847592898562', '1353259235236756534', '本地', 3, 'Chrome', 'Mac OS X', 'com.youyd.user.controller.RoleController.updateByPrimaryKey()', NULL, NULL, 1564916023523, 1564916023523);
INSERT INTO `ba_opt_log` VALUES ('1157967993374322690', '1353259235236756534', '本地', 3, 'Chrome', 'Mac OS X', 'com.youyd.user.controller.RoleController.updateByPrimaryKey()', NULL, NULL, 1564916058275, 1564916058275);
INSERT INTO `ba_opt_log` VALUES ('1157968041969528833', '临时用户', '本地', NULL, 'Chrome', 'Mac OS X', 'com.youyd.user.controller.RoleController.updateByPrimaryKey()', NULL, 'org.springframework.transaction.TransactionTimedOutException:--->Transaction timed out: deadline was Sun Aug 04 18:54:23 CST 2019', 1564916069864, 1564916069864);
INSERT INTO `ba_opt_log` VALUES ('1157971853857861634', '1353259235236756534', '本地', 3, 'Chrome', 'Mac OS X', 'com.youyd.user.controller.RoleController.updateByPrimaryKey()', NULL, NULL, 1564916978688, 1564916978688);
INSERT INTO `ba_opt_log` VALUES ('1157971895842844674', '1353259235236756534', '本地', 3, 'Chrome', 'Mac OS X', 'com.youyd.user.controller.RoleController.updateByPrimaryKey()', NULL, NULL, 1564916988700, 1564916988700);
INSERT INTO `ba_opt_log` VALUES ('1157971939585241090', '1353259235236756534', '本地', 3, 'Chrome', 'Mac OS X', 'com.youyd.user.controller.RoleController.updateByPrimaryKey()', NULL, NULL, 1564916999127, 1564916999127);
INSERT INTO `ba_opt_log` VALUES ('1157971941074219010', '临时用户', '本地', NULL, 'Chrome', 'Mac OS X', 'com.youyd.user.controller.RoleController.updateByPrimaryKey()', NULL, 'org.springframework.jdbc.UncategorizedSQLException:--->\n### Error updating database.  Cause: java.sql.SQLException: sql injection violation, syntax error: syntax error, expect \')\', pos 73, line 2, column 16, token EOF : INSERT INTO us_role_menu(`id`, `us_role_id`, `us_menu_id`)\n        VALUES\n### SQL: INSERT INTO us_role_menu(`id`, `us_role_id`, `us_menu_id`)         VALUES\n### Cause: java.sql.SQLException: sql injection violation, syntax error: syntax error, expect \')\', pos 73, line 2, column 16, token EOF : INSERT INTO us_role_menu(`id`, `us_role_id`, `us_menu_id`)\n        VALUES\n; uncategorized SQLException; SQL state [null]; error code [0]; sql injection violation, syntax error: syntax error, expect \')\', pos 73, line 2, column 16, token EOF : INSERT INTO us_role_menu(`id`, `us_role_id`, `us_menu_id`)\n        VALUES; nested exception is java.sql.SQLException: sql injection violation, syntax error: syntax error, expect \')\', pos 73, line 2, column 16, token EOF : INSERT INTO us_role_menu(`id`, `us_role_id`, `us_menu_id`)\n        VALUES', 1564916999478, 1564916999478);
INSERT INTO `ba_opt_log` VALUES ('1157975035858202626', '1353259235236756534', '本地', 3, 'Chrome', 'Mac OS X', 'com.youyd.user.controller.RoleController.updateByPrimaryKey()', NULL, NULL, 1564917737335, 1564917737335);
INSERT INTO `ba_opt_log` VALUES ('1157975082251399170', '1353259235236756534', '本地', 3, 'Chrome', 'Mac OS X', 'com.youyd.user.controller.RoleController.updateByPrimaryKey()', NULL, NULL, 1564917748398, 1564917748398);
INSERT INTO `ba_opt_log` VALUES ('1157975784575021057', '1353259235236756534', '本地', 3, 'Chrome', 'Mac OS X', 'com.youyd.user.controller.RoleController.updateByPrimaryKey()', NULL, NULL, 1564917915845, 1564917915845);
INSERT INTO `ba_opt_log` VALUES ('1157976096266334210', '1353259235236756534', '本地', 3, 'Chrome', 'Mac OS X', 'com.youyd.user.controller.RoleController.updateByPrimaryKey()', NULL, NULL, 1564917990155, 1564917990155);
INSERT INTO `ba_opt_log` VALUES ('1157976155531849730', '1353259235236756534', '本地', 3, 'Chrome', 'Mac OS X', 'com.youyd.user.controller.RoleController.updateByPrimaryKey()', NULL, NULL, 1564918004290, 1564918004290);
INSERT INTO `ba_opt_log` VALUES ('1157976203585990658', '1353259235236756534', '本地', 3, 'Chrome', 'Mac OS X', 'com.youyd.user.controller.RoleController.updateByPrimaryKey()', NULL, NULL, 1564918015747, 1564918015747);
INSERT INTO `ba_opt_log` VALUES ('1158064801840705538', '1353259235236756534', '本地', 3, 'Chrome', 'Mac OS X', 'com.youyd.user.controller.ProfileController.updateByPrimaryKey()', NULL, NULL, 1564939138423, 1564939138423);
INSERT INTO `ba_opt_log` VALUES ('1158065074030063617', '1353259235236756534', '本地', 3, 'Chrome', 'Mac OS X', 'com.youyd.user.controller.ProfileController.updateByPrimaryKey()', NULL, NULL, 1564939204105, 1564939204105);
INSERT INTO `ba_opt_log` VALUES ('1158065678487990273', '1353259235236756534', '本地', 3, 'Chrome', 'Mac OS X', 'com.youyd.user.controller.ProfileController.updateByPrimaryKey()', NULL, NULL, 1564939348221, 1564939348221);
INSERT INTO `ba_opt_log` VALUES ('1158065735333392385', '1353259235236756534', '本地', 3, 'Chrome', 'Mac OS X', 'com.youyd.user.controller.ProfileController.updateByPrimaryKey()', NULL, NULL, 1564939361775, 1564939361775);
INSERT INTO `ba_opt_log` VALUES ('1158065755013066753', '1353259235236756534', '本地', 3, 'Chrome', 'Mac OS X', 'com.youyd.user.controller.ProfileController.updateByPrimaryKey()', NULL, NULL, 1564939366464, 1564939366464);
INSERT INTO `ba_opt_log` VALUES ('1158065771098222594', '1353259235236756534', '本地', 3, 'Chrome', 'Mac OS X', 'com.youyd.user.controller.ProfileController.updateByPrimaryKey()', NULL, NULL, 1564939370301, 1564939370301);
INSERT INTO `ba_opt_log` VALUES ('1158065796171771905', '1353259235236756534', '本地', 3, 'Chrome', 'Mac OS X', 'com.youyd.user.controller.ProfileController.updateByPrimaryKey()', NULL, NULL, 1564939376262, 1564939376262);
INSERT INTO `ba_opt_log` VALUES ('1158066087365521410', '1353259235236756534', '本地', 3, 'Chrome', 'Mac OS X', 'com.youyd.user.controller.ProfileController.updateByPrimaryKey()', NULL, NULL, 1564939445708, 1564939445708);
INSERT INTO `ba_opt_log` VALUES ('1158066104704774146', '1353259235236756534', '本地', 3, 'Chrome', 'Mac OS X', 'com.youyd.user.controller.ProfileController.updateByPrimaryKey()', NULL, NULL, 1564939449831, 1564939449831);
INSERT INTO `ba_opt_log` VALUES ('1158066121658150913', '1353259235236756534', '本地', 3, 'Chrome', 'Mac OS X', 'com.youyd.user.controller.ProfileController.updateByPrimaryKey()', NULL, NULL, 1564939453883, 1564939453883);
INSERT INTO `ba_opt_log` VALUES ('1158066134593384449', '1353259235236756534', '本地', 3, 'Chrome', 'Mac OS X', 'com.youyd.user.controller.ProfileController.updateByPrimaryKey()', NULL, NULL, 1564939456966, 1564939456966);
INSERT INTO `ba_opt_log` VALUES ('1158066149164396545', '1353259235236756534', '本地', 3, 'Chrome', 'Mac OS X', 'com.youyd.user.controller.ProfileController.updateByPrimaryKey()', NULL, NULL, 1564939460441, 1564939460441);
INSERT INTO `ba_opt_log` VALUES ('1158066163559247873', '1353259235236756534', '本地', 3, 'Chrome', 'Mac OS X', 'com.youyd.user.controller.ProfileController.updateByPrimaryKey()', NULL, NULL, 1564939463874, 1564939463874);
INSERT INTO `ba_opt_log` VALUES ('1158066335018201089', '1353259235236756534', '本地', 3, 'Chrome', 'Mac OS X', 'com.youyd.user.controller.ProfileController.updateByPrimaryKey()', NULL, NULL, 1564939504751, 1564939504751);
INSERT INTO `ba_opt_log` VALUES ('1158066539763150850', '1353259235236756534', '本地', 3, 'Chrome', 'Mac OS X', 'com.youyd.user.controller.ProfileController.updateByPrimaryKey()', NULL, NULL, 1564939553567, 1564939553567);
INSERT INTO `ba_opt_log` VALUES ('1158066622919421954', '1353259235236756534', '本地', 3, 'Chrome', 'Mac OS X', 'com.youyd.user.controller.ProfileController.updateByPrimaryKey()', NULL, NULL, 1564939573393, 1564939573393);
COMMIT;

-- ----------------------------
-- Table structure for my_dept
-- ----------------------------
DROP TABLE IF EXISTS `my_dept`;
CREATE TABLE `my_dept` (
  `deptno` int(11) NOT NULL,
  `dname` varchar(50) CHARACTER SET utf8 COLLATE utf8_general_ci DEFAULT NULL,
  `loc` varchar(50) CHARACTER SET utf8 COLLATE utf8_general_ci DEFAULT NULL,
  PRIMARY KEY (`deptno`) USING BTREE
) ENGINE=InnoDB DEFAULT CHARSET=utf8 ROW_FORMAT=COMPACT;

-- ----------------------------
-- Records of my_dept
-- ----------------------------
BEGIN;
INSERT INTO `my_dept` VALUES (10, '教研部', '北京');
INSERT INTO `my_dept` VALUES (20, '学工部', '上海');
INSERT INTO `my_dept` VALUES (30, '销售部', '广州');
INSERT INTO `my_dept` VALUES (40, '财务部', '武汉');
COMMIT;

-- ----------------------------
-- Table structure for my_emp
-- ----------------------------
DROP TABLE IF EXISTS `my_emp`;
CREATE TABLE `my_emp` (
  `empno` int(11) NOT NULL,
  `ename` varchar(50) CHARACTER SET utf8 COLLATE utf8_general_ci DEFAULT NULL,
  `jo_b` varchar(50) CHARACTER SET utf8 COLLATE utf8_general_ci DEFAULT NULL,
  `mgr` int(11) DEFAULT NULL,
  `hiredate` date DEFAULT NULL,
  `sal` decimal(7,2) DEFAULT NULL,
  `COMM` decimal(7,2) DEFAULT NULL,
  `deptno` int(11) DEFAULT NULL,
  PRIMARY KEY (`empno`) USING BTREE,
  KEY `fk_emp` (`mgr`) USING BTREE,
  KEY `emp_deptno` (`deptno`) USING BTREE,
  CONSTRAINT `emp_deptno` FOREIGN KEY (`deptno`) REFERENCES `my_dept` (`deptno`) ON DELETE RESTRICT ON UPDATE RESTRICT,
  CONSTRAINT `fk_emp` FOREIGN KEY (`mgr`) REFERENCES `my_emp` (`empno`) ON DELETE RESTRICT ON UPDATE RESTRICT
) ENGINE=InnoDB DEFAULT CHARSET=utf8 ROW_FORMAT=COMPACT;

-- ----------------------------
-- Records of my_emp
-- ----------------------------
BEGIN;
INSERT INTO `my_emp` VALUES (1001, '甘宁', '文员', 1013, '2000-12-17', 8000.00, NULL, 20);
INSERT INTO `my_emp` VALUES (1002, '黛绮丝', '销售员', 1006, '2001-02-20', 16000.00, 3000.00, 30);
INSERT INTO `my_emp` VALUES (1003, '殷天正', '销售员', 1006, '2001-02-22', 12500.00, 5000.00, 30);
INSERT INTO `my_emp` VALUES (1004, '半混', '经理', 1009, '2001-04-02', 29750.00, NULL, 30);
INSERT INTO `my_emp` VALUES (1005, '谢逊', '销售员', 1006, '2001-09-28', 12500.00, 14000.00, 10);
INSERT INTO `my_emp` VALUES (1006, '关羽', '经理', 1009, '2001-05-01', 28500.00, NULL, 30);
INSERT INTO `my_emp` VALUES (1007, '张飞', '经理', 1009, '2001-09-01', 24500.00, NULL, 10);
INSERT INTO `my_emp` VALUES (1008, '半混', '分析师', 1004, '2007-04-19', 30000.00, NULL, 20);
INSERT INTO `my_emp` VALUES (1009, '曾阿牛', '董事长', NULL, '2001-11-17', 50000.00, NULL, 10);
INSERT INTO `my_emp` VALUES (1010, '韦一笑', '销售员', 1006, '2001-09-08', 15000.00, 0.00, 30);
INSERT INTO `my_emp` VALUES (1011, '周泰', '文员', 1008, '2007-05-23', 11000.00, NULL, 20);
INSERT INTO `my_emp` VALUES (1012, '程普', '文员', 1006, '2001-12-03', 9500.00, NULL, 30);
INSERT INTO `my_emp` VALUES (1013, '庞统', '分析师', 1004, '2001-12-03', 30000.00, 5845.00, 20);
COMMIT;

-- ----------------------------
-- Table structure for my_user
-- ----------------------------
DROP TABLE IF EXISTS `my_user`;
CREATE TABLE `my_user` (
  `id` decimal(65,30) NOT NULL COMMENT 'id',
  `name` varchar(255) CHARACTER SET utf8 COLLATE utf8_general_ci DEFAULT NULL,
  `age` decimal(65,30) DEFAULT NULL,
  PRIMARY KEY (`id`) USING BTREE
) ENGINE=InnoDB DEFAULT CHARSET=utf8 ROW_FORMAT=COMPACT;

-- ----------------------------
-- Records of my_user
-- ----------------------------
BEGIN;
INSERT INTO `my_user` VALUES (1.000000000000000000000000000000, '张三', 18.000000000000000000000000000000);
INSERT INTO `my_user` VALUES (2.000000000000000000000000000000, '李四', 20.000000000000000000000000000000);
INSERT INTO `my_user` VALUES (3.000000000000000000000000000000, '王五', 30.000000000000000000000000000000);
INSERT INTO `my_user` VALUES (4.000000000000000000000000000000, '张三', 18.000000000000000000000000000000);
INSERT INTO `my_user` VALUES (5.000000000000000000000000000000, '王五', 19.000000000000000000000000000000);
INSERT INTO `my_user` VALUES (6.000000000000000000000000000000, '张三', 20.000000000000000000000000000000);
COMMIT;

-- ----------------------------
-- Table structure for oauth_access_token
-- ----------------------------
DROP TABLE IF EXISTS `oauth_access_token`;
CREATE TABLE `oauth_access_token` (
  `token_id` varchar(256) DEFAULT NULL COMMENT 'MD5加密的access_token的值',
  `token` blob COMMENT 'OAuth2AccessToken.java对象序列化后的二进制数据',
  `authentication_id` varchar(256) DEFAULT NULL COMMENT 'MD5加密过的username,client_id,scope',
  `user_name` varchar(256) DEFAULT NULL COMMENT '登录的用户名',
  `client_id` varchar(256) DEFAULT NULL COMMENT '客户端ID',
  `authentication` blob COMMENT 'OAuth2Authentication.java对象序列化后的二进制数据',
  `refresh_token` varchar(256) DEFAULT NULL COMMENT 'MD5加密果的refresh_token的值'
) ENGINE=InnoDB DEFAULT CHARSET=utf8 COMMENT='访问令牌表';

-- ----------------------------
-- Table structure for oauth_approvals
-- ----------------------------
DROP TABLE IF EXISTS `oauth_approvals`;
CREATE TABLE `oauth_approvals` (
  `userid` varchar(256) DEFAULT NULL COMMENT '登录的用户名',
  `clientid` varchar(256) DEFAULT NULL COMMENT '客户端ID',
  `scope` varchar(256) DEFAULT NULL COMMENT '申请的权限',
  `status` varchar(10) DEFAULT NULL COMMENT '状态（Approve或Deny）',
  `expiresat` datetime DEFAULT NULL COMMENT '过期时间',
  `lastmodifiedat` datetime DEFAULT NULL COMMENT '最终修改时间'
) ENGINE=InnoDB DEFAULT CHARSET=utf8 COMMENT='授权记录表';

-- ----------------------------
-- Table structure for oauth_client_details
-- ----------------------------
DROP TABLE IF EXISTS `oauth_client_details`;
CREATE TABLE `oauth_client_details` (
  `client_id` varchar(256) NOT NULL COMMENT '客户端ID',
  `resource_ids` varchar(256) DEFAULT NULL COMMENT '资源ID集合,多个资源时用逗号(,)分隔',
  `client_secret` varchar(256) DEFAULT NULL COMMENT '客户端密匙',
  `scope` varchar(256) DEFAULT NULL COMMENT '客户端申请的权限范围',
  `authorized_grant_types` varchar(256) DEFAULT NULL COMMENT '客户端支持的grant_type',
  `web_server_redirect_uri` varchar(256) DEFAULT NULL COMMENT '重定向URI',
  `authorities` varchar(256) DEFAULT NULL COMMENT '客户端所拥有的Spring Security的权限值，多个用逗号(,)分隔',
  `access_token_validity` int(11) DEFAULT NULL COMMENT '访问令牌有效时间值(单位:秒)',
  `refresh_token_validity` int(11) DEFAULT NULL COMMENT '更新令牌有效时间值(单位:秒)',
  `additional_information` varchar(4096) DEFAULT NULL COMMENT '预留字段',
  `autoapprove` varchar(256) DEFAULT NULL COMMENT '用户是否自动Approval操作',
  PRIMARY KEY (`client_id`)
) ENGINE=InnoDB DEFAULT CHARSET=utf8 COMMENT='客户端信息';

-- ----------------------------
-- Records of oauth_client_details
-- ----------------------------
BEGIN;
INSERT INTO `oauth_client_details` VALUES ('app', NULL, 'app', 'app', 'password,refresh_token', NULL, NULL, NULL, NULL, NULL, NULL);
INSERT INTO `oauth_client_details` VALUES ('XcWebApp', NULL, '$2a$10$9bEpZ/hWRQxyr5hn5wHUj.jxFpIrnOmBcWlE/g/0Zp3uNxt9QTh/S', 'app', 'authorization_code,password,refresh_token,client_credentials', NULL, NULL, 43200, 43200, NULL, NULL);
COMMIT;

-- ----------------------------
-- Table structure for oauth_client_token
-- ----------------------------
DROP TABLE IF EXISTS `oauth_client_token`;
CREATE TABLE `oauth_client_token` (
  `token_id` varchar(256) DEFAULT NULL COMMENT 'MD5加密的access_token值',
  `token` blob COMMENT 'OAuth2AccessToken.java对象序列化后的二进制数据',
  `authentication_id` varchar(256) DEFAULT NULL COMMENT 'MD5加密过的username,client_id,scope',
  `user_name` varchar(256) DEFAULT NULL COMMENT '登录的用户名',
  `client_id` varchar(256) DEFAULT NULL COMMENT '客户端ID'
) ENGINE=InnoDB DEFAULT CHARSET=utf8 COMMENT='客户端授权令牌表';

-- ----------------------------
-- Table structure for oauth_code
-- ----------------------------
DROP TABLE IF EXISTS `oauth_code`;
CREATE TABLE `oauth_code` (
  `code` varchar(256) DEFAULT NULL COMMENT '授权码(未加密)',
  `authentication` blob COMMENT 'AuthorizationRequestHolder.java对象序列化后的二进制数据'
) ENGINE=InnoDB DEFAULT CHARSET=utf8 COMMENT='授权码表';

-- ----------------------------
-- Table structure for oauth_refresh_token
-- ----------------------------
DROP TABLE IF EXISTS `oauth_refresh_token`;
CREATE TABLE `oauth_refresh_token` (
  `token_id` varchar(256) DEFAULT NULL COMMENT 'MD5加密过的refresh_token的值',
  `token` blob COMMENT 'OAuth2RefreshToken.java对象序列化后的二进制数据',
  `authentication` blob COMMENT 'OAuth2Authentication.java对象序列化后的二进制数据'
) ENGINE=InnoDB DEFAULT CHARSET=utf8 COMMENT='更新令牌表';

-- ----------------------------
-- Table structure for qrtz_blob_triggers
-- ----------------------------
DROP TABLE IF EXISTS `qrtz_blob_triggers`;
CREATE TABLE `qrtz_blob_triggers` (
  `SCHED_NAME` varchar(120) CHARACTER SET utf8 COLLATE utf8_general_ci NOT NULL,
  `TRIGGER_NAME` varchar(200) CHARACTER SET utf8 COLLATE utf8_general_ci NOT NULL,
  `TRIGGER_GROUP` varchar(200) CHARACTER SET utf8 COLLATE utf8_general_ci NOT NULL,
  `BLOB_DATA` blob,
  PRIMARY KEY (`SCHED_NAME`,`TRIGGER_NAME`,`TRIGGER_GROUP`) USING BTREE,
  CONSTRAINT `QRTZ_BLOB_TRIGGERS_ibfk_1` FOREIGN KEY (`SCHED_NAME`, `TRIGGER_NAME`, `TRIGGER_GROUP`) REFERENCES `qrtz_triggers` (`SCHED_NAME`, `TRIGGER_NAME`, `TRIGGER_GROUP`) ON DELETE RESTRICT ON UPDATE RESTRICT
) ENGINE=InnoDB DEFAULT CHARSET=utf8 ROW_FORMAT=COMPACT;

-- ----------------------------
-- Table structure for qrtz_calendars
-- ----------------------------
DROP TABLE IF EXISTS `qrtz_calendars`;
CREATE TABLE `qrtz_calendars` (
  `SCHED_NAME` varchar(120) CHARACTER SET utf8 COLLATE utf8_general_ci NOT NULL,
  `CALENDAR_NAME` varchar(200) CHARACTER SET utf8 COLLATE utf8_general_ci NOT NULL,
  `CALENDAR` blob NOT NULL,
  PRIMARY KEY (`SCHED_NAME`,`CALENDAR_NAME`) USING BTREE
) ENGINE=InnoDB DEFAULT CHARSET=utf8 ROW_FORMAT=COMPACT;

-- ----------------------------
-- Table structure for qrtz_cron_triggers
-- ----------------------------
DROP TABLE IF EXISTS `qrtz_cron_triggers`;
CREATE TABLE `qrtz_cron_triggers` (
  `SCHED_NAME` varchar(120) CHARACTER SET utf8 COLLATE utf8_general_ci NOT NULL,
  `TRIGGER_NAME` varchar(200) CHARACTER SET utf8 COLLATE utf8_general_ci NOT NULL,
  `TRIGGER_GROUP` varchar(200) CHARACTER SET utf8 COLLATE utf8_general_ci NOT NULL,
  `CRON_EXPRESSION` varchar(200) CHARACTER SET utf8 COLLATE utf8_general_ci NOT NULL,
  `TIME_ZONE_ID` varchar(80) CHARACTER SET utf8 COLLATE utf8_general_ci DEFAULT NULL,
  PRIMARY KEY (`SCHED_NAME`,`TRIGGER_NAME`,`TRIGGER_GROUP`) USING BTREE,
  CONSTRAINT `QRTZ_CRON_TRIGGERS_ibfk_1` FOREIGN KEY (`SCHED_NAME`, `TRIGGER_NAME`, `TRIGGER_GROUP`) REFERENCES `qrtz_triggers` (`SCHED_NAME`, `TRIGGER_NAME`, `TRIGGER_GROUP`) ON DELETE RESTRICT ON UPDATE RESTRICT
) ENGINE=InnoDB DEFAULT CHARSET=utf8 ROW_FORMAT=COMPACT;

-- ----------------------------
-- Records of qrtz_cron_triggers
-- ----------------------------
BEGIN;
INSERT INTO `qrtz_cron_triggers` VALUES ('TASK_EXECUTOR', 'TEST_TRIGGER', 'TEST_GROUP', '* * * * * ? *', 'Asia/Shanghai');
COMMIT;

-- ----------------------------
-- Table structure for qrtz_fired_triggers
-- ----------------------------
DROP TABLE IF EXISTS `qrtz_fired_triggers`;
CREATE TABLE `qrtz_fired_triggers` (
  `SCHED_NAME` varchar(120) CHARACTER SET utf8 COLLATE utf8_general_ci NOT NULL,
  `ENTRY_ID` varchar(95) CHARACTER SET utf8 COLLATE utf8_general_ci NOT NULL,
  `TRIGGER_NAME` varchar(200) CHARACTER SET utf8 COLLATE utf8_general_ci NOT NULL,
  `TRIGGER_GROUP` varchar(200) CHARACTER SET utf8 COLLATE utf8_general_ci NOT NULL,
  `INSTANCE_NAME` varchar(200) CHARACTER SET utf8 COLLATE utf8_general_ci NOT NULL,
  `FIRED_TIME` bigint(13) NOT NULL,
  `SCHED_TIME` bigint(13) NOT NULL,
  `PRIORITY` int(11) NOT NULL,
  `STATE` varchar(16) CHARACTER SET utf8 COLLATE utf8_general_ci NOT NULL,
  `JOB_NAME` varchar(200) CHARACTER SET utf8 COLLATE utf8_general_ci DEFAULT NULL,
  `JOB_GROUP` varchar(200) CHARACTER SET utf8 COLLATE utf8_general_ci DEFAULT NULL,
  `IS_NONCONCURRENT` varchar(1) CHARACTER SET utf8 COLLATE utf8_general_ci DEFAULT NULL,
  `REQUESTS_RECOVERY` varchar(1) CHARACTER SET utf8 COLLATE utf8_general_ci DEFAULT NULL,
  PRIMARY KEY (`SCHED_NAME`,`ENTRY_ID`) USING BTREE
) ENGINE=InnoDB DEFAULT CHARSET=utf8 ROW_FORMAT=COMPACT;

-- ----------------------------
-- Table structure for qrtz_job_details
-- ----------------------------
DROP TABLE IF EXISTS `qrtz_job_details`;
CREATE TABLE `qrtz_job_details` (
  `SCHED_NAME` varchar(120) CHARACTER SET utf8 COLLATE utf8_general_ci NOT NULL,
  `JOB_NAME` varchar(200) CHARACTER SET utf8 COLLATE utf8_general_ci NOT NULL,
  `JOB_GROUP` varchar(200) CHARACTER SET utf8 COLLATE utf8_general_ci NOT NULL,
  `DESCRIPTION` varchar(250) CHARACTER SET utf8 COLLATE utf8_general_ci DEFAULT NULL,
  `JOB_CLASS_NAME` varchar(250) CHARACTER SET utf8 COLLATE utf8_general_ci NOT NULL,
  `IS_DURABLE` varchar(1) CHARACTER SET utf8 COLLATE utf8_general_ci NOT NULL,
  `IS_NONCONCURRENT` varchar(1) CHARACTER SET utf8 COLLATE utf8_general_ci NOT NULL,
  `IS_UPDATE_DATA` varchar(1) CHARACTER SET utf8 COLLATE utf8_general_ci NOT NULL,
  `REQUESTS_RECOVERY` varchar(1) CHARACTER SET utf8 COLLATE utf8_general_ci NOT NULL,
  `JOB_DATA` blob,
  PRIMARY KEY (`SCHED_NAME`,`JOB_NAME`,`JOB_GROUP`) USING BTREE
) ENGINE=InnoDB DEFAULT CHARSET=utf8 ROW_FORMAT=COMPACT;

-- ----------------------------
-- Records of qrtz_job_details
-- ----------------------------
BEGIN;
INSERT INTO `qrtz_job_details` VALUES ('TASK_EXECUTOR', 'TestJob', 'TEST_GROUP', 'Test Job for SpringBoot', 'com.youyd.base.job.TestJob', '0', '0', '0', '0', 0xACED0005737200156F72672E71756172747A2E4A6F62446174614D61709FB083E8BFA9B0CB020000787200266F72672E71756172747A2E7574696C732E537472696E674B65794469727479466C61674D61708208E8C3FBC55D280200015A0013616C6C6F77735472616E7369656E74446174617872001D6F72672E71756172747A2E7574696C732E4469727479466C61674D617013E62EAD28760ACE0200025A000564697274794C00036D617074000F4C6A6176612F7574696C2F4D61703B787000737200116A6176612E7574696C2E486173684D61700507DAC1C31660D103000246000A6C6F6164466163746F724900097468726573686F6C6478703F40000000000010770800000010000000007800);
COMMIT;

-- ----------------------------
-- Table structure for qrtz_locks
-- ----------------------------
DROP TABLE IF EXISTS `qrtz_locks`;
CREATE TABLE `qrtz_locks` (
  `SCHED_NAME` varchar(120) CHARACTER SET utf8 COLLATE utf8_general_ci NOT NULL,
  `LOCK_NAME` varchar(40) CHARACTER SET utf8 COLLATE utf8_general_ci NOT NULL,
  PRIMARY KEY (`SCHED_NAME`,`LOCK_NAME`) USING BTREE
) ENGINE=InnoDB DEFAULT CHARSET=utf8 ROW_FORMAT=COMPACT;

-- ----------------------------
-- Records of qrtz_locks
-- ----------------------------
BEGIN;
INSERT INTO `qrtz_locks` VALUES ('TASK_EXECUTOR', 'TRIGGER_ACCESS');
COMMIT;

-- ----------------------------
-- Table structure for qrtz_paused_trigger_grps
-- ----------------------------
DROP TABLE IF EXISTS `qrtz_paused_trigger_grps`;
CREATE TABLE `qrtz_paused_trigger_grps` (
  `SCHED_NAME` varchar(120) CHARACTER SET utf8 COLLATE utf8_general_ci NOT NULL,
  `TRIGGER_GROUP` varchar(200) CHARACTER SET utf8 COLLATE utf8_general_ci NOT NULL,
  PRIMARY KEY (`SCHED_NAME`,`TRIGGER_GROUP`) USING BTREE
) ENGINE=InnoDB DEFAULT CHARSET=utf8 ROW_FORMAT=COMPACT;

-- ----------------------------
-- Table structure for qrtz_scheduler_state
-- ----------------------------
DROP TABLE IF EXISTS `qrtz_scheduler_state`;
CREATE TABLE `qrtz_scheduler_state` (
  `SCHED_NAME` varchar(120) CHARACTER SET utf8 COLLATE utf8_general_ci NOT NULL,
  `INSTANCE_NAME` varchar(200) CHARACTER SET utf8 COLLATE utf8_general_ci NOT NULL,
  `LAST_CHECKIN_TIME` bigint(13) NOT NULL,
  `CHECKIN_INTERVAL` bigint(13) NOT NULL,
  PRIMARY KEY (`SCHED_NAME`,`INSTANCE_NAME`) USING BTREE
) ENGINE=InnoDB DEFAULT CHARSET=utf8 ROW_FORMAT=COMPACT;

-- ----------------------------
-- Table structure for qrtz_simple_triggers
-- ----------------------------
DROP TABLE IF EXISTS `qrtz_simple_triggers`;
CREATE TABLE `qrtz_simple_triggers` (
  `SCHED_NAME` varchar(120) CHARACTER SET utf8 COLLATE utf8_general_ci NOT NULL,
  `TRIGGER_NAME` varchar(200) CHARACTER SET utf8 COLLATE utf8_general_ci NOT NULL,
  `TRIGGER_GROUP` varchar(200) CHARACTER SET utf8 COLLATE utf8_general_ci NOT NULL,
  `REPEAT_COUNT` bigint(7) NOT NULL,
  `REPEAT_INTERVAL` bigint(12) NOT NULL,
  `TIMES_TRIGGERED` bigint(10) NOT NULL,
  PRIMARY KEY (`SCHED_NAME`,`TRIGGER_NAME`,`TRIGGER_GROUP`) USING BTREE,
  CONSTRAINT `QRTZ_SIMPLE_TRIGGERS_ibfk_1` FOREIGN KEY (`SCHED_NAME`, `TRIGGER_NAME`, `TRIGGER_GROUP`) REFERENCES `qrtz_triggers` (`SCHED_NAME`, `TRIGGER_NAME`, `TRIGGER_GROUP`) ON DELETE RESTRICT ON UPDATE RESTRICT
) ENGINE=InnoDB DEFAULT CHARSET=utf8 ROW_FORMAT=COMPACT;

-- ----------------------------
-- Table structure for qrtz_simprop_triggers
-- ----------------------------
DROP TABLE IF EXISTS `qrtz_simprop_triggers`;
CREATE TABLE `qrtz_simprop_triggers` (
  `SCHED_NAME` varchar(120) CHARACTER SET utf8 COLLATE utf8_general_ci NOT NULL,
  `TRIGGER_NAME` varchar(200) CHARACTER SET utf8 COLLATE utf8_general_ci NOT NULL,
  `TRIGGER_GROUP` varchar(200) CHARACTER SET utf8 COLLATE utf8_general_ci NOT NULL,
  `STR_PROP_1` varchar(512) CHARACTER SET utf8 COLLATE utf8_general_ci DEFAULT NULL,
  `STR_PROP_2` varchar(512) CHARACTER SET utf8 COLLATE utf8_general_ci DEFAULT NULL,
  `STR_PROP_3` varchar(512) CHARACTER SET utf8 COLLATE utf8_general_ci DEFAULT NULL,
  `INT_PROP_1` int(11) DEFAULT NULL,
  `INT_PROP_2` int(11) DEFAULT NULL,
  `LONG_PROP_1` bigint(20) DEFAULT NULL,
  `LONG_PROP_2` bigint(20) DEFAULT NULL,
  `DEC_PROP_1` decimal(13,4) DEFAULT NULL,
  `DEC_PROP_2` decimal(13,4) DEFAULT NULL,
  `BOOL_PROP_1` varchar(1) CHARACTER SET utf8 COLLATE utf8_general_ci DEFAULT NULL,
  `BOOL_PROP_2` varchar(1) CHARACTER SET utf8 COLLATE utf8_general_ci DEFAULT NULL,
  PRIMARY KEY (`SCHED_NAME`,`TRIGGER_NAME`,`TRIGGER_GROUP`) USING BTREE,
  CONSTRAINT `QRTZ_SIMPROP_TRIGGERS_ibfk_1` FOREIGN KEY (`SCHED_NAME`, `TRIGGER_NAME`, `TRIGGER_GROUP`) REFERENCES `qrtz_triggers` (`SCHED_NAME`, `TRIGGER_NAME`, `TRIGGER_GROUP`) ON DELETE RESTRICT ON UPDATE RESTRICT
) ENGINE=InnoDB DEFAULT CHARSET=utf8 ROW_FORMAT=COMPACT;

-- ----------------------------
-- Table structure for qrtz_triggers
-- ----------------------------
DROP TABLE IF EXISTS `qrtz_triggers`;
CREATE TABLE `qrtz_triggers` (
  `SCHED_NAME` varchar(120) CHARACTER SET utf8 COLLATE utf8_general_ci NOT NULL,
  `TRIGGER_NAME` varchar(200) CHARACTER SET utf8 COLLATE utf8_general_ci NOT NULL,
  `TRIGGER_GROUP` varchar(200) CHARACTER SET utf8 COLLATE utf8_general_ci NOT NULL,
  `JOB_NAME` varchar(200) CHARACTER SET utf8 COLLATE utf8_general_ci NOT NULL,
  `JOB_GROUP` varchar(200) CHARACTER SET utf8 COLLATE utf8_general_ci NOT NULL,
  `DESCRIPTION` varchar(250) CHARACTER SET utf8 COLLATE utf8_general_ci DEFAULT NULL,
  `NEXT_FIRE_TIME` bigint(13) DEFAULT NULL,
  `PREV_FIRE_TIME` bigint(13) DEFAULT NULL,
  `PRIORITY` int(11) DEFAULT NULL,
  `TRIGGER_STATE` varchar(16) CHARACTER SET utf8 COLLATE utf8_general_ci NOT NULL,
  `TRIGGER_TYPE` varchar(8) CHARACTER SET utf8 COLLATE utf8_general_ci NOT NULL,
  `START_TIME` bigint(13) NOT NULL,
  `END_TIME` bigint(13) DEFAULT NULL,
  `CALENDAR_NAME` varchar(200) CHARACTER SET utf8 COLLATE utf8_general_ci DEFAULT NULL,
  `MISFIRE_INSTR` smallint(2) DEFAULT NULL,
  `JOB_DATA` blob,
  PRIMARY KEY (`SCHED_NAME`,`TRIGGER_NAME`,`TRIGGER_GROUP`) USING BTREE,
  KEY `SCHED_NAME` (`SCHED_NAME`,`JOB_NAME`,`JOB_GROUP`) USING BTREE,
  CONSTRAINT `QRTZ_TRIGGERS_ibfk_1` FOREIGN KEY (`SCHED_NAME`, `JOB_NAME`, `JOB_GROUP`) REFERENCES `qrtz_job_details` (`SCHED_NAME`, `JOB_NAME`, `JOB_GROUP`) ON DELETE RESTRICT ON UPDATE RESTRICT
) ENGINE=InnoDB DEFAULT CHARSET=utf8 ROW_FORMAT=COMPACT;

-- ----------------------------
-- Records of qrtz_triggers
-- ----------------------------
BEGIN;
INSERT INTO `qrtz_triggers` VALUES ('TASK_EXECUTOR', 'TEST_TRIGGER', 'TEST_GROUP', 'TestJob', 'TEST_GROUP', 'Test Job for SpringBoot', 1557030918000, -1, 5, 'PAUSED', 'CRON', 1557030918000, 0, NULL, 2, '');
COMMIT;

-- ----------------------------
-- Table structure for ts_tweets
-- ----------------------------
DROP TABLE IF EXISTS `ts_tweets`;
CREATE TABLE `ts_tweets` (
  `id` varchar(20) CHARACTER SET utf8 COLLATE utf8_general_ci NOT NULL COMMENT '吐槽表ID',
  `title` varchar(500) DEFAULT NULL COMMENT '标题',
  `content` varchar(1000) CHARACTER SET utf8 COLLATE utf8_general_ci DEFAULT NULL COMMENT '吐槽内容',
  `user_id` int(20) NOT NULL COMMENT '发布人ID',
  `nick_name` varchar(60) CHARACTER SET utf8 COLLATE utf8_general_ci DEFAULT NULL COMMENT '发布人昵称',
  `visits_count` bigint(20) DEFAULT NULL COMMENT '浏览量',
  `thumb_up_count` bigint(20) DEFAULT NULL COMMENT '点赞数',
  `share_count` bigint(20) DEFAULT NULL COMMENT '分享数',
  `is_visible` int(1) DEFAULT NULL COMMENT '是否可见',
  `update_at` bigint(20) DEFAULT NULL COMMENT '更新时间',
  `create_at` bigint(20) DEFAULT NULL COMMENT '发布日期(创建时间)',
  PRIMARY KEY (`id`) USING BTREE
) ENGINE=InnoDB DEFAULT CHARSET=utf8 ROW_FORMAT=COMPACT COMMENT='交流版块/吐槽，微博';

-- ----------------------------
-- Records of ts_tweets
-- ----------------------------
BEGIN;
INSERT INTO `ts_tweets` VALUES ('1', '标题', '1', 1, '1', 1, 1, 1, 1, 20190420134837, 20190420134837);
COMMIT;

-- ----------------------------
-- Table structure for ts_tweets_comment
-- ----------------------------
DROP TABLE IF EXISTS `ts_tweets_comment`;
CREATE TABLE `ts_tweets_comment` (
  `id` bigint(20) NOT NULL COMMENT '吐槽评论ID',
  `content` varchar(2000) CHARACTER SET utf8 COLLATE utf8_general_ci DEFAULT NULL COMMENT '评论内容',
  `user_id` bigint(20) NOT NULL COMMENT '评论人ID',
  `nick_name` varchar(60) CHARACTER SET utf8 COLLATE utf8_general_ci DEFAULT NULL COMMENT '评论人昵称',
  `thumb_up_count` bigint(255) DEFAULT NULL COMMENT '点赞数',
  `is_visible` int(1) DEFAULT NULL COMMENT '是否可见',
  `update_at` bigint(20) DEFAULT NULL COMMENT '更新时间',
  `tweets_id` bigint(20) NOT NULL COMMENT '吐槽表id',
  `parent_id` bigint(20) DEFAULT NULL COMMENT '父级评论',
  `create_at` bigint(20) DEFAULT NULL COMMENT '发布日期(创建时间)',
  PRIMARY KEY (`id`) USING BTREE
) ENGINE=InnoDB DEFAULT CHARSET=utf8 ROW_FORMAT=COMPACT COMMENT='交流版块/吐槽-评论';

-- ----------------------------
-- Records of ts_tweets_comment
-- ----------------------------
BEGIN;
INSERT INTO `ts_tweets_comment` VALUES (1, '1', 1, '1', 1, 1, 20190420134837, 1, 1, 20190420134837);
COMMIT;

-- ----------------------------
-- Table structure for us_menu
-- ----------------------------
DROP TABLE IF EXISTS `us_menu`;
CREATE TABLE `us_menu` (
  `id` varchar(20) CHARACTER SET utf8 COLLATE utf8_general_ci NOT NULL COMMENT '菜单表主键',
  `name` varchar(60) CHARACTER SET utf8 COLLATE utf8_general_ci DEFAULT NULL COMMENT '名称',
  `parent_id` varchar(20) CHARACTER SET utf8 COLLATE utf8_general_ci DEFAULT NULL COMMENT '父资源id',
  `component` varchar(90) CHARACTER SET utf8 COLLATE utf8_general_ci DEFAULT NULL COMMENT 'vue组件名称/名称必须真实存在',
  `icon` varchar(30) CHARACTER SET utf8 COLLATE utf8_general_ci DEFAULT NULL COMMENT '图标',
  `path` varchar(255) CHARACTER SET utf8 COLLATE utf8_general_ci DEFAULT NULL COMMENT '路径',
  `sort` decimal(30,1) DEFAULT NULL COMMENT '排序',
  `description` varchar(500) CHARACTER SET utf8 COLLATE utf8_general_ci DEFAULT NULL COMMENT '描述',
  `create_at` bigint(20) DEFAULT NULL COMMENT '创建时间',
  `update_at` bigint(20) DEFAULT NULL COMMENT '更新时间',
  `is_hidden` int(1) DEFAULT '0' COMMENT '是否隐藏',
  PRIMARY KEY (`id`) USING BTREE
) ENGINE=InnoDB DEFAULT CHARSET=utf8 ROW_FORMAT=COMPACT COMMENT='用户板块/菜单';

-- ----------------------------
-- Records of us_menu
-- ----------------------------
BEGIN;
INSERT INTO `us_menu` VALUES ('0', '平台', '', '/', 'dashboard-line', 'asd', 0.0, '平台', 1555773930915, 1555773930915, 0);
INSERT INTO `us_menu` VALUES ('1119533521851559939', '系统管理', '0', 'Layout', 'settings--line', '/system', 6.0, '系统管理', 1555773930915, 1555773930915, 0);
INSERT INTO `us_menu` VALUES ('1136301687252221954', '用户管理', '1119533521851559939', 'system/user/user', 'peoples', 'user', 6.4, '用户管理', 1559750408205, 1559750408205, 0);
INSERT INTO `us_menu` VALUES ('1136301874045550593', '角色管理', '1119533521851559939', 'system/user/role', 'jiaoseguanli', 'role', 6.3, '角色管理', 1559750452897, 1559750452897, 0);
INSERT INTO `us_menu` VALUES ('1136302015179685890', '菜单管理', '1119533521851559939', 'system/user/menu', 'quanxianshezhi', 'menu', 6.2, '菜单管理', 1559750486546, 1559750486546, 0);
INSERT INTO `us_menu` VALUES ('1136504053649920002', '字典管理', '1119533521851559939', 'system/dict/index', 'dictionary', 'dict', 6.1, '字典管理', 1559798655967, 1559798655967, 0);
INSERT INTO `us_menu` VALUES ('1136506938328633345', '树形字典', '1136504053649920002', 'system/dict/dict', '', 'dict', 6.3, '树形字典', 1559799344032, 1559799344032, 0);
INSERT INTO `us_menu` VALUES ('1136507035426770945', '类型管理', '1136504053649920002', 'system/dict/type', '', 'type', 6.2, '类型管理', 1559799367182, 1559799367182, 0);
INSERT INTO `us_menu` VALUES ('1136517295097008129', '文章', '0', 'Layout', 'list', '/article', 1.0, '文章', 1559801813279, 1559801813279, 0);
INSERT INTO `us_menu` VALUES ('1136517500710178817', '创建文章', '1136517295097008129', 'article/create', 'edit', 'create', 1.1, '创建文章', 1559801862300, 1559801862300, 0);
INSERT INTO `us_menu` VALUES ('1136517638161715201', '文章分类', '1136517295097008129', 'article/category', 'table', 'category', 1.2, 'category', 1559801895071, 1559801895071, 0);
INSERT INTO `us_menu` VALUES ('1136520792991428609', '编辑文章', '1136517295097008129', 'article/edit', 'edit', 'edit/:id', 1.3, '编辑文章', 1559802646945, 1559802646945, 1);
INSERT INTO `us_menu` VALUES ('1136521081395965954', '文章列表', '1136517295097008129', 'article/list', 'list', 'list', 1.4, 'articleList', 1559802716002, 1559802716002, 0);
INSERT INTO `us_menu` VALUES ('1136521380156239873', '日志', '0', 'Layout', 'logs', '/log', 2.0, '日志', 1559802787231, 1559802787231, 0);
INSERT INTO `us_menu` VALUES ('1136521574579007490', '登录日志', '1136521380156239873', 'system/log/loginLog', 'denglurizhi-', 'LoginLog', 2.1, '登录日志', 1559802833586, 1559802833586, 0);
INSERT INTO `us_menu` VALUES ('1136521751205343233', '操作日志', '1136521380156239873', 'system/log/operationLog', 'xitongcaozuorizhi', 'operationLog', 2.2, '操作日志', 1559802875698, 1559802875698, 0);
INSERT INTO `us_menu` VALUES ('1136522889510088705', '任务调度', '0', 'Layout', 'wangluotiaodushitu', '/task', 3.0, '任务调度', 1559803147091, 1559803147091, 0);
INSERT INTO `us_menu` VALUES ('1136523115637600257', '探点管理', '0', 'Layout', 'ic-tweets', '/tweets', 4.0, '探点管理', 1559803201002, 1559803201002, 0);
INSERT INTO `us_menu` VALUES ('1136523363437080578', '爬虫', '0', 'Layout', 'shuchongicon', '/reptile', 5.0, '爬虫', 1559803260083, 1559803260083, 0);
INSERT INTO `us_menu` VALUES ('1136524570893316098', '定时任务', '1136522889510088705', 'task/timerTask', 'time-line', 'timerTask', 3.2, '定时任务', 1559803547963, 1559803547963, 0);
INSERT INTO `us_menu` VALUES ('1136524766444351490', '调度日志', '1136522889510088705', 'task/taskLog', 'documentation', 'taskLog', 3.1, '调度日志', 1559803594586, 1559803594586, 0);
INSERT INTO `us_menu` VALUES ('1136524921159643138', '探点', '1136523115637600257', 'tweets/tweet', 'wechat', 'list', 4.1, '探点', 1559803631473, 1559803631473, 0);
INSERT INTO `us_menu` VALUES ('1136525049471791105', '爬虫管理', '1136523363437080578', 'task/timerTask', 'shuchongicon', 'list', 5.1, '爬虫', 1559803662066, 1559803662066, 0);
COMMIT;

-- ----------------------------
-- Table structure for us_role
-- ----------------------------
DROP TABLE IF EXISTS `us_role`;
CREATE TABLE `us_role` (
  `id` varchar(20) CHARACTER SET utf8 COLLATE utf8_general_ci NOT NULL COMMENT 'id',
  `role_name` varchar(50) CHARACTER SET utf8 COLLATE utf8_general_ci NOT NULL COMMENT '角色名称',
  `role_desc` varchar(500) CHARACTER SET utf8 COLLATE utf8_general_ci DEFAULT NULL COMMENT '角色描述',
  `role_code` varchar(255) CHARACTER SET utf8 COLLATE utf8_general_ci NOT NULL COMMENT '角色编码',
  `create_at` bigint(20) DEFAULT NULL COMMENT '创建时间',
  `update_at` bigint(20) DEFAULT NULL COMMENT '更新时间',
  PRIMARY KEY (`id`) USING BTREE
) ENGINE=InnoDB DEFAULT CHARSET=utf8 ROW_FORMAT=COMPACT COMMENT='用户板块/角色';

-- ----------------------------
-- Records of us_role
-- ----------------------------
BEGIN;
INSERT INTO `us_role` VALUES ('1119477949450088449', '超级管理员', '超级管理员', '1', 20190420134837, 20190420134837);
INSERT INTO `us_role` VALUES ('1119477963140296706', '访客', '访客', '2', 20190420134840, 20190420134840);
COMMIT;

-- ----------------------------
-- Table structure for us_role_menu
-- ----------------------------
DROP TABLE IF EXISTS `us_role_menu`;
CREATE TABLE `us_role_menu` (
  `id` varchar(20) CHARACTER SET utf8 COLLATE utf8_general_ci NOT NULL COMMENT '角色菜单表',
  `us_role_id` varchar(20) CHARACTER SET utf8 COLLATE utf8_general_ci NOT NULL COMMENT '角色表_id',
  `us_menu_id` varchar(20) CHARACTER SET utf8 COLLATE utf8_general_ci NOT NULL COMMENT '菜单表_id',
  PRIMARY KEY (`id`) USING BTREE
) ENGINE=InnoDB DEFAULT CHARSET=utf8 ROW_FORMAT=COMPACT COMMENT='用户板块/角色-菜单表';

-- ----------------------------
-- Records of us_role_menu
-- ----------------------------
BEGIN;
INSERT INTO `us_role_menu` VALUES ('1157976157002534912', '1119477949450088449', '1136517295097008129');
INSERT INTO `us_role_menu` VALUES ('1157976157002534913', '1119477949450088449', '1136517500710178817');
INSERT INTO `us_role_menu` VALUES ('1157976157002534914', '1119477949450088449', '1136517638161715201');
INSERT INTO `us_role_menu` VALUES ('1157976157002534915', '1119477949450088449', '1136520792991428609');
INSERT INTO `us_role_menu` VALUES ('1157976157002534916', '1119477949450088449', '1136521081395965954');
INSERT INTO `us_role_menu` VALUES ('1157976157002534917', '1119477949450088449', '1136521380156239873');
INSERT INTO `us_role_menu` VALUES ('1157976157002534918', '1119477949450088449', '1136521574579007490');
INSERT INTO `us_role_menu` VALUES ('1157976157002534919', '1119477949450088449', '1136521751205343233');
INSERT INTO `us_role_menu` VALUES ('1157976157002534920', '1119477949450088449', '1136522889510088705');
INSERT INTO `us_role_menu` VALUES ('1157976157002534921', '1119477949450088449', '1136524766444351490');
INSERT INTO `us_role_menu` VALUES ('1157976157002534922', '1119477949450088449', '1136524570893316098');
INSERT INTO `us_role_menu` VALUES ('1157976157002534923', '1119477949450088449', '1136523115637600257');
INSERT INTO `us_role_menu` VALUES ('1157976157002534924', '1119477949450088449', '1136524921159643138');
INSERT INTO `us_role_menu` VALUES ('1157976157002534925', '1119477949450088449', '1136523363437080578');
INSERT INTO `us_role_menu` VALUES ('1157976157002534926', '1119477949450088449', '1136525049471791105');
INSERT INTO `us_role_menu` VALUES ('1157976157002534927', '1119477949450088449', '1119533521851559939');
INSERT INTO `us_role_menu` VALUES ('1157976157002534928', '1119477949450088449', '1136504053649920002');
INSERT INTO `us_role_menu` VALUES ('1157976157002534929', '1119477949450088449', '1136507035426770945');
INSERT INTO `us_role_menu` VALUES ('1157976157002534930', '1119477949450088449', '1136506938328633345');
INSERT INTO `us_role_menu` VALUES ('1157976157002534931', '1119477949450088449', '1136302015179685890');
INSERT INTO `us_role_menu` VALUES ('1157976157002534932', '1119477949450088449', '1136301874045550593');
INSERT INTO `us_role_menu` VALUES ('1157976157002534933', '1119477949450088449', '1136301687252221954');
INSERT INTO `us_role_menu` VALUES ('1157976204901486592', '1119477963140296706', '1136517295097008129');
INSERT INTO `us_role_menu` VALUES ('1157976204901486593', '1119477963140296706', '1136517500710178817');
INSERT INTO `us_role_menu` VALUES ('1157976204901486594', '1119477963140296706', '1136517638161715201');
INSERT INTO `us_role_menu` VALUES ('1157976204901486595', '1119477963140296706', '1136520792991428609');
INSERT INTO `us_role_menu` VALUES ('1157976204901486596', '1119477963140296706', '1136521081395965954');
COMMIT;

-- ----------------------------
-- Table structure for us_user
-- ----------------------------
DROP TABLE IF EXISTS `us_user`;
CREATE TABLE `us_user` (
  `id` varchar(20) CHARACTER SET utf8 COLLATE utf8_general_ci NOT NULL COMMENT 'ID',
  `account` varchar(60) CHARACTER SET utf8 COLLATE utf8_general_ci NOT NULL COMMENT '账号',
  `nick_name` varchar(50) CHARACTER SET utf8 COLLATE utf8_general_ci DEFAULT NULL COMMENT '昵称',
  `user_name` varchar(255) CHARACTER SET utf8 COLLATE utf8_general_ci NOT NULL COMMENT '用户名',
  `password` varchar(100) CHARACTER SET utf8 COLLATE utf8_general_ci NOT NULL COMMENT '密码',
  `sex` varchar(2) CHARACTER SET utf8 COLLATE utf8_general_ci NOT NULL COMMENT '性别（1：男，2：女）',
  `birthday` bigint(20) DEFAULT NULL COMMENT '出生年月日',
  `avatar` varchar(1000) CHARACTER SET utf8 COLLATE utf8_general_ci DEFAULT NULL COMMENT '头像',
  `email` varchar(100) CHARACTER SET utf8 COLLATE utf8_general_ci DEFAULT NULL COMMENT 'E-Mail',
  `online_time` bigint(20) DEFAULT NULL COMMENT '在线时长（分钟）',
  `interest` varchar(100) CHARACTER SET utf8 COLLATE utf8_general_ci DEFAULT NULL COMMENT '兴趣',
  `personality` varchar(100) CHARACTER SET utf8 COLLATE utf8_general_ci DEFAULT NULL COMMENT '个性',
  `fans_count` int(20) DEFAULT NULL COMMENT '粉丝数',
  `follow_count` int(20) DEFAULT NULL COMMENT '关注数',
  `phone` varchar(20) CHARACTER SET utf8 COLLATE utf8_general_ci DEFAULT NULL COMMENT '手机',
  `contact_address` varchar(200) CHARACTER SET utf8 COLLATE utf8_general_ci DEFAULT NULL COMMENT '联系地址',
  `registered_type` varchar(255) CHARACTER SET utf8 COLLATE utf8_general_ci DEFAULT NULL COMMENT '注册类型/方式',
  `status` int(1) DEFAULT NULL COMMENT '是否锁定(0:未锁定,1已锁定)',
  `create_at` bigint(20) DEFAULT NULL COMMENT '注册日期',
  `update_at` bigint(20) DEFAULT NULL COMMENT '修改日期',
  `last_date` bigint(20) DEFAULT NULL COMMENT '最后登陆日期',
  PRIMARY KEY (`id`) USING BTREE
) ENGINE=InnoDB DEFAULT CHARSET=utf8 ROW_FORMAT=COMPACT COMMENT='用户板块/用户';

-- ----------------------------
-- Records of us_user
-- ----------------------------
BEGIN;
INSERT INTO `us_user` VALUES ('1135559244600856578', 'ceshi', '测试员', 'ceshi', '$2a$10$fJzQj58QQrNFCbE7xGVULO/Mg6ziERy3MyoIUVdeOwetSO1juQORC', '1', 20181128125747, '头像是dd', '1831682775@qq.com', 27, '150', NULL, 1, 0, '15866534150', 'dwsfdsf', '', 1, 1559573395828, 1559573395828, 20190420134837);
INSERT INTO `us_user` VALUES ('1353259235236756534', 'admin', '管理员', 'ZH001', '$2a$10$EPTw4OF4EHoHtWA.UjoDS.hZsjaOylEF.bBxf2YHST7VjpWr6.kd.', '1', 20181128125747, 'http://vue-admin-guoguang.oss-cn-shanghai.aliyuncs.com/006oOWahly1fqgvaba0p3g304w04s4of.gif?Expires=264536990798&OSSAccessKeyId=LTAIWAkS6XmKzy7s&Signature=WHLUCztei7vtehcFaLUXxKsbPU8%3D', '121@qq.com', 27, '150', NULL, 1, 0, '15866534150', '山东省潍坊市昌邑市', '', 1, 1559573395828, 1559573395828, 1559573395828);
COMMIT;

-- ----------------------------
-- Table structure for us_user_role
-- ----------------------------
DROP TABLE IF EXISTS `us_user_role`;
CREATE TABLE `us_user_role` (
  `id` varchar(20) CHARACTER SET utf8 COLLATE utf8_general_ci NOT NULL COMMENT '用户/角色中间表',
  `us_user_id` varchar(20) CHARACTER SET utf8 COLLATE utf8_general_ci NOT NULL COMMENT '用户表id',
  `us_role_id` varchar(20) CHARACTER SET utf8 COLLATE utf8_general_ci NOT NULL COMMENT '角色表id',
  PRIMARY KEY (`id`) USING BTREE
) ENGINE=InnoDB DEFAULT CHARSET=utf8 ROW_FORMAT=COMPACT COMMENT='用户板块/用户-角色关联表';

-- ----------------------------
-- Records of us_user_role
-- ----------------------------
BEGIN;
INSERT INTO `us_user_role` VALUES ('1157672934322008066', '1135559244600856578', '1119477963140296706');
INSERT INTO `us_user_role` VALUES ('1157672934854684674', '1135559244600856578', '1119477949450088449');
INSERT INTO `us_user_role` VALUES ('1157677849698168833', '1353259235236756534', '1119477949450088449');
COMMIT;

SET FOREIGN_KEY_CHECKS = 1;
